Code,GeoFips,GeoName,TimePeriod,CL_UNIT,UNIT_MULT,DataValue
SQGDP9-1,00000,United States,2005Q1,Millions of chained 2017 dollars,6,15844727.0
SQGDP9-1,00000,United States,2005Q2,Millions of chained 2017 dollars,6,15922782.0
SQGDP9-1,00000,United States,2005Q3,Millions of chained 2017 dollars,6,16047587.0
SQGDP9-1,00000,United States,2005Q4,Millions of chained 2017 dollars,6,16136734.0
SQGDP9-1,00000,United States,2006Q1,Millions of chained 2017 dollars,6,16353835.0
SQGDP9-1,00000,United States,2006Q2,Millions of chained 2017 dollars,6,16396151.0
SQGDP9-1,00000,United States,2006Q3,Millions of chained 2017 dollars,6,16420738.0
SQGDP9-1,00000,United States,2006Q4,Millions of chained 2017 dollars,6,16561866.0
SQGDP9-1,00000,United States,2007Q1,Millions of chained 2017 dollars,6,16611690.0
SQGDP9-1,00000,United States,2007Q2,Millions of chained 2017 dollars,6,16713314.0
SQGDP9-1,00000,United States,2007Q3,Millions of chained 2017 dollars,6,16809587.0
SQGDP9-1,00000,United States,2007Q4,Millions of chained 2017 dollars,6,16915191.0
SQGDP9-1,00000,United States,2008Q1,Millions of chained 2017 dollars,6,16843003.0
SQGDP9-1,00000,United States,2008Q2,Millions of chained 2017 dollars,6,16943291.0
SQGDP9-1,00000,United States,2008Q3,Millions of chained 2017 dollars,6,16854295.0
SQGDP9-1,00000,United States,2008Q4,Millions of chained 2017 dollars,6,16485350.0
SQGDP9-1,00000,United States,2009Q1,Millions of chained 2017 dollars,6,16298262.0
SQGDP9-1,00000,United States,2009Q2,Millions of chained 2017 dollars,6,16269145.0
SQGDP9-1,00000,United States,2009Q3,Millions of chained 2017 dollars,6,16326281.0
SQGDP9-1,00000,United States,2009Q4,Millions of chained 2017 dollars,6,16502754.0
SQGDP9-1,00000,United States,2010Q1,Millions of chained 2017 dollars,6,16582710.0
SQGDP9-1,00000,United States,2010Q2,Millions of chained 2017 dollars,6,16743162.0
SQGDP9-1,00000,United States,2010Q3,Millions of chained 2017 dollars,6,16872266.0
SQGDP9-1,00000,United States,2010Q4,Millions of chained 2017 dollars,6,16960864.0
SQGDP9-1,00000,United States,2011Q1,Millions of chained 2017 dollars,6,16920632.0
SQGDP9-1,00000,United States,2011Q2,Millions of chained 2017 dollars,6,17035114.0
SQGDP9-1,00000,United States,2011Q3,Millions of chained 2017 dollars,6,17031313.0
SQGDP9-1,00000,United States,2011Q4,Millions of chained 2017 dollars,6,17222583.0
SQGDP9-1,00000,United States,2012Q1,Millions of chained 2017 dollars,6,17367010.0
SQGDP9-1,00000,United States,2012Q2,Millions of chained 2017 dollars,6,17444525.0
SQGDP9-1,00000,United States,2012Q3,Millions of chained 2017 dollars,6,17469650.0
SQGDP9-1,00000,United States,2012Q4,Millions of chained 2017 dollars,6,17489852.0
SQGDP9-1,00000,United States,2013Q1,Millions of chained 2017 dollars,6,17662400.0
SQGDP9-1,00000,United States,2013Q2,Millions of chained 2017 dollars,6,17709671.0
SQGDP9-1,00000,United States,2013Q3,Millions of chained 2017 dollars,6,17860450.0
SQGDP9-1,00000,United States,2013Q4,Millions of chained 2017 dollars,6,18016147.0
SQGDP9-1,00000,United States,2014Q1,Millions of chained 2017 dollars,6,17953974.0
SQGDP9-1,00000,United States,2014Q2,Millions of chained 2017 dollars,6,18185911.0
SQGDP9-1,00000,United States,2014Q3,Millions of chained 2017 dollars,6,18406941.0
SQGDP9-1,00000,United States,2014Q4,Millions of chained 2017 dollars,6,18500031.0
SQGDP9-1,00000,United States,2015Q1,Millions of chained 2017 dollars,6,18666621.0
SQGDP9-1,00000,United States,2015Q2,Millions of chained 2017 dollars,6,18782243.0
SQGDP9-1,00000,United States,2015Q3,Millions of chained 2017 dollars,6,18857418.0
SQGDP9-1,00000,United States,2015Q4,Millions of chained 2017 dollars,6,18892206.0
SQGDP9-1,00000,United States,2016Q1,Millions of chained 2017 dollars,6,19001690.0
SQGDP9-1,00000,United States,2016Q2,Millions of chained 2017 dollars,6,19062709.0
SQGDP9-1,00000,United States,2016Q3,Millions of chained 2017 dollars,6,19197938.0
SQGDP9-1,00000,United States,2016Q4,Millions of chained 2017 dollars,6,19304352.0
SQGDP9-1,00000,United States,2017Q1,Millions of chained 2017 dollars,6,19398343.0
SQGDP9-1,00000,United States,2017Q2,Millions of chained 2017 dollars,6,19506949.0
SQGDP9-1,00000,United States,2017Q3,Millions of chained 2017 dollars,6,19660766.0
SQGDP9-1,00000,United States,2017Q4,Millions of chained 2017 dollars,6,19882352.0
SQGDP9-1,00000,United States,2018Q1,Millions of chained 2017 dollars,6,20044077.0
SQGDP9-1,00000,United States,2018Q2,Millions of chained 2017 dollars,6,20150476.0
SQGDP9-1,00000,United States,2018Q3,Millions of chained 2017 dollars,6,20276154.0
SQGDP9-1,00000,United States,2018Q4,Millions of chained 2017 dollars,6,20304874.0
SQGDP9-1,00000,United States,2019Q1,Millions of chained 2017 dollars,6,20431641.0
SQGDP9-1,00000,United States,2019Q2,Millions of chained 2017 dollars,6,20602275.0
SQGDP9-1,00000,United States,2019Q3,Millions of chained 2017 dollars,6,20843322.0
SQGDP9-1,00000,United States,2019Q4,Millions of chained 2017 dollars,6,20985448.0
SQGDP9-1,00000,United States,2020Q1,Millions of chained 2017 dollars,6,20709212.0
SQGDP9-1,00000,United States,2020Q2,Millions of chained 2017 dollars,6,19077992.0
SQGDP9-1,00000,United States,2020Q3,Millions of chained 2017 dollars,6,20558879.0
SQGDP9-1,00000,United States,2020Q4,Millions of chained 2017 dollars,6,20791917.0
SQGDP9-1,00000,United States,2021Q1,Millions of chained 2017 dollars,6,21082134.0
SQGDP9-1,00000,United States,2021Q2,Millions of chained 2017 dollars,6,21440929.0
SQGDP9-1,00000,United States,2021Q3,Millions of chained 2017 dollars,6,21617828.0
SQGDP9-1,00000,United States,2021Q4,Millions of chained 2017 dollars,6,21988737.0
SQGDP9-1,00000,United States,2022Q1,Millions of chained 2017 dollars,6,21932710.0
SQGDP9-1,00000,United States,2022Q2,Millions of chained 2017 dollars,6,21967045.0
SQGDP9-1,00000,United States,2022Q3,Millions of chained 2017 dollars,6,22125625.0
SQGDP9-1,00000,United States,2022Q4,Millions of chained 2017 dollars,6,22278345.0
SQGDP9-1,00000,United States,2023Q1,Millions of chained 2017 dollars,6,22439607.0
SQGDP9-1,00000,United States,2023Q2,Millions of chained 2017 dollars,6,22580499.0
SQGDP9-1,00000,United States,2023Q3,Millions of chained 2017 dollars,6,22840989.0
SQGDP9-1,00000,United States,2023Q4,Millions of chained 2017 dollars,6,23033780.0
SQGDP9-1,00000,United States,2024Q1,Millions of chained 2017 dollars,6,23082119.0
SQGDP9-1,00000,United States,2024Q2,Millions of chained 2017 dollars,6,23286508.0
SQGDP9-1,00000,United States,2024Q3,Millions of chained 2017 dollars,6,23478570.0
SQGDP9-1,00000,United States,2024Q4,Millions of chained 2017 dollars,6,23586542.0
SQGDP9-1,00000,United States,2025Q1,Millions of chained 2017 dollars,6,23548210.0
SQGDP9-1,00000,United States,2025Q2,Millions of chained 2017 dollars,6,23770976.0
SQGDP9-1,00000,United States,2025Q3,Millions of chained 2017 dollars,6,24026834.0
SQGDP9-1,00000,United States,2025Q4,Millions of chained 2017 dollars,6,24055749.0
SQGDP9-1,00000,United States,2026Q1,Millions of chained 2017 dollars,6,24180419.0
SQGDP9-1,01000,Alabama,2005Q1,Millions of chained 2017 dollars,6,195673.0
SQGDP9-1,01000,Alabama,2005Q2,Millions of chained 2017 dollars,6,197495.8
SQGDP9-1,01000,Alabama,2005Q3,Millions of chained 2017 dollars,6,196798.5
SQGDP9-1,01000,Alabama,2005Q4,Millions of chained 2017 dollars,6,199018.6
SQGDP9-1,01000,Alabama,2006Q1,Millions of chained 2017 dollars,6,199142.9
SQGDP9-1,01000,Alabama,2006Q2,Millions of chained 2017 dollars,6,200031.3
SQGDP9-1,01000,Alabama,2006Q3,Millions of chained 2017 dollars,6,199875.0
SQGDP9-1,01000,Alabama,2006Q4,Millions of chained 2017 dollars,6,200646.3
SQGDP9-1,01000,Alabama,2007Q1,Millions of chained 2017 dollars,6,199991.2
SQGDP9-1,01000,Alabama,2007Q2,Millions of chained 2017 dollars,6,201622.9
SQGDP9-1,01000,Alabama,2007Q3,Millions of chained 2017 dollars,6,203021.2
SQGDP9-1,01000,Alabama,2007Q4,Millions of chained 2017 dollars,6,203466.6
SQGDP9-1,01000,Alabama,2008Q1,Millions of chained 2017 dollars,6,202569.5
SQGDP9-1,01000,Alabama,2008Q2,Millions of chained 2017 dollars,6,203521.2
SQGDP9-1,01000,Alabama,2008Q3,Millions of chained 2017 dollars,6,201866.4
SQGDP9-1,01000,Alabama,2008Q4,Millions of chained 2017 dollars,6,195912.7
SQGDP9-1,01000,Alabama,2009Q1,Millions of chained 2017 dollars,6,193411.8
SQGDP9-1,01000,Alabama,2009Q2,Millions of chained 2017 dollars,6,193677.0
SQGDP9-1,01000,Alabama,2009Q3,Millions of chained 2017 dollars,6,194399.8
SQGDP9-1,01000,Alabama,2009Q4,Millions of chained 2017 dollars,6,195279.6
SQGDP9-1,01000,Alabama,2010Q1,Millions of chained 2017 dollars,6,195899.5
SQGDP9-1,01000,Alabama,2010Q2,Millions of chained 2017 dollars,6,198443.9
SQGDP9-1,01000,Alabama,2010Q3,Millions of chained 2017 dollars,6,202056.5
SQGDP9-1,01000,Alabama,2010Q4,Millions of chained 2017 dollars,6,201420.0
SQGDP9-1,01000,Alabama,2011Q1,Millions of chained 2017 dollars,6,199677.1
SQGDP9-1,01000,Alabama,2011Q2,Millions of chained 2017 dollars,6,200443.7
SQGDP9-1,01000,Alabama,2011Q3,Millions of chained 2017 dollars,6,201353.8
SQGDP9-1,01000,Alabama,2011Q4,Millions of chained 2017 dollars,6,204016.8
SQGDP9-1,01000,Alabama,2012Q1,Millions of chained 2017 dollars,6,204204.3
SQGDP9-1,01000,Alabama,2012Q2,Millions of chained 2017 dollars,6,205005.6
SQGDP9-1,01000,Alabama,2012Q3,Millions of chained 2017 dollars,6,202857.9
SQGDP9-1,01000,Alabama,2012Q4,Millions of chained 2017 dollars,6,202634.3
SQGDP9-1,01000,Alabama,2013Q1,Millions of chained 2017 dollars,6,207096.6
SQGDP9-1,01000,Alabama,2013Q2,Millions of chained 2017 dollars,6,206626.8
SQGDP9-1,01000,Alabama,2013Q3,Millions of chained 2017 dollars,6,207985.4
SQGDP9-1,01000,Alabama,2013Q4,Millions of chained 2017 dollars,6,206142.8
SQGDP9-1,01000,Alabama,2014Q1,Millions of chained 2017 dollars,6,203241.7
SQGDP9-1,01000,Alabama,2014Q2,Millions of chained 2017 dollars,6,205967.1
SQGDP9-1,01000,Alabama,2014Q3,Millions of chained 2017 dollars,6,207514.9
SQGDP9-1,01000,Alabama,2014Q4,Millions of chained 2017 dollars,6,207556.3
SQGDP9-1,01000,Alabama,2015Q1,Millions of chained 2017 dollars,6,206947.5
SQGDP9-1,01000,Alabama,2015Q2,Millions of chained 2017 dollars,6,208955.9
SQGDP9-1,01000,Alabama,2015Q3,Millions of chained 2017 dollars,6,210102.0
SQGDP9-1,01000,Alabama,2015Q4,Millions of chained 2017 dollars,6,209795.8
SQGDP9-1,01000,Alabama,2016Q1,Millions of chained 2017 dollars,6,211142.4
SQGDP9-1,01000,Alabama,2016Q2,Millions of chained 2017 dollars,6,212800.7
SQGDP9-1,01000,Alabama,2016Q3,Millions of chained 2017 dollars,6,213240.6
SQGDP9-1,01000,Alabama,2016Q4,Millions of chained 2017 dollars,6,214267.5
SQGDP9-1,01000,Alabama,2017Q1,Millions of chained 2017 dollars,6,215654.5
SQGDP9-1,01000,Alabama,2017Q2,Millions of chained 2017 dollars,6,215908.3
SQGDP9-1,01000,Alabama,2017Q3,Millions of chained 2017 dollars,6,216407.7
SQGDP9-1,01000,Alabama,2017Q4,Millions of chained 2017 dollars,6,218491.4
SQGDP9-1,01000,Alabama,2018Q1,Millions of chained 2017 dollars,6,220062.1
SQGDP9-1,01000,Alabama,2018Q2,Millions of chained 2017 dollars,6,220171.5
SQGDP9-1,01000,Alabama,2018Q3,Millions of chained 2017 dollars,6,220569.5
SQGDP9-1,01000,Alabama,2018Q4,Millions of chained 2017 dollars,6,222432.0
SQGDP9-1,01000,Alabama,2019Q1,Millions of chained 2017 dollars,6,223030.4
SQGDP9-1,01000,Alabama,2019Q2,Millions of chained 2017 dollars,6,224229.4
SQGDP9-1,01000,Alabama,2019Q3,Millions of chained 2017 dollars,6,226283.6
SQGDP9-1,01000,Alabama,2019Q4,Millions of chained 2017 dollars,6,227547.7
SQGDP9-1,01000,Alabama,2020Q1,Millions of chained 2017 dollars,6,226543.7
SQGDP9-1,01000,Alabama,2020Q2,Millions of chained 2017 dollars,6,209415.5
SQGDP9-1,01000,Alabama,2020Q3,Millions of chained 2017 dollars,6,228053.2
SQGDP9-1,01000,Alabama,2020Q4,Millions of chained 2017 dollars,6,228089.6
SQGDP9-1,01000,Alabama,2021Q1,Millions of chained 2017 dollars,6,232126.1
SQGDP9-1,01000,Alabama,2021Q2,Millions of chained 2017 dollars,6,233475.4
SQGDP9-1,01000,Alabama,2021Q3,Millions of chained 2017 dollars,6,233428.2
SQGDP9-1,01000,Alabama,2021Q4,Millions of chained 2017 dollars,6,236774.7
SQGDP9-1,01000,Alabama,2022Q1,Millions of chained 2017 dollars,6,236952.7
SQGDP9-1,01000,Alabama,2022Q2,Millions of chained 2017 dollars,6,238022.8
SQGDP9-1,01000,Alabama,2022Q3,Millions of chained 2017 dollars,6,240729.9
SQGDP9-1,01000,Alabama,2022Q4,Millions of chained 2017 dollars,6,243680.8
SQGDP9-1,01000,Alabama,2023Q1,Millions of chained 2017 dollars,6,245649.1
SQGDP9-1,01000,Alabama,2023Q2,Millions of chained 2017 dollars,6,246559.4
SQGDP9-1,01000,Alabama,2023Q3,Millions of chained 2017 dollars,6,248843.2
SQGDP9-1,01000,Alabama,2023Q4,Millions of chained 2017 dollars,6,252203.0
SQGDP9-1,01000,Alabama,2024Q1,Millions of chained 2017 dollars,6,251126.4
SQGDP9-1,01000,Alabama,2024Q2,Millions of chained 2017 dollars,6,254622.8
SQGDP9-1,01000,Alabama,2024Q3,Millions of chained 2017 dollars,6,257762.3
SQGDP9-1,01000,Alabama,2024Q4,Millions of chained 2017 dollars,6,259006.2
SQGDP9-1,01000,Alabama,2025Q1,Millions of chained 2017 dollars,6,258551.4
SQGDP9-1,01000,Alabama,2025Q2,Millions of chained 2017 dollars,6,259350.5
SQGDP9-1,01000,Alabama,2025Q3,Millions of chained 2017 dollars,6,262323.1
SQGDP9-1,01000,Alabama,2025Q4,Millions of chained 2017 dollars,6,262366.9
SQGDP9-1,01000,Alabama,2026Q1,Millions of chained 2017 dollars,6,263952.7
SQGDP9-1,02000,Alaska,2005Q1,Millions of chained 2017 dollars,6,44023.9
SQGDP9-1,02000,Alaska,2005Q2,Millions of chained 2017 dollars,6,44542.3
SQGDP9-1,02000,Alaska,2005Q3,Millions of chained 2017 dollars,6,44267.3
SQGDP9-1,02000,Alaska,2005Q4,Millions of chained 2017 dollars,6,44793.8
SQGDP9-1,02000,Alaska,2006Q1,Millions of chained 2017 dollars,6,45815.9
SQGDP9-1,02000,Alaska,2006Q2,Millions of chained 2017 dollars,6,47205.1
SQGDP9-1,02000,Alaska,2006Q3,Millions of chained 2017 dollars,6,47812.7
SQGDP9-1,02000,Alaska,2006Q4,Millions of chained 2017 dollars,6,49351.2
SQGDP9-1,02000,Alaska,2007Q1,Millions of chained 2017 dollars,6,49737.7
SQGDP9-1,02000,Alaska,2007Q2,Millions of chained 2017 dollars,6,50520.8
SQGDP9-1,02000,Alaska,2007Q3,Millions of chained 2017 dollars,6,50563.9
SQGDP9-1,02000,Alaska,2007Q4,Millions of chained 2017 dollars,6,49684.7
SQGDP9-1,02000,Alaska,2008Q1,Millions of chained 2017 dollars,6,48550.1
SQGDP9-1,02000,Alaska,2008Q2,Millions of chained 2017 dollars,6,47477.7
SQGDP9-1,02000,Alaska,2008Q3,Millions of chained 2017 dollars,6,49548.0
SQGDP9-1,02000,Alaska,2008Q4,Millions of chained 2017 dollars,6,54130.5
SQGDP9-1,02000,Alaska,2009Q1,Millions of chained 2017 dollars,6,56280.9
SQGDP9-1,02000,Alaska,2009Q2,Millions of chained 2017 dollars,6,55535.4
SQGDP9-1,02000,Alaska,2009Q3,Millions of chained 2017 dollars,6,54243.0
SQGDP9-1,02000,Alaska,2009Q4,Millions of chained 2017 dollars,6,53748.5
SQGDP9-1,02000,Alaska,2010Q1,Millions of chained 2017 dollars,6,52420.4
SQGDP9-1,02000,Alaska,2010Q2,Millions of chained 2017 dollars,6,53799.5
SQGDP9-1,02000,Alaska,2010Q3,Millions of chained 2017 dollars,6,54367.7
SQGDP9-1,02000,Alaska,2010Q4,Millions of chained 2017 dollars,6,54020.4
SQGDP9-1,02000,Alaska,2011Q1,Millions of chained 2017 dollars,6,52334.2
SQGDP9-1,02000,Alaska,2011Q2,Millions of chained 2017 dollars,6,53339.0
SQGDP9-1,02000,Alaska,2011Q3,Millions of chained 2017 dollars,6,54149.9
SQGDP9-1,02000,Alaska,2011Q4,Millions of chained 2017 dollars,6,56358.6
SQGDP9-1,02000,Alaska,2012Q1,Millions of chained 2017 dollars,6,56280.5
SQGDP9-1,02000,Alaska,2012Q2,Millions of chained 2017 dollars,6,57869.0
SQGDP9-1,02000,Alaska,2012Q3,Millions of chained 2017 dollars,6,57662.9
SQGDP9-1,02000,Alaska,2012Q4,Millions of chained 2017 dollars,6,56537.0
SQGDP9-1,02000,Alaska,2013Q1,Millions of chained 2017 dollars,6,56001.0
SQGDP9-1,02000,Alaska,2013Q2,Millions of chained 2017 dollars,6,54089.9
SQGDP9-1,02000,Alaska,2013Q3,Millions of chained 2017 dollars,6,54509.0
SQGDP9-1,02000,Alaska,2013Q4,Millions of chained 2017 dollars,6,53910.7
SQGDP9-1,02000,Alaska,2014Q1,Millions of chained 2017 dollars,6,53151.3
SQGDP9-1,02000,Alaska,2014Q2,Millions of chained 2017 dollars,6,53151.8
SQGDP9-1,02000,Alaska,2014Q3,Millions of chained 2017 dollars,6,53275.8
SQGDP9-1,02000,Alaska,2014Q4,Millions of chained 2017 dollars,6,53634.1
SQGDP9-1,02000,Alaska,2015Q1,Millions of chained 2017 dollars,6,54065.0
SQGDP9-1,02000,Alaska,2015Q2,Millions of chained 2017 dollars,6,53539.8
SQGDP9-1,02000,Alaska,2015Q3,Millions of chained 2017 dollars,6,53509.2
SQGDP9-1,02000,Alaska,2015Q4,Millions of chained 2017 dollars,6,53610.5
SQGDP9-1,02000,Alaska,2016Q1,Millions of chained 2017 dollars,6,54055.6
SQGDP9-1,02000,Alaska,2016Q2,Millions of chained 2017 dollars,6,53431.1
SQGDP9-1,02000,Alaska,2016Q3,Millions of chained 2017 dollars,6,53174.9
SQGDP9-1,02000,Alaska,2016Q4,Millions of chained 2017 dollars,6,53193.8
SQGDP9-1,02000,Alaska,2017Q1,Millions of chained 2017 dollars,6,53407.3
SQGDP9-1,02000,Alaska,2017Q2,Millions of chained 2017 dollars,6,53436.0
SQGDP9-1,02000,Alaska,2017Q3,Millions of chained 2017 dollars,6,54001.1
SQGDP9-1,02000,Alaska,2017Q4,Millions of chained 2017 dollars,6,53359.2
SQGDP9-1,02000,Alaska,2018Q1,Millions of chained 2017 dollars,6,52891.0
SQGDP9-1,02000,Alaska,2018Q2,Millions of chained 2017 dollars,6,52440.5
SQGDP9-1,02000,Alaska,2018Q3,Millions of chained 2017 dollars,6,52378.3
SQGDP9-1,02000,Alaska,2018Q4,Millions of chained 2017 dollars,6,52208.4
SQGDP9-1,02000,Alaska,2019Q1,Millions of chained 2017 dollars,6,51848.1
SQGDP9-1,02000,Alaska,2019Q2,Millions of chained 2017 dollars,6,51864.3
SQGDP9-1,02000,Alaska,2019Q3,Millions of chained 2017 dollars,6,52977.9
SQGDP9-1,02000,Alaska,2019Q4,Millions of chained 2017 dollars,6,52819.7
SQGDP9-1,02000,Alaska,2020Q1,Millions of chained 2017 dollars,6,52677.6
SQGDP9-1,02000,Alaska,2020Q2,Millions of chained 2017 dollars,6,48845.0
SQGDP9-1,02000,Alaska,2020Q3,Millions of chained 2017 dollars,6,50354.6
SQGDP9-1,02000,Alaska,2020Q4,Millions of chained 2017 dollars,6,51727.9
SQGDP9-1,02000,Alaska,2021Q1,Millions of chained 2017 dollars,6,51805.9
SQGDP9-1,02000,Alaska,2021Q2,Millions of chained 2017 dollars,6,51468.3
SQGDP9-1,02000,Alaska,2021Q3,Millions of chained 2017 dollars,6,51631.9
SQGDP9-1,02000,Alaska,2021Q4,Millions of chained 2017 dollars,6,52149.8
SQGDP9-1,02000,Alaska,2022Q1,Millions of chained 2017 dollars,6,49971.7
SQGDP9-1,02000,Alaska,2022Q2,Millions of chained 2017 dollars,6,50264.6
SQGDP9-1,02000,Alaska,2022Q3,Millions of chained 2017 dollars,6,50362.7
SQGDP9-1,02000,Alaska,2022Q4,Millions of chained 2017 dollars,6,51437.6
SQGDP9-1,02000,Alaska,2023Q1,Millions of chained 2017 dollars,6,52443.5
SQGDP9-1,02000,Alaska,2023Q2,Millions of chained 2017 dollars,6,53955.7
SQGDP9-1,02000,Alaska,2023Q3,Millions of chained 2017 dollars,6,54982.6
SQGDP9-1,02000,Alaska,2023Q4,Millions of chained 2017 dollars,6,55353.5
SQGDP9-1,02000,Alaska,2024Q1,Millions of chained 2017 dollars,6,54861.1
SQGDP9-1,02000,Alaska,2024Q2,Millions of chained 2017 dollars,6,55735.9
SQGDP9-1,02000,Alaska,2024Q3,Millions of chained 2017 dollars,6,56427.0
SQGDP9-1,02000,Alaska,2024Q4,Millions of chained 2017 dollars,6,56758.9
SQGDP9-1,02000,Alaska,2025Q1,Millions of chained 2017 dollars,6,57015.4
SQGDP9-1,02000,Alaska,2025Q2,Millions of chained 2017 dollars,6,57292.3
SQGDP9-1,02000,Alaska,2025Q3,Millions of chained 2017 dollars,6,57829.9
SQGDP9-1,02000,Alaska,2025Q4,Millions of chained 2017 dollars,6,57814.6
SQGDP9-1,02000,Alaska,2026Q1,Millions of chained 2017 dollars,6,58216.4
SQGDP9-1,04000,Arizona,2005Q1,Millions of chained 2017 dollars,6,278000.0
SQGDP9-1,04000,Arizona,2005Q2,Millions of chained 2017 dollars,6,282239.4
SQGDP9-1,04000,Arizona,2005Q3,Millions of chained 2017 dollars,6,287212.2
SQGDP9-1,04000,Arizona,2005Q4,Millions of chained 2017 dollars,6,287773.0
SQGDP9-1,04000,Arizona,2006Q1,Millions of chained 2017 dollars,6,292978.3
SQGDP9-1,04000,Arizona,2006Q2,Millions of chained 2017 dollars,6,293656.1
SQGDP9-1,04000,Arizona,2006Q3,Millions of chained 2017 dollars,6,297228.7
SQGDP9-1,04000,Arizona,2006Q4,Millions of chained 2017 dollars,6,301834.5
SQGDP9-1,04000,Arizona,2007Q1,Millions of chained 2017 dollars,6,302720.3
SQGDP9-1,04000,Arizona,2007Q2,Millions of chained 2017 dollars,6,305820.4
SQGDP9-1,04000,Arizona,2007Q3,Millions of chained 2017 dollars,6,309295.5
SQGDP9-1,04000,Arizona,2007Q4,Millions of chained 2017 dollars,6,308610.1
SQGDP9-1,04000,Arizona,2008Q1,Millions of chained 2017 dollars,6,307724.1
SQGDP9-1,04000,Arizona,2008Q2,Millions of chained 2017 dollars,6,306771.7
SQGDP9-1,04000,Arizona,2008Q3,Millions of chained 2017 dollars,6,302880.9
SQGDP9-1,04000,Arizona,2008Q4,Millions of chained 2017 dollars,6,291735.0
SQGDP9-1,04000,Arizona,2009Q1,Millions of chained 2017 dollars,6,281857.8
SQGDP9-1,04000,Arizona,2009Q2,Millions of chained 2017 dollars,6,276239.9
SQGDP9-1,04000,Arizona,2009Q3,Millions of chained 2017 dollars,6,273797.2
SQGDP9-1,04000,Arizona,2009Q4,Millions of chained 2017 dollars,6,277754.5
SQGDP9-1,04000,Arizona,2010Q1,Millions of chained 2017 dollars,6,276732.1
SQGDP9-1,04000,Arizona,2010Q2,Millions of chained 2017 dollars,6,280812.3
SQGDP9-1,04000,Arizona,2010Q3,Millions of chained 2017 dollars,6,284144.8
SQGDP9-1,04000,Arizona,2010Q4,Millions of chained 2017 dollars,6,287320.5
SQGDP9-1,04000,Arizona,2011Q1,Millions of chained 2017 dollars,6,287340.2
SQGDP9-1,04000,Arizona,2011Q2,Millions of chained 2017 dollars,6,288496.1
SQGDP9-1,04000,Arizona,2011Q3,Millions of chained 2017 dollars,6,289990.1
SQGDP9-1,04000,Arizona,2011Q4,Millions of chained 2017 dollars,6,295818.7
SQGDP9-1,04000,Arizona,2012Q1,Millions of chained 2017 dollars,6,296784.1
SQGDP9-1,04000,Arizona,2012Q2,Millions of chained 2017 dollars,6,297961.7
SQGDP9-1,04000,Arizona,2012Q3,Millions of chained 2017 dollars,6,296789.8
SQGDP9-1,04000,Arizona,2012Q4,Millions of chained 2017 dollars,6,296773.3
SQGDP9-1,04000,Arizona,2013Q1,Millions of chained 2017 dollars,6,298558.9
SQGDP9-1,04000,Arizona,2013Q2,Millions of chained 2017 dollars,6,297962.7
SQGDP9-1,04000,Arizona,2013Q3,Millions of chained 2017 dollars,6,298623.3
SQGDP9-1,04000,Arizona,2013Q4,Millions of chained 2017 dollars,6,300294.8
SQGDP9-1,04000,Arizona,2014Q1,Millions of chained 2017 dollars,6,299928.8
SQGDP9-1,04000,Arizona,2014Q2,Millions of chained 2017 dollars,6,300804.3
SQGDP9-1,04000,Arizona,2014Q3,Millions of chained 2017 dollars,6,303144.0
SQGDP9-1,04000,Arizona,2014Q4,Millions of chained 2017 dollars,6,303007.6
SQGDP9-1,04000,Arizona,2015Q1,Millions of chained 2017 dollars,6,307062.6
SQGDP9-1,04000,Arizona,2015Q2,Millions of chained 2017 dollars,6,308498.9
SQGDP9-1,04000,Arizona,2015Q3,Millions of chained 2017 dollars,6,307658.2
SQGDP9-1,04000,Arizona,2015Q4,Millions of chained 2017 dollars,6,311111.4
SQGDP9-1,04000,Arizona,2016Q1,Millions of chained 2017 dollars,6,313558.8
SQGDP9-1,04000,Arizona,2016Q2,Millions of chained 2017 dollars,6,317531.4
SQGDP9-1,04000,Arizona,2016Q3,Millions of chained 2017 dollars,6,321787.1
SQGDP9-1,04000,Arizona,2016Q4,Millions of chained 2017 dollars,6,323156.2
SQGDP9-1,04000,Arizona,2017Q1,Millions of chained 2017 dollars,6,328167.2
SQGDP9-1,04000,Arizona,2017Q2,Millions of chained 2017 dollars,6,330126.9
SQGDP9-1,04000,Arizona,2017Q3,Millions of chained 2017 dollars,6,335744.3
SQGDP9-1,04000,Arizona,2017Q4,Millions of chained 2017 dollars,6,338357.6
SQGDP9-1,04000,Arizona,2018Q1,Millions of chained 2017 dollars,6,343718.4
SQGDP9-1,04000,Arizona,2018Q2,Millions of chained 2017 dollars,6,344708.1
SQGDP9-1,04000,Arizona,2018Q3,Millions of chained 2017 dollars,6,347777.9
SQGDP9-1,04000,Arizona,2018Q4,Millions of chained 2017 dollars,6,349388.8
SQGDP9-1,04000,Arizona,2019Q1,Millions of chained 2017 dollars,6,351655.7
SQGDP9-1,04000,Arizona,2019Q2,Millions of chained 2017 dollars,6,356260.0
SQGDP9-1,04000,Arizona,2019Q3,Millions of chained 2017 dollars,6,362967.1
SQGDP9-1,04000,Arizona,2019Q4,Millions of chained 2017 dollars,6,367424.2
SQGDP9-1,04000,Arizona,2020Q1,Millions of chained 2017 dollars,6,365408.0
SQGDP9-1,04000,Arizona,2020Q2,Millions of chained 2017 dollars,6,347345.9
SQGDP9-1,04000,Arizona,2020Q3,Millions of chained 2017 dollars,6,372526.6
SQGDP9-1,04000,Arizona,2020Q4,Millions of chained 2017 dollars,6,381071.5
SQGDP9-1,04000,Arizona,2021Q1,Millions of chained 2017 dollars,6,384526.5
SQGDP9-1,04000,Arizona,2021Q2,Millions of chained 2017 dollars,6,392182.4
SQGDP9-1,04000,Arizona,2021Q3,Millions of chained 2017 dollars,6,399888.6
SQGDP9-1,04000,Arizona,2021Q4,Millions of chained 2017 dollars,6,409232.5
SQGDP9-1,04000,Arizona,2022Q1,Millions of chained 2017 dollars,6,408573.2
SQGDP9-1,04000,Arizona,2022Q2,Millions of chained 2017 dollars,6,412146.5
SQGDP9-1,04000,Arizona,2022Q3,Millions of chained 2017 dollars,6,415772.4
SQGDP9-1,04000,Arizona,2022Q4,Millions of chained 2017 dollars,6,418703.0
SQGDP9-1,04000,Arizona,2023Q1,Millions of chained 2017 dollars,6,422684.2
SQGDP9-1,04000,Arizona,2023Q2,Millions of chained 2017 dollars,6,425508.2
SQGDP9-1,04000,Arizona,2023Q3,Millions of chained 2017 dollars,6,430116.5
SQGDP9-1,04000,Arizona,2023Q4,Millions of chained 2017 dollars,6,432267.0
SQGDP9-1,04000,Arizona,2024Q1,Millions of chained 2017 dollars,6,439719.8
SQGDP9-1,04000,Arizona,2024Q2,Millions of chained 2017 dollars,6,444553.6
SQGDP9-1,04000,Arizona,2024Q3,Millions of chained 2017 dollars,6,449408.5
SQGDP9-1,04000,Arizona,2024Q4,Millions of chained 2017 dollars,6,454191.0
SQGDP9-1,04000,Arizona,2025Q1,Millions of chained 2017 dollars,6,449758.8
SQGDP9-1,04000,Arizona,2025Q2,Millions of chained 2017 dollars,6,453751.0
SQGDP9-1,04000,Arizona,2025Q3,Millions of chained 2017 dollars,6,458852.1
SQGDP9-1,04000,Arizona,2025Q4,Millions of chained 2017 dollars,6,460618.9
SQGDP9-1,04000,Arizona,2026Q1,Millions of chained 2017 dollars,6,462243.4
SQGDP9-1,05000,Arkansas,2005Q1,Millions of chained 2017 dollars,6,111468.6
SQGDP9-1,05000,Arkansas,2005Q2,Millions of chained 2017 dollars,6,111682.8
SQGDP9-1,05000,Arkansas,2005Q3,Millions of chained 2017 dollars,6,112205.9
SQGDP9-1,05000,Arkansas,2005Q4,Millions of chained 2017 dollars,6,114447.1
SQGDP9-1,05000,Arkansas,2006Q1,Millions of chained 2017 dollars,6,114544.1
SQGDP9-1,05000,Arkansas,2006Q2,Millions of chained 2017 dollars,6,115845.7
SQGDP9-1,05000,Arkansas,2006Q3,Millions of chained 2017 dollars,6,114904.5
SQGDP9-1,05000,Arkansas,2006Q4,Millions of chained 2017 dollars,6,114267.4
SQGDP9-1,05000,Arkansas,2007Q1,Millions of chained 2017 dollars,6,111878.9
SQGDP9-1,05000,Arkansas,2007Q2,Millions of chained 2017 dollars,6,112495.7
SQGDP9-1,05000,Arkansas,2007Q3,Millions of chained 2017 dollars,6,112598.6
SQGDP9-1,05000,Arkansas,2007Q4,Millions of chained 2017 dollars,6,119133.6
SQGDP9-1,05000,Arkansas,2008Q1,Millions of chained 2017 dollars,6,113170.5
SQGDP9-1,05000,Arkansas,2008Q2,Millions of chained 2017 dollars,6,115149.0
SQGDP9-1,05000,Arkansas,2008Q3,Millions of chained 2017 dollars,6,114297.7
SQGDP9-1,05000,Arkansas,2008Q4,Millions of chained 2017 dollars,6,111894.7
SQGDP9-1,05000,Arkansas,2009Q1,Millions of chained 2017 dollars,6,112917.4
SQGDP9-1,05000,Arkansas,2009Q2,Millions of chained 2017 dollars,6,108124.0
SQGDP9-1,05000,Arkansas,2009Q3,Millions of chained 2017 dollars,6,108668.8
SQGDP9-1,05000,Arkansas,2009Q4,Millions of chained 2017 dollars,6,109622.3
SQGDP9-1,05000,Arkansas,2010Q1,Millions of chained 2017 dollars,6,110194.2
SQGDP9-1,05000,Arkansas,2010Q2,Millions of chained 2017 dollars,6,112874.5
SQGDP9-1,05000,Arkansas,2010Q3,Millions of chained 2017 dollars,6,114562.6
SQGDP9-1,05000,Arkansas,2010Q4,Millions of chained 2017 dollars,6,114372.1
SQGDP9-1,05000,Arkansas,2011Q1,Millions of chained 2017 dollars,6,114337.2
SQGDP9-1,05000,Arkansas,2011Q2,Millions of chained 2017 dollars,6,114769.4
SQGDP9-1,05000,Arkansas,2011Q3,Millions of chained 2017 dollars,6,115128.4
SQGDP9-1,05000,Arkansas,2011Q4,Millions of chained 2017 dollars,6,116732.0
SQGDP9-1,05000,Arkansas,2012Q1,Millions of chained 2017 dollars,6,117016.9
SQGDP9-1,05000,Arkansas,2012Q2,Millions of chained 2017 dollars,6,117033.7
SQGDP9-1,05000,Arkansas,2012Q3,Millions of chained 2017 dollars,6,116535.8
SQGDP9-1,05000,Arkansas,2012Q4,Millions of chained 2017 dollars,6,115878.2
SQGDP9-1,05000,Arkansas,2013Q1,Millions of chained 2017 dollars,6,119297.3
SQGDP9-1,05000,Arkansas,2013Q2,Millions of chained 2017 dollars,6,119291.3
SQGDP9-1,05000,Arkansas,2013Q3,Millions of chained 2017 dollars,6,120358.6
SQGDP9-1,05000,Arkansas,2013Q4,Millions of chained 2017 dollars,6,120424.0
SQGDP9-1,05000,Arkansas,2014Q1,Millions of chained 2017 dollars,6,120481.1
SQGDP9-1,05000,Arkansas,2014Q2,Millions of chained 2017 dollars,6,121170.4
SQGDP9-1,05000,Arkansas,2014Q3,Millions of chained 2017 dollars,6,121859.3
SQGDP9-1,05000,Arkansas,2014Q4,Millions of chained 2017 dollars,6,122126.9
SQGDP9-1,05000,Arkansas,2015Q1,Millions of chained 2017 dollars,6,120865.2
SQGDP9-1,05000,Arkansas,2015Q2,Millions of chained 2017 dollars,6,121200.5
SQGDP9-1,05000,Arkansas,2015Q3,Millions of chained 2017 dollars,6,121989.6
SQGDP9-1,05000,Arkansas,2015Q4,Millions of chained 2017 dollars,6,122074.8
SQGDP9-1,05000,Arkansas,2016Q1,Millions of chained 2017 dollars,6,122538.2
SQGDP9-1,05000,Arkansas,2016Q2,Millions of chained 2017 dollars,6,122691.9
SQGDP9-1,05000,Arkansas,2016Q3,Millions of chained 2017 dollars,6,122814.1
SQGDP9-1,05000,Arkansas,2016Q4,Millions of chained 2017 dollars,6,124095.2
SQGDP9-1,05000,Arkansas,2017Q1,Millions of chained 2017 dollars,6,123336.8
SQGDP9-1,05000,Arkansas,2017Q2,Millions of chained 2017 dollars,6,123438.0
SQGDP9-1,05000,Arkansas,2017Q3,Millions of chained 2017 dollars,6,123629.3
SQGDP9-1,05000,Arkansas,2017Q4,Millions of chained 2017 dollars,6,125126.2
SQGDP9-1,05000,Arkansas,2018Q1,Millions of chained 2017 dollars,6,126156.7
SQGDP9-1,05000,Arkansas,2018Q2,Millions of chained 2017 dollars,6,126071.2
SQGDP9-1,05000,Arkansas,2018Q3,Millions of chained 2017 dollars,6,126651.1
SQGDP9-1,05000,Arkansas,2018Q4,Millions of chained 2017 dollars,6,126606.0
SQGDP9-1,05000,Arkansas,2019Q1,Millions of chained 2017 dollars,6,126186.5
SQGDP9-1,05000,Arkansas,2019Q2,Millions of chained 2017 dollars,6,126266.0
SQGDP9-1,05000,Arkansas,2019Q3,Millions of chained 2017 dollars,6,127647.6
SQGDP9-1,05000,Arkansas,2019Q4,Millions of chained 2017 dollars,6,128780.0
SQGDP9-1,05000,Arkansas,2020Q1,Millions of chained 2017 dollars,6,128037.3
SQGDP9-1,05000,Arkansas,2020Q2,Millions of chained 2017 dollars,6,122404.6
SQGDP9-1,05000,Arkansas,2020Q3,Millions of chained 2017 dollars,6,131158.5
SQGDP9-1,05000,Arkansas,2020Q4,Millions of chained 2017 dollars,6,131982.0
SQGDP9-1,05000,Arkansas,2021Q1,Millions of chained 2017 dollars,6,135006.0
SQGDP9-1,05000,Arkansas,2021Q2,Millions of chained 2017 dollars,6,138524.1
SQGDP9-1,05000,Arkansas,2021Q3,Millions of chained 2017 dollars,6,137836.6
SQGDP9-1,05000,Arkansas,2021Q4,Millions of chained 2017 dollars,6,139172.5
SQGDP9-1,05000,Arkansas,2022Q1,Millions of chained 2017 dollars,6,138095.3
SQGDP9-1,05000,Arkansas,2022Q2,Millions of chained 2017 dollars,6,137530.8
SQGDP9-1,05000,Arkansas,2022Q3,Millions of chained 2017 dollars,6,138784.6
SQGDP9-1,05000,Arkansas,2022Q4,Millions of chained 2017 dollars,6,140277.5
SQGDP9-1,05000,Arkansas,2023Q1,Millions of chained 2017 dollars,6,141692.2
SQGDP9-1,05000,Arkansas,2023Q2,Millions of chained 2017 dollars,6,141175.5
SQGDP9-1,05000,Arkansas,2023Q3,Millions of chained 2017 dollars,6,141716.9
SQGDP9-1,05000,Arkansas,2023Q4,Millions of chained 2017 dollars,6,143287.5
SQGDP9-1,05000,Arkansas,2024Q1,Millions of chained 2017 dollars,6,145301.4
SQGDP9-1,05000,Arkansas,2024Q2,Millions of chained 2017 dollars,6,146484.3
SQGDP9-1,05000,Arkansas,2024Q3,Millions of chained 2017 dollars,6,148247.9
SQGDP9-1,05000,Arkansas,2024Q4,Millions of chained 2017 dollars,6,149526.0
SQGDP9-1,05000,Arkansas,2025Q1,Millions of chained 2017 dollars,6,149837.2
SQGDP9-1,05000,Arkansas,2025Q2,Millions of chained 2017 dollars,6,149430.6
SQGDP9-1,05000,Arkansas,2025Q3,Millions of chained 2017 dollars,6,151565.9
SQGDP9-1,05000,Arkansas,2025Q4,Millions of chained 2017 dollars,6,151727.4
SQGDP9-1,05000,Arkansas,2026Q1,Millions of chained 2017 dollars,6,152521.6
SQGDP9-1,06000,California,2005Q1,Millions of chained 2017 dollars,6,2011957.6
SQGDP9-1,06000,California,2005Q2,Millions of chained 2017 dollars,6,2029374.2
SQGDP9-1,06000,California,2005Q3,Millions of chained 2017 dollars,6,2056154.2
SQGDP9-1,06000,California,2005Q4,Millions of chained 2017 dollars,6,2071078.0
SQGDP9-1,06000,California,2006Q1,Millions of chained 2017 dollars,6,2114085.7
SQGDP9-1,06000,California,2006Q2,Millions of chained 2017 dollars,6,2109040.3
SQGDP9-1,06000,California,2006Q3,Millions of chained 2017 dollars,6,2121481.1
SQGDP9-1,06000,California,2006Q4,Millions of chained 2017 dollars,6,2137134.4
SQGDP9-1,06000,California,2007Q1,Millions of chained 2017 dollars,6,2126879.2
SQGDP9-1,06000,California,2007Q2,Millions of chained 2017 dollars,6,2153290.5
SQGDP9-1,06000,California,2007Q3,Millions of chained 2017 dollars,6,2180276.5
SQGDP9-1,06000,California,2007Q4,Millions of chained 2017 dollars,6,2215315.5
SQGDP9-1,06000,California,2008Q1,Millions of chained 2017 dollars,6,2180243.6
SQGDP9-1,06000,California,2008Q2,Millions of chained 2017 dollars,6,2224915.6
SQGDP9-1,06000,California,2008Q3,Millions of chained 2017 dollars,6,2222326.2
SQGDP9-1,06000,California,2008Q4,Millions of chained 2017 dollars,6,2141841.9
SQGDP9-1,06000,California,2009Q1,Millions of chained 2017 dollars,6,2132988.7
SQGDP9-1,06000,California,2009Q2,Millions of chained 2017 dollars,6,2103479.1
SQGDP9-1,06000,California,2009Q3,Millions of chained 2017 dollars,6,2097783.4
SQGDP9-1,06000,California,2009Q4,Millions of chained 2017 dollars,6,2108466.3
SQGDP9-1,06000,California,2010Q1,Millions of chained 2017 dollars,6,2130529.1
SQGDP9-1,06000,California,2010Q2,Millions of chained 2017 dollars,6,2139237.4
SQGDP9-1,06000,California,2010Q3,Millions of chained 2017 dollars,6,2150266.8
SQGDP9-1,06000,California,2010Q4,Millions of chained 2017 dollars,6,2195377.7
SQGDP9-1,06000,California,2011Q1,Millions of chained 2017 dollars,6,2185033.7
SQGDP9-1,06000,California,2011Q2,Millions of chained 2017 dollars,6,2194927.2
SQGDP9-1,06000,California,2011Q3,Millions of chained 2017 dollars,6,2189999.3
SQGDP9-1,06000,California,2011Q4,Millions of chained 2017 dollars,6,2201588.5
SQGDP9-1,06000,California,2012Q1,Millions of chained 2017 dollars,6,2231663.5
SQGDP9-1,06000,California,2012Q2,Millions of chained 2017 dollars,6,2242371.4
SQGDP9-1,06000,California,2012Q3,Millions of chained 2017 dollars,6,2256039.1
SQGDP9-1,06000,California,2012Q4,Millions of chained 2017 dollars,6,2291675.1
SQGDP9-1,06000,California,2013Q1,Millions of chained 2017 dollars,6,2287676.1
SQGDP9-1,06000,California,2013Q2,Millions of chained 2017 dollars,6,2315711.1
SQGDP9-1,06000,California,2013Q3,Millions of chained 2017 dollars,6,2348046.5
SQGDP9-1,06000,California,2013Q4,Millions of chained 2017 dollars,6,2409907.6
SQGDP9-1,06000,California,2014Q1,Millions of chained 2017 dollars,6,2383712.0
SQGDP9-1,06000,California,2014Q2,Millions of chained 2017 dollars,6,2412048.9
SQGDP9-1,06000,California,2014Q3,Millions of chained 2017 dollars,6,2456771.3
SQGDP9-1,06000,California,2014Q4,Millions of chained 2017 dollars,6,2462170.6
SQGDP9-1,06000,California,2015Q1,Millions of chained 2017 dollars,6,2518399.5
SQGDP9-1,06000,California,2015Q2,Millions of chained 2017 dollars,6,2550179.7
SQGDP9-1,06000,California,2015Q3,Millions of chained 2017 dollars,6,2556125.7
SQGDP9-1,06000,California,2015Q4,Millions of chained 2017 dollars,6,2559213.2
SQGDP9-1,06000,California,2016Q1,Millions of chained 2017 dollars,6,2599892.4
SQGDP9-1,06000,California,2016Q2,Millions of chained 2017 dollars,6,2600609.1
SQGDP9-1,06000,California,2016Q3,Millions of chained 2017 dollars,6,2639393.2
SQGDP9-1,06000,California,2016Q4,Millions of chained 2017 dollars,6,2654952.0
SQGDP9-1,06000,California,2017Q1,Millions of chained 2017 dollars,6,2681002.0
SQGDP9-1,06000,California,2017Q2,Millions of chained 2017 dollars,6,2717703.9
SQGDP9-1,06000,California,2017Q3,Millions of chained 2017 dollars,6,2759618.0
SQGDP9-1,06000,California,2017Q4,Millions of chained 2017 dollars,6,2803877.1
SQGDP9-1,06000,California,2018Q1,Millions of chained 2017 dollars,6,2809417.8
SQGDP9-1,06000,California,2018Q2,Millions of chained 2017 dollars,6,2838193.8
SQGDP9-1,06000,California,2018Q3,Millions of chained 2017 dollars,6,2869602.8
SQGDP9-1,06000,California,2018Q4,Millions of chained 2017 dollars,6,2886666.7
SQGDP9-1,06000,California,2019Q1,Millions of chained 2017 dollars,6,2909833.5
SQGDP9-1,06000,California,2019Q2,Millions of chained 2017 dollars,6,2954169.3
SQGDP9-1,06000,California,2019Q3,Millions of chained 2017 dollars,6,2989756.8
SQGDP9-1,06000,California,2019Q4,Millions of chained 2017 dollars,6,3024676.3
SQGDP9-1,06000,California,2020Q1,Millions of chained 2017 dollars,6,2983725.5
SQGDP9-1,06000,California,2020Q2,Millions of chained 2017 dollars,6,2749441.3
SQGDP9-1,06000,California,2020Q3,Millions of chained 2017 dollars,6,2971514.2
SQGDP9-1,06000,California,2020Q4,Millions of chained 2017 dollars,6,3017937.5
SQGDP9-1,06000,California,2021Q1,Millions of chained 2017 dollars,6,3082947.8
SQGDP9-1,06000,California,2021Q2,Millions of chained 2017 dollars,6,3133335.9
SQGDP9-1,06000,California,2021Q3,Millions of chained 2017 dollars,6,3170470.5
SQGDP9-1,06000,California,2021Q4,Millions of chained 2017 dollars,6,3217695.6
SQGDP9-1,06000,California,2022Q1,Millions of chained 2017 dollars,6,3162422.4
SQGDP9-1,06000,California,2022Q2,Millions of chained 2017 dollars,6,3146315.9
SQGDP9-1,06000,California,2022Q3,Millions of chained 2017 dollars,6,3145009.5
SQGDP9-1,06000,California,2022Q4,Millions of chained 2017 dollars,6,3135097.6
SQGDP9-1,06000,California,2023Q1,Millions of chained 2017 dollars,6,3152233.8
SQGDP9-1,06000,California,2023Q2,Millions of chained 2017 dollars,6,3191507.9
SQGDP9-1,06000,California,2023Q3,Millions of chained 2017 dollars,6,3223877.7
SQGDP9-1,06000,California,2023Q4,Millions of chained 2017 dollars,6,3248446.4
SQGDP9-1,06000,California,2024Q1,Millions of chained 2017 dollars,6,3277174.4
SQGDP9-1,06000,California,2024Q2,Millions of chained 2017 dollars,6,3287040.8
SQGDP9-1,06000,California,2024Q3,Millions of chained 2017 dollars,6,3321635.3
SQGDP9-1,06000,California,2024Q4,Millions of chained 2017 dollars,6,3341863.6
SQGDP9-1,06000,California,2025Q1,Millions of chained 2017 dollars,6,3341872.4
SQGDP9-1,06000,California,2025Q2,Millions of chained 2017 dollars,6,3377263.9
SQGDP9-1,06000,California,2025Q3,Millions of chained 2017 dollars,6,3414490.4
SQGDP9-1,06000,California,2025Q4,Millions of chained 2017 dollars,6,3421992.6
SQGDP9-1,06000,California,2026Q1,Millions of chained 2017 dollars,6,3452807.5
SQGDP9-1,08000,Colorado,2005Q1,Millions of chained 2017 dollars,6,261764.0
SQGDP9-1,08000,Colorado,2005Q2,Millions of chained 2017 dollars,6,262351.6
SQGDP9-1,08000,Colorado,2005Q3,Millions of chained 2017 dollars,6,263133.9
SQGDP9-1,08000,Colorado,2005Q4,Millions of chained 2017 dollars,6,260722.2
SQGDP9-1,08000,Colorado,2006Q1,Millions of chained 2017 dollars,6,267639.9
SQGDP9-1,08000,Colorado,2006Q2,Millions of chained 2017 dollars,6,265918.0
SQGDP9-1,08000,Colorado,2006Q3,Millions of chained 2017 dollars,6,269711.5
SQGDP9-1,08000,Colorado,2006Q4,Millions of chained 2017 dollars,6,269493.8
SQGDP9-1,08000,Colorado,2007Q1,Millions of chained 2017 dollars,6,273536.6
SQGDP9-1,08000,Colorado,2007Q2,Millions of chained 2017 dollars,6,277187.3
SQGDP9-1,08000,Colorado,2007Q3,Millions of chained 2017 dollars,6,279588.8
SQGDP9-1,08000,Colorado,2007Q4,Millions of chained 2017 dollars,6,284622.6
SQGDP9-1,08000,Colorado,2008Q1,Millions of chained 2017 dollars,6,281408.9
SQGDP9-1,08000,Colorado,2008Q2,Millions of chained 2017 dollars,6,283761.3
SQGDP9-1,08000,Colorado,2008Q3,Millions of chained 2017 dollars,6,283124.8
SQGDP9-1,08000,Colorado,2008Q4,Millions of chained 2017 dollars,6,278918.1
SQGDP9-1,08000,Colorado,2009Q1,Millions of chained 2017 dollars,6,278097.5
SQGDP9-1,08000,Colorado,2009Q2,Millions of chained 2017 dollars,6,273375.9
SQGDP9-1,08000,Colorado,2009Q3,Millions of chained 2017 dollars,6,274940.5
SQGDP9-1,08000,Colorado,2009Q4,Millions of chained 2017 dollars,6,276222.6
SQGDP9-1,08000,Colorado,2010Q1,Millions of chained 2017 dollars,6,276287.0
SQGDP9-1,08000,Colorado,2010Q2,Millions of chained 2017 dollars,6,276800.1
SQGDP9-1,08000,Colorado,2010Q3,Millions of chained 2017 dollars,6,279732.3
SQGDP9-1,08000,Colorado,2010Q4,Millions of chained 2017 dollars,6,284722.8
SQGDP9-1,08000,Colorado,2011Q1,Millions of chained 2017 dollars,6,282496.8
SQGDP9-1,08000,Colorado,2011Q2,Millions of chained 2017 dollars,6,283488.4
SQGDP9-1,08000,Colorado,2011Q3,Millions of chained 2017 dollars,6,283865.5
SQGDP9-1,08000,Colorado,2011Q4,Millions of chained 2017 dollars,6,286004.4
SQGDP9-1,08000,Colorado,2012Q1,Millions of chained 2017 dollars,6,287339.1
SQGDP9-1,08000,Colorado,2012Q2,Millions of chained 2017 dollars,6,289500.3
SQGDP9-1,08000,Colorado,2012Q3,Millions of chained 2017 dollars,6,288999.0
SQGDP9-1,08000,Colorado,2012Q4,Millions of chained 2017 dollars,6,291519.8
SQGDP9-1,08000,Colorado,2013Q1,Millions of chained 2017 dollars,6,298232.7
SQGDP9-1,08000,Colorado,2013Q2,Millions of chained 2017 dollars,6,299053.6
SQGDP9-1,08000,Colorado,2013Q3,Millions of chained 2017 dollars,6,302781.4
SQGDP9-1,08000,Colorado,2013Q4,Millions of chained 2017 dollars,6,305868.9
SQGDP9-1,08000,Colorado,2014Q1,Millions of chained 2017 dollars,6,307518.5
SQGDP9-1,08000,Colorado,2014Q2,Millions of chained 2017 dollars,6,312405.0
SQGDP9-1,08000,Colorado,2014Q3,Millions of chained 2017 dollars,6,317708.4
SQGDP9-1,08000,Colorado,2014Q4,Millions of chained 2017 dollars,6,323964.3
SQGDP9-1,08000,Colorado,2015Q1,Millions of chained 2017 dollars,6,327143.0
SQGDP9-1,08000,Colorado,2015Q2,Millions of chained 2017 dollars,6,329499.1
SQGDP9-1,08000,Colorado,2015Q3,Millions of chained 2017 dollars,6,331565.5
SQGDP9-1,08000,Colorado,2015Q4,Millions of chained 2017 dollars,6,333897.0
SQGDP9-1,08000,Colorado,2016Q1,Millions of chained 2017 dollars,6,332473.1
SQGDP9-1,08000,Colorado,2016Q2,Millions of chained 2017 dollars,6,334071.7
SQGDP9-1,08000,Colorado,2016Q3,Millions of chained 2017 dollars,6,339822.4
SQGDP9-1,08000,Colorado,2016Q4,Millions of chained 2017 dollars,6,344373.5
SQGDP9-1,08000,Colorado,2017Q1,Millions of chained 2017 dollars,6,345065.3
SQGDP9-1,08000,Colorado,2017Q2,Millions of chained 2017 dollars,6,346383.4
SQGDP9-1,08000,Colorado,2017Q3,Millions of chained 2017 dollars,6,351901.4
SQGDP9-1,08000,Colorado,2017Q4,Millions of chained 2017 dollars,6,357486.4
SQGDP9-1,08000,Colorado,2018Q1,Millions of chained 2017 dollars,6,365104.7
SQGDP9-1,08000,Colorado,2018Q2,Millions of chained 2017 dollars,6,363911.4
SQGDP9-1,08000,Colorado,2018Q3,Millions of chained 2017 dollars,6,364233.5
SQGDP9-1,08000,Colorado,2018Q4,Millions of chained 2017 dollars,6,367568.5
SQGDP9-1,08000,Colorado,2019Q1,Millions of chained 2017 dollars,6,374316.4
SQGDP9-1,08000,Colorado,2019Q2,Millions of chained 2017 dollars,6,380797.0
SQGDP9-1,08000,Colorado,2019Q3,Millions of chained 2017 dollars,6,389693.4
SQGDP9-1,08000,Colorado,2019Q4,Millions of chained 2017 dollars,6,390095.8
SQGDP9-1,08000,Colorado,2020Q1,Millions of chained 2017 dollars,6,389276.4
SQGDP9-1,08000,Colorado,2020Q2,Millions of chained 2017 dollars,6,359895.2
SQGDP9-1,08000,Colorado,2020Q3,Millions of chained 2017 dollars,6,384893.4
SQGDP9-1,08000,Colorado,2020Q4,Millions of chained 2017 dollars,6,388111.0
SQGDP9-1,08000,Colorado,2021Q1,Millions of chained 2017 dollars,6,396847.4
SQGDP9-1,08000,Colorado,2021Q2,Millions of chained 2017 dollars,6,403095.3
SQGDP9-1,08000,Colorado,2021Q3,Millions of chained 2017 dollars,6,408524.2
SQGDP9-1,08000,Colorado,2021Q4,Millions of chained 2017 dollars,6,416769.7
SQGDP9-1,08000,Colorado,2022Q1,Millions of chained 2017 dollars,6,419985.7
SQGDP9-1,08000,Colorado,2022Q2,Millions of chained 2017 dollars,6,417459.9
SQGDP9-1,08000,Colorado,2022Q3,Millions of chained 2017 dollars,6,424065.0
SQGDP9-1,08000,Colorado,2022Q4,Millions of chained 2017 dollars,6,428794.0
SQGDP9-1,08000,Colorado,2023Q1,Millions of chained 2017 dollars,6,433852.9
SQGDP9-1,08000,Colorado,2023Q2,Millions of chained 2017 dollars,6,438202.6
SQGDP9-1,08000,Colorado,2023Q3,Millions of chained 2017 dollars,6,442682.1
SQGDP9-1,08000,Colorado,2023Q4,Millions of chained 2017 dollars,6,446163.1
SQGDP9-1,08000,Colorado,2024Q1,Millions of chained 2017 dollars,6,442691.2
SQGDP9-1,08000,Colorado,2024Q2,Millions of chained 2017 dollars,6,448156.7
SQGDP9-1,08000,Colorado,2024Q3,Millions of chained 2017 dollars,6,451091.8
SQGDP9-1,08000,Colorado,2024Q4,Millions of chained 2017 dollars,6,453414.4
SQGDP9-1,08000,Colorado,2025Q1,Millions of chained 2017 dollars,6,452218.8
SQGDP9-1,08000,Colorado,2025Q2,Millions of chained 2017 dollars,6,456150.6
SQGDP9-1,08000,Colorado,2025Q3,Millions of chained 2017 dollars,6,461326.1
SQGDP9-1,08000,Colorado,2025Q4,Millions of chained 2017 dollars,6,462892.8
SQGDP9-1,08000,Colorado,2026Q1,Millions of chained 2017 dollars,6,464485.2
SQGDP9-1,09000,Connecticut,2005Q1,Millions of chained 2017 dollars,6,256267.5
SQGDP9-1,09000,Connecticut,2005Q2,Millions of chained 2017 dollars,6,257460.7
SQGDP9-1,09000,Connecticut,2005Q3,Millions of chained 2017 dollars,6,257626.4
SQGDP9-1,09000,Connecticut,2005Q4,Millions of chained 2017 dollars,6,261460.2
SQGDP9-1,09000,Connecticut,2006Q1,Millions of chained 2017 dollars,6,270061.6
SQGDP9-1,09000,Connecticut,2006Q2,Millions of chained 2017 dollars,6,267848.9
SQGDP9-1,09000,Connecticut,2006Q3,Millions of chained 2017 dollars,6,268090.5
SQGDP9-1,09000,Connecticut,2006Q4,Millions of chained 2017 dollars,6,271913.2
SQGDP9-1,09000,Connecticut,2007Q1,Millions of chained 2017 dollars,6,280503.1
SQGDP9-1,09000,Connecticut,2007Q2,Millions of chained 2017 dollars,6,278775.6
SQGDP9-1,09000,Connecticut,2007Q3,Millions of chained 2017 dollars,6,278548.0
SQGDP9-1,09000,Connecticut,2007Q4,Millions of chained 2017 dollars,6,276114.8
SQGDP9-1,09000,Connecticut,2008Q1,Millions of chained 2017 dollars,6,289701.3
SQGDP9-1,09000,Connecticut,2008Q2,Millions of chained 2017 dollars,6,285823.5
SQGDP9-1,09000,Connecticut,2008Q3,Millions of chained 2017 dollars,6,275270.1
SQGDP9-1,09000,Connecticut,2008Q4,Millions of chained 2017 dollars,6,260377.7
SQGDP9-1,09000,Connecticut,2009Q1,Millions of chained 2017 dollars,6,266726.2
SQGDP9-1,09000,Connecticut,2009Q2,Millions of chained 2017 dollars,6,264044.4
SQGDP9-1,09000,Connecticut,2009Q3,Millions of chained 2017 dollars,6,264307.7
SQGDP9-1,09000,Connecticut,2009Q4,Millions of chained 2017 dollars,6,267044.8
SQGDP9-1,09000,Connecticut,2010Q1,Millions of chained 2017 dollars,6,265695.9
SQGDP9-1,09000,Connecticut,2010Q2,Millions of chained 2017 dollars,6,267711.0
SQGDP9-1,09000,Connecticut,2010Q3,Millions of chained 2017 dollars,6,268138.2
SQGDP9-1,09000,Connecticut,2010Q4,Millions of chained 2017 dollars,6,265548.6
SQGDP9-1,09000,Connecticut,2011Q1,Millions of chained 2017 dollars,6,259853.4
SQGDP9-1,09000,Connecticut,2011Q2,Millions of chained 2017 dollars,6,262456.3
SQGDP9-1,09000,Connecticut,2011Q3,Millions of chained 2017 dollars,6,261076.9
SQGDP9-1,09000,Connecticut,2011Q4,Millions of chained 2017 dollars,6,262836.5
SQGDP9-1,09000,Connecticut,2012Q1,Millions of chained 2017 dollars,6,263760.0
SQGDP9-1,09000,Connecticut,2012Q2,Millions of chained 2017 dollars,6,264167.7
SQGDP9-1,09000,Connecticut,2012Q3,Millions of chained 2017 dollars,6,263167.4
SQGDP9-1,09000,Connecticut,2012Q4,Millions of chained 2017 dollars,6,263504.6
SQGDP9-1,09000,Connecticut,2013Q1,Millions of chained 2017 dollars,6,259858.1
SQGDP9-1,09000,Connecticut,2013Q2,Millions of chained 2017 dollars,6,257699.3
SQGDP9-1,09000,Connecticut,2013Q3,Millions of chained 2017 dollars,6,259224.2
SQGDP9-1,09000,Connecticut,2013Q4,Millions of chained 2017 dollars,6,258862.4
SQGDP9-1,09000,Connecticut,2014Q1,Millions of chained 2017 dollars,6,255452.9
SQGDP9-1,09000,Connecticut,2014Q2,Millions of chained 2017 dollars,6,258912.6
SQGDP9-1,09000,Connecticut,2014Q3,Millions of chained 2017 dollars,6,262121.8
SQGDP9-1,09000,Connecticut,2014Q4,Millions of chained 2017 dollars,6,265935.7
SQGDP9-1,09000,Connecticut,2015Q1,Millions of chained 2017 dollars,6,268284.2
SQGDP9-1,09000,Connecticut,2015Q2,Millions of chained 2017 dollars,6,269967.0
SQGDP9-1,09000,Connecticut,2015Q3,Millions of chained 2017 dollars,6,268581.2
SQGDP9-1,09000,Connecticut,2015Q4,Millions of chained 2017 dollars,6,268646.6
SQGDP9-1,09000,Connecticut,2016Q1,Millions of chained 2017 dollars,6,268037.6
SQGDP9-1,09000,Connecticut,2016Q2,Millions of chained 2017 dollars,6,267474.9
SQGDP9-1,09000,Connecticut,2016Q3,Millions of chained 2017 dollars,6,267530.8
SQGDP9-1,09000,Connecticut,2016Q4,Millions of chained 2017 dollars,6,269741.5
SQGDP9-1,09000,Connecticut,2017Q1,Millions of chained 2017 dollars,6,270040.6
SQGDP9-1,09000,Connecticut,2017Q2,Millions of chained 2017 dollars,6,273837.5
SQGDP9-1,09000,Connecticut,2017Q3,Millions of chained 2017 dollars,6,275125.1
SQGDP9-1,09000,Connecticut,2017Q4,Millions of chained 2017 dollars,6,276497.0
SQGDP9-1,09000,Connecticut,2018Q1,Millions of chained 2017 dollars,6,275587.5
SQGDP9-1,09000,Connecticut,2018Q2,Millions of chained 2017 dollars,6,272817.7
SQGDP9-1,09000,Connecticut,2018Q3,Millions of chained 2017 dollars,6,276166.4
SQGDP9-1,09000,Connecticut,2018Q4,Millions of chained 2017 dollars,6,273759.6
SQGDP9-1,09000,Connecticut,2019Q1,Millions of chained 2017 dollars,6,272804.2
SQGDP9-1,09000,Connecticut,2019Q2,Millions of chained 2017 dollars,6,274020.5
SQGDP9-1,09000,Connecticut,2019Q3,Millions of chained 2017 dollars,6,275671.4
SQGDP9-1,09000,Connecticut,2019Q4,Millions of chained 2017 dollars,6,278405.5
SQGDP9-1,09000,Connecticut,2020Q1,Millions of chained 2017 dollars,6,268804.0
SQGDP9-1,09000,Connecticut,2020Q2,Millions of chained 2017 dollars,6,246547.5
SQGDP9-1,09000,Connecticut,2020Q3,Millions of chained 2017 dollars,6,264532.3
SQGDP9-1,09000,Connecticut,2020Q4,Millions of chained 2017 dollars,6,267064.6
SQGDP9-1,09000,Connecticut,2021Q1,Millions of chained 2017 dollars,6,264610.4
SQGDP9-1,09000,Connecticut,2021Q2,Millions of chained 2017 dollars,6,270566.0
SQGDP9-1,09000,Connecticut,2021Q3,Millions of chained 2017 dollars,6,272422.6
SQGDP9-1,09000,Connecticut,2021Q4,Millions of chained 2017 dollars,6,275520.2
SQGDP9-1,09000,Connecticut,2022Q1,Millions of chained 2017 dollars,6,276982.3
SQGDP9-1,09000,Connecticut,2022Q2,Millions of chained 2017 dollars,6,277932.1
SQGDP9-1,09000,Connecticut,2022Q3,Millions of chained 2017 dollars,6,280144.9
SQGDP9-1,09000,Connecticut,2022Q4,Millions of chained 2017 dollars,6,282334.5
SQGDP9-1,09000,Connecticut,2023Q1,Millions of chained 2017 dollars,6,281449.2
SQGDP9-1,09000,Connecticut,2023Q2,Millions of chained 2017 dollars,6,282355.1
SQGDP9-1,09000,Connecticut,2023Q3,Millions of chained 2017 dollars,6,283339.9
SQGDP9-1,09000,Connecticut,2023Q4,Millions of chained 2017 dollars,6,285769.6
SQGDP9-1,09000,Connecticut,2024Q1,Millions of chained 2017 dollars,6,283599.0
SQGDP9-1,09000,Connecticut,2024Q2,Millions of chained 2017 dollars,6,285700.1
SQGDP9-1,09000,Connecticut,2024Q3,Millions of chained 2017 dollars,6,287156.4
SQGDP9-1,09000,Connecticut,2024Q4,Millions of chained 2017 dollars,6,288184.7
SQGDP9-1,09000,Connecticut,2025Q1,Millions of chained 2017 dollars,6,288433.8
SQGDP9-1,09000,Connecticut,2025Q2,Millions of chained 2017 dollars,6,291703.1
SQGDP9-1,09000,Connecticut,2025Q3,Millions of chained 2017 dollars,6,295735.1
SQGDP9-1,09000,Connecticut,2025Q4,Millions of chained 2017 dollars,6,296139.3
SQGDP9-1,09000,Connecticut,2026Q1,Millions of chained 2017 dollars,6,297487.1
SQGDP9-1,10000,Delaware,2005Q1,Millions of chained 2017 dollars,6,65736.5
SQGDP9-1,10000,Delaware,2005Q2,Millions of chained 2017 dollars,6,64145.0
SQGDP9-1,10000,Delaware,2005Q3,Millions of chained 2017 dollars,6,63977.3
SQGDP9-1,10000,Delaware,2005Q4,Millions of chained 2017 dollars,6,71665.9
SQGDP9-1,10000,Delaware,2006Q1,Millions of chained 2017 dollars,6,68092.2
SQGDP9-1,10000,Delaware,2006Q2,Millions of chained 2017 dollars,6,69204.5
SQGDP9-1,10000,Delaware,2006Q3,Millions of chained 2017 dollars,6,68711.3
SQGDP9-1,10000,Delaware,2006Q4,Millions of chained 2017 dollars,6,67639.3
SQGDP9-1,10000,Delaware,2007Q1,Millions of chained 2017 dollars,6,68176.6
SQGDP9-1,10000,Delaware,2007Q2,Millions of chained 2017 dollars,6,69671.4
SQGDP9-1,10000,Delaware,2007Q3,Millions of chained 2017 dollars,6,67870.2
SQGDP9-1,10000,Delaware,2007Q4,Millions of chained 2017 dollars,6,66811.4
SQGDP9-1,10000,Delaware,2008Q1,Millions of chained 2017 dollars,6,65726.9
SQGDP9-1,10000,Delaware,2008Q2,Millions of chained 2017 dollars,6,66347.6
SQGDP9-1,10000,Delaware,2008Q3,Millions of chained 2017 dollars,6,66140.6
SQGDP9-1,10000,Delaware,2008Q4,Millions of chained 2017 dollars,6,64870.2
SQGDP9-1,10000,Delaware,2009Q1,Millions of chained 2017 dollars,6,68521.2
SQGDP9-1,10000,Delaware,2009Q2,Millions of chained 2017 dollars,6,69820.2
SQGDP9-1,10000,Delaware,2009Q3,Millions of chained 2017 dollars,6,70100.6
SQGDP9-1,10000,Delaware,2009Q4,Millions of chained 2017 dollars,6,68302.5
SQGDP9-1,10000,Delaware,2010Q1,Millions of chained 2017 dollars,6,68996.0
SQGDP9-1,10000,Delaware,2010Q2,Millions of chained 2017 dollars,6,67485.6
SQGDP9-1,10000,Delaware,2010Q3,Millions of chained 2017 dollars,6,67940.0
SQGDP9-1,10000,Delaware,2010Q4,Millions of chained 2017 dollars,6,68745.8
SQGDP9-1,10000,Delaware,2011Q1,Millions of chained 2017 dollars,6,69868.2
SQGDP9-1,10000,Delaware,2011Q2,Millions of chained 2017 dollars,6,71024.8
SQGDP9-1,10000,Delaware,2011Q3,Millions of chained 2017 dollars,6,71790.2
SQGDP9-1,10000,Delaware,2011Q4,Millions of chained 2017 dollars,6,71730.7
SQGDP9-1,10000,Delaware,2012Q1,Millions of chained 2017 dollars,6,71929.6
SQGDP9-1,10000,Delaware,2012Q2,Millions of chained 2017 dollars,6,71340.9
SQGDP9-1,10000,Delaware,2012Q3,Millions of chained 2017 dollars,6,70283.8
SQGDP9-1,10000,Delaware,2012Q4,Millions of chained 2017 dollars,6,68695.2
SQGDP9-1,10000,Delaware,2013Q1,Millions of chained 2017 dollars,6,67653.7
SQGDP9-1,10000,Delaware,2013Q2,Millions of chained 2017 dollars,6,67884.4
SQGDP9-1,10000,Delaware,2013Q3,Millions of chained 2017 dollars,6,68245.1
SQGDP9-1,10000,Delaware,2013Q4,Millions of chained 2017 dollars,6,70844.0
SQGDP9-1,10000,Delaware,2014Q1,Millions of chained 2017 dollars,6,71254.7
SQGDP9-1,10000,Delaware,2014Q2,Millions of chained 2017 dollars,6,73741.4
SQGDP9-1,10000,Delaware,2014Q3,Millions of chained 2017 dollars,6,75297.4
SQGDP9-1,10000,Delaware,2014Q4,Millions of chained 2017 dollars,6,75553.6
SQGDP9-1,10000,Delaware,2015Q1,Millions of chained 2017 dollars,6,76773.7
SQGDP9-1,10000,Delaware,2015Q2,Millions of chained 2017 dollars,6,77932.7
SQGDP9-1,10000,Delaware,2015Q3,Millions of chained 2017 dollars,6,75399.8
SQGDP9-1,10000,Delaware,2015Q4,Millions of chained 2017 dollars,6,74738.5
SQGDP9-1,10000,Delaware,2016Q1,Millions of chained 2017 dollars,6,72505.8
SQGDP9-1,10000,Delaware,2016Q2,Millions of chained 2017 dollars,6,72358.7
SQGDP9-1,10000,Delaware,2016Q3,Millions of chained 2017 dollars,6,71532.1
SQGDP9-1,10000,Delaware,2016Q4,Millions of chained 2017 dollars,6,71369.1
SQGDP9-1,10000,Delaware,2017Q1,Millions of chained 2017 dollars,6,70907.2
SQGDP9-1,10000,Delaware,2017Q2,Millions of chained 2017 dollars,6,68917.0
SQGDP9-1,10000,Delaware,2017Q3,Millions of chained 2017 dollars,6,69299.1
SQGDP9-1,10000,Delaware,2017Q4,Millions of chained 2017 dollars,6,69099.1
SQGDP9-1,10000,Delaware,2018Q1,Millions of chained 2017 dollars,6,69615.4
SQGDP9-1,10000,Delaware,2018Q2,Millions of chained 2017 dollars,6,70079.2
SQGDP9-1,10000,Delaware,2018Q3,Millions of chained 2017 dollars,6,71607.7
SQGDP9-1,10000,Delaware,2018Q4,Millions of chained 2017 dollars,6,72123.5
SQGDP9-1,10000,Delaware,2019Q1,Millions of chained 2017 dollars,6,73177.5
SQGDP9-1,10000,Delaware,2019Q2,Millions of chained 2017 dollars,6,74262.8
SQGDP9-1,10000,Delaware,2019Q3,Millions of chained 2017 dollars,6,75296.0
SQGDP9-1,10000,Delaware,2019Q4,Millions of chained 2017 dollars,6,75775.0
SQGDP9-1,10000,Delaware,2020Q1,Millions of chained 2017 dollars,6,73874.7
SQGDP9-1,10000,Delaware,2020Q2,Millions of chained 2017 dollars,6,69548.7
SQGDP9-1,10000,Delaware,2020Q3,Millions of chained 2017 dollars,6,73933.7
SQGDP9-1,10000,Delaware,2020Q4,Millions of chained 2017 dollars,6,73558.0
SQGDP9-1,10000,Delaware,2021Q1,Millions of chained 2017 dollars,6,74086.5
SQGDP9-1,10000,Delaware,2021Q2,Millions of chained 2017 dollars,6,74523.8
SQGDP9-1,10000,Delaware,2021Q3,Millions of chained 2017 dollars,6,75197.2
SQGDP9-1,10000,Delaware,2021Q4,Millions of chained 2017 dollars,6,77014.6
SQGDP9-1,10000,Delaware,2022Q1,Millions of chained 2017 dollars,6,80129.8
SQGDP9-1,10000,Delaware,2022Q2,Millions of chained 2017 dollars,6,80758.5
SQGDP9-1,10000,Delaware,2022Q3,Millions of chained 2017 dollars,6,81613.4
SQGDP9-1,10000,Delaware,2022Q4,Millions of chained 2017 dollars,6,81945.4
SQGDP9-1,10000,Delaware,2023Q1,Millions of chained 2017 dollars,6,81260.3
SQGDP9-1,10000,Delaware,2023Q2,Millions of chained 2017 dollars,6,81606.9
SQGDP9-1,10000,Delaware,2023Q3,Millions of chained 2017 dollars,6,82485.6
SQGDP9-1,10000,Delaware,2023Q4,Millions of chained 2017 dollars,6,83010.9
SQGDP9-1,10000,Delaware,2024Q1,Millions of chained 2017 dollars,6,84133.6
SQGDP9-1,10000,Delaware,2024Q2,Millions of chained 2017 dollars,6,85182.5
SQGDP9-1,10000,Delaware,2024Q3,Millions of chained 2017 dollars,6,85903.7
SQGDP9-1,10000,Delaware,2024Q4,Millions of chained 2017 dollars,6,86182.4
SQGDP9-1,10000,Delaware,2025Q1,Millions of chained 2017 dollars,6,86356.0
SQGDP9-1,10000,Delaware,2025Q2,Millions of chained 2017 dollars,6,87041.2
SQGDP9-1,10000,Delaware,2025Q3,Millions of chained 2017 dollars,6,87886.6
SQGDP9-1,10000,Delaware,2025Q4,Millions of chained 2017 dollars,6,87840.7
SQGDP9-1,10000,Delaware,2026Q1,Millions of chained 2017 dollars,6,87847.6
SQGDP9-1,11000,District of Columbia,2005Q1,Millions of chained 2017 dollars,6,108722.3
SQGDP9-1,11000,District of Columbia,2005Q2,Millions of chained 2017 dollars,6,109213.9
SQGDP9-1,11000,District of Columbia,2005Q3,Millions of chained 2017 dollars,6,108840.6
SQGDP9-1,11000,District of Columbia,2005Q4,Millions of chained 2017 dollars,6,108759.5
SQGDP9-1,11000,District of Columbia,2006Q1,Millions of chained 2017 dollars,6,108532.8
SQGDP9-1,11000,District of Columbia,2006Q2,Millions of chained 2017 dollars,6,108515.4
SQGDP9-1,11000,District of Columbia,2006Q3,Millions of chained 2017 dollars,6,109881.9
SQGDP9-1,11000,District of Columbia,2006Q4,Millions of chained 2017 dollars,6,108463.3
SQGDP9-1,11000,District of Columbia,2007Q1,Millions of chained 2017 dollars,6,110061.8
SQGDP9-1,11000,District of Columbia,2007Q2,Millions of chained 2017 dollars,6,110880.4
SQGDP9-1,11000,District of Columbia,2007Q3,Millions of chained 2017 dollars,6,114210.0
SQGDP9-1,11000,District of Columbia,2007Q4,Millions of chained 2017 dollars,6,113998.4
SQGDP9-1,11000,District of Columbia,2008Q1,Millions of chained 2017 dollars,6,116122.6
SQGDP9-1,11000,District of Columbia,2008Q2,Millions of chained 2017 dollars,6,116091.2
SQGDP9-1,11000,District of Columbia,2008Q3,Millions of chained 2017 dollars,6,116563.2
SQGDP9-1,11000,District of Columbia,2008Q4,Millions of chained 2017 dollars,6,116077.8
SQGDP9-1,11000,District of Columbia,2009Q1,Millions of chained 2017 dollars,6,114820.9
SQGDP9-1,11000,District of Columbia,2009Q2,Millions of chained 2017 dollars,6,115861.9
SQGDP9-1,11000,District of Columbia,2009Q3,Millions of chained 2017 dollars,6,115698.3
SQGDP9-1,11000,District of Columbia,2009Q4,Millions of chained 2017 dollars,6,116202.9
SQGDP9-1,11000,District of Columbia,2010Q1,Millions of chained 2017 dollars,6,118597.4
SQGDP9-1,11000,District of Columbia,2010Q2,Millions of chained 2017 dollars,6,120407.3
SQGDP9-1,11000,District of Columbia,2010Q3,Millions of chained 2017 dollars,6,120863.4
SQGDP9-1,11000,District of Columbia,2010Q4,Millions of chained 2017 dollars,6,121704.7
SQGDP9-1,11000,District of Columbia,2011Q1,Millions of chained 2017 dollars,6,122126.8
SQGDP9-1,11000,District of Columbia,2011Q2,Millions of chained 2017 dollars,6,122877.0
SQGDP9-1,11000,District of Columbia,2011Q3,Millions of chained 2017 dollars,6,123086.4
SQGDP9-1,11000,District of Columbia,2011Q4,Millions of chained 2017 dollars,6,122455.3
SQGDP9-1,11000,District of Columbia,2012Q1,Millions of chained 2017 dollars,6,123126.6
SQGDP9-1,11000,District of Columbia,2012Q2,Millions of chained 2017 dollars,6,123989.2
SQGDP9-1,11000,District of Columbia,2012Q3,Millions of chained 2017 dollars,6,123904.3
SQGDP9-1,11000,District of Columbia,2012Q4,Millions of chained 2017 dollars,6,123251.3
SQGDP9-1,11000,District of Columbia,2013Q1,Millions of chained 2017 dollars,6,124418.7
SQGDP9-1,11000,District of Columbia,2013Q2,Millions of chained 2017 dollars,6,123549.6
SQGDP9-1,11000,District of Columbia,2013Q3,Millions of chained 2017 dollars,6,123931.5
SQGDP9-1,11000,District of Columbia,2013Q4,Millions of chained 2017 dollars,6,124479.4
SQGDP9-1,11000,District of Columbia,2014Q1,Millions of chained 2017 dollars,6,125898.0
SQGDP9-1,11000,District of Columbia,2014Q2,Millions of chained 2017 dollars,6,126257.3
SQGDP9-1,11000,District of Columbia,2014Q3,Millions of chained 2017 dollars,6,127427.3
SQGDP9-1,11000,District of Columbia,2014Q4,Millions of chained 2017 dollars,6,127953.1
SQGDP9-1,11000,District of Columbia,2015Q1,Millions of chained 2017 dollars,6,128720.2
SQGDP9-1,11000,District of Columbia,2015Q2,Millions of chained 2017 dollars,6,129520.7
SQGDP9-1,11000,District of Columbia,2015Q3,Millions of chained 2017 dollars,6,128927.9
SQGDP9-1,11000,District of Columbia,2015Q4,Millions of chained 2017 dollars,6,129272.0
SQGDP9-1,11000,District of Columbia,2016Q1,Millions of chained 2017 dollars,6,131617.9
SQGDP9-1,11000,District of Columbia,2016Q2,Millions of chained 2017 dollars,6,132312.1
SQGDP9-1,11000,District of Columbia,2016Q3,Millions of chained 2017 dollars,6,132029.2
SQGDP9-1,11000,District of Columbia,2016Q4,Millions of chained 2017 dollars,6,132911.9
SQGDP9-1,11000,District of Columbia,2017Q1,Millions of chained 2017 dollars,6,132445.5
SQGDP9-1,11000,District of Columbia,2017Q2,Millions of chained 2017 dollars,6,133333.2
SQGDP9-1,11000,District of Columbia,2017Q3,Millions of chained 2017 dollars,6,135963.9
SQGDP9-1,11000,District of Columbia,2017Q4,Millions of chained 2017 dollars,6,135452.5
SQGDP9-1,11000,District of Columbia,2018Q1,Millions of chained 2017 dollars,6,136413.6
SQGDP9-1,11000,District of Columbia,2018Q2,Millions of chained 2017 dollars,6,137731.6
SQGDP9-1,11000,District of Columbia,2018Q3,Millions of chained 2017 dollars,6,139354.8
SQGDP9-1,11000,District of Columbia,2018Q4,Millions of chained 2017 dollars,6,138727.2
SQGDP9-1,11000,District of Columbia,2019Q1,Millions of chained 2017 dollars,6,136985.1
SQGDP9-1,11000,District of Columbia,2019Q2,Millions of chained 2017 dollars,6,138437.8
SQGDP9-1,11000,District of Columbia,2019Q3,Millions of chained 2017 dollars,6,139513.7
SQGDP9-1,11000,District of Columbia,2019Q4,Millions of chained 2017 dollars,6,140702.1
SQGDP9-1,11000,District of Columbia,2020Q1,Millions of chained 2017 dollars,6,140108.3
SQGDP9-1,11000,District of Columbia,2020Q2,Millions of chained 2017 dollars,6,132929.0
SQGDP9-1,11000,District of Columbia,2020Q3,Millions of chained 2017 dollars,6,137973.0
SQGDP9-1,11000,District of Columbia,2020Q4,Millions of chained 2017 dollars,6,140305.2
SQGDP9-1,11000,District of Columbia,2021Q1,Millions of chained 2017 dollars,6,139865.8
SQGDP9-1,11000,District of Columbia,2021Q2,Millions of chained 2017 dollars,6,143395.3
SQGDP9-1,11000,District of Columbia,2021Q3,Millions of chained 2017 dollars,6,145150.1
SQGDP9-1,11000,District of Columbia,2021Q4,Millions of chained 2017 dollars,6,144943.9
SQGDP9-1,11000,District of Columbia,2022Q1,Millions of chained 2017 dollars,6,145054.0
SQGDP9-1,11000,District of Columbia,2022Q2,Millions of chained 2017 dollars,6,142988.3
SQGDP9-1,11000,District of Columbia,2022Q3,Millions of chained 2017 dollars,6,142409.9
SQGDP9-1,11000,District of Columbia,2022Q4,Millions of chained 2017 dollars,6,141751.0
SQGDP9-1,11000,District of Columbia,2023Q1,Millions of chained 2017 dollars,6,142009.7
SQGDP9-1,11000,District of Columbia,2023Q2,Millions of chained 2017 dollars,6,143245.3
SQGDP9-1,11000,District of Columbia,2023Q3,Millions of chained 2017 dollars,6,143312.7
SQGDP9-1,11000,District of Columbia,2023Q4,Millions of chained 2017 dollars,6,144149.2
SQGDP9-1,11000,District of Columbia,2024Q1,Millions of chained 2017 dollars,6,143979.7
SQGDP9-1,11000,District of Columbia,2024Q2,Millions of chained 2017 dollars,6,144451.7
SQGDP9-1,11000,District of Columbia,2024Q3,Millions of chained 2017 dollars,6,144752.1
SQGDP9-1,11000,District of Columbia,2024Q4,Millions of chained 2017 dollars,6,147168.3
SQGDP9-1,11000,District of Columbia,2025Q1,Millions of chained 2017 dollars,6,146251.6
SQGDP9-1,11000,District of Columbia,2025Q2,Millions of chained 2017 dollars,6,146236.5
SQGDP9-1,11000,District of Columbia,2025Q3,Millions of chained 2017 dollars,6,146716.3
SQGDP9-1,11000,District of Columbia,2025Q4,Millions of chained 2017 dollars,6,143581.6
SQGDP9-1,11000,District of Columbia,2026Q1,Millions of chained 2017 dollars,6,144376.3
SQGDP9-1,12000,Florida,2005Q1,Millions of chained 2017 dollars,6,872048.0
SQGDP9-1,12000,Florida,2005Q2,Millions of chained 2017 dollars,6,877633.4
SQGDP9-1,12000,Florida,2005Q3,Millions of chained 2017 dollars,6,892662.4
SQGDP9-1,12000,Florida,2005Q4,Millions of chained 2017 dollars,6,890314.1
SQGDP9-1,12000,Florida,2006Q1,Millions of chained 2017 dollars,6,902478.3
SQGDP9-1,12000,Florida,2006Q2,Millions of chained 2017 dollars,6,905832.1
SQGDP9-1,12000,Florida,2006Q3,Millions of chained 2017 dollars,6,907829.5
SQGDP9-1,12000,Florida,2006Q4,Millions of chained 2017 dollars,6,921055.6
SQGDP9-1,12000,Florida,2007Q1,Millions of chained 2017 dollars,6,915009.6
SQGDP9-1,12000,Florida,2007Q2,Millions of chained 2017 dollars,6,921777.1
SQGDP9-1,12000,Florida,2007Q3,Millions of chained 2017 dollars,6,928467.5
SQGDP9-1,12000,Florida,2007Q4,Millions of chained 2017 dollars,6,923899.0
SQGDP9-1,12000,Florida,2008Q1,Millions of chained 2017 dollars,6,909549.6
SQGDP9-1,12000,Florida,2008Q2,Millions of chained 2017 dollars,6,905576.0
SQGDP9-1,12000,Florida,2008Q3,Millions of chained 2017 dollars,6,891412.4
SQGDP9-1,12000,Florida,2008Q4,Millions of chained 2017 dollars,6,860529.3
SQGDP9-1,12000,Florida,2009Q1,Millions of chained 2017 dollars,6,846566.6
SQGDP9-1,12000,Florida,2009Q2,Millions of chained 2017 dollars,6,837256.6
SQGDP9-1,12000,Florida,2009Q3,Millions of chained 2017 dollars,6,833937.0
SQGDP9-1,12000,Florida,2009Q4,Millions of chained 2017 dollars,6,844162.5
SQGDP9-1,12000,Florida,2010Q1,Millions of chained 2017 dollars,6,842088.0
SQGDP9-1,12000,Florida,2010Q2,Millions of chained 2017 dollars,6,850001.2
SQGDP9-1,12000,Florida,2010Q3,Millions of chained 2017 dollars,6,856943.3
SQGDP9-1,12000,Florida,2010Q4,Millions of chained 2017 dollars,6,858793.1
SQGDP9-1,12000,Florida,2011Q1,Millions of chained 2017 dollars,6,846083.9
SQGDP9-1,12000,Florida,2011Q2,Millions of chained 2017 dollars,6,853070.2
SQGDP9-1,12000,Florida,2011Q3,Millions of chained 2017 dollars,6,846179.8
SQGDP9-1,12000,Florida,2011Q4,Millions of chained 2017 dollars,6,852247.4
SQGDP9-1,12000,Florida,2012Q1,Millions of chained 2017 dollars,6,855312.1
SQGDP9-1,12000,Florida,2012Q2,Millions of chained 2017 dollars,6,854201.6
SQGDP9-1,12000,Florida,2012Q3,Millions of chained 2017 dollars,6,862159.2
SQGDP9-1,12000,Florida,2012Q4,Millions of chained 2017 dollars,6,859772.5
SQGDP9-1,12000,Florida,2013Q1,Millions of chained 2017 dollars,6,873524.7
SQGDP9-1,12000,Florida,2013Q2,Millions of chained 2017 dollars,6,874536.8
SQGDP9-1,12000,Florida,2013Q3,Millions of chained 2017 dollars,6,882753.9
SQGDP9-1,12000,Florida,2013Q4,Millions of chained 2017 dollars,6,889918.6
SQGDP9-1,12000,Florida,2014Q1,Millions of chained 2017 dollars,6,890251.7
SQGDP9-1,12000,Florida,2014Q2,Millions of chained 2017 dollars,6,900744.5
SQGDP9-1,12000,Florida,2014Q3,Millions of chained 2017 dollars,6,911509.3
SQGDP9-1,12000,Florida,2014Q4,Millions of chained 2017 dollars,6,920088.4
SQGDP9-1,12000,Florida,2015Q1,Millions of chained 2017 dollars,6,929324.3
SQGDP9-1,12000,Florida,2015Q2,Millions of chained 2017 dollars,6,942826.0
SQGDP9-1,12000,Florida,2015Q3,Millions of chained 2017 dollars,6,951363.5
SQGDP9-1,12000,Florida,2015Q4,Millions of chained 2017 dollars,6,960202.3
SQGDP9-1,12000,Florida,2016Q1,Millions of chained 2017 dollars,6,961563.1
SQGDP9-1,12000,Florida,2016Q2,Millions of chained 2017 dollars,6,973438.5
SQGDP9-1,12000,Florida,2016Q3,Millions of chained 2017 dollars,6,987088.5
SQGDP9-1,12000,Florida,2016Q4,Millions of chained 2017 dollars,6,993868.9
SQGDP9-1,12000,Florida,2017Q1,Millions of chained 2017 dollars,6,1003618.4
SQGDP9-1,12000,Florida,2017Q2,Millions of chained 2017 dollars,6,1008929.1
SQGDP9-1,12000,Florida,2017Q3,Millions of chained 2017 dollars,6,1015823.3
SQGDP9-1,12000,Florida,2017Q4,Millions of chained 2017 dollars,6,1031096.7
SQGDP9-1,12000,Florida,2018Q1,Millions of chained 2017 dollars,6,1043422.3
SQGDP9-1,12000,Florida,2018Q2,Millions of chained 2017 dollars,6,1043767.4
SQGDP9-1,12000,Florida,2018Q3,Millions of chained 2017 dollars,6,1056123.0
SQGDP9-1,12000,Florida,2018Q4,Millions of chained 2017 dollars,6,1058422.5
SQGDP9-1,12000,Florida,2019Q1,Millions of chained 2017 dollars,6,1071660.3
SQGDP9-1,12000,Florida,2019Q2,Millions of chained 2017 dollars,6,1077271.5
SQGDP9-1,12000,Florida,2019Q3,Millions of chained 2017 dollars,6,1089801.6
SQGDP9-1,12000,Florida,2019Q4,Millions of chained 2017 dollars,6,1100922.2
SQGDP9-1,12000,Florida,2020Q1,Millions of chained 2017 dollars,6,1089624.0
SQGDP9-1,12000,Florida,2020Q2,Millions of chained 2017 dollars,6,1007695.1
SQGDP9-1,12000,Florida,2020Q3,Millions of chained 2017 dollars,6,1091965.9
SQGDP9-1,12000,Florida,2020Q4,Millions of chained 2017 dollars,6,1100641.3
SQGDP9-1,12000,Florida,2021Q1,Millions of chained 2017 dollars,6,1124904.2
SQGDP9-1,12000,Florida,2021Q2,Millions of chained 2017 dollars,6,1163580.8
SQGDP9-1,12000,Florida,2021Q3,Millions of chained 2017 dollars,6,1184949.3
SQGDP9-1,12000,Florida,2021Q4,Millions of chained 2017 dollars,6,1217187.1
SQGDP9-1,12000,Florida,2022Q1,Millions of chained 2017 dollars,6,1217081.0
SQGDP9-1,12000,Florida,2022Q2,Millions of chained 2017 dollars,6,1235640.6
SQGDP9-1,12000,Florida,2022Q3,Millions of chained 2017 dollars,6,1257465.3
SQGDP9-1,12000,Florida,2022Q4,Millions of chained 2017 dollars,6,1273523.3
SQGDP9-1,12000,Florida,2023Q1,Millions of chained 2017 dollars,6,1293894.1
SQGDP9-1,12000,Florida,2023Q2,Millions of chained 2017 dollars,6,1299054.3
SQGDP9-1,12000,Florida,2023Q3,Millions of chained 2017 dollars,6,1313046.5
SQGDP9-1,12000,Florida,2023Q4,Millions of chained 2017 dollars,6,1331574.1
SQGDP9-1,12000,Florida,2024Q1,Millions of chained 2017 dollars,6,1336382.9
SQGDP9-1,12000,Florida,2024Q2,Millions of chained 2017 dollars,6,1342756.6
SQGDP9-1,12000,Florida,2024Q3,Millions of chained 2017 dollars,6,1360518.4
SQGDP9-1,12000,Florida,2024Q4,Millions of chained 2017 dollars,6,1369442.5
SQGDP9-1,12000,Florida,2025Q1,Millions of chained 2017 dollars,6,1378378.1
SQGDP9-1,12000,Florida,2025Q2,Millions of chained 2017 dollars,6,1389502.1
SQGDP9-1,12000,Florida,2025Q3,Millions of chained 2017 dollars,6,1401580.5
SQGDP9-1,12000,Florida,2025Q4,Millions of chained 2017 dollars,6,1405887.7
SQGDP9-1,12000,Florida,2026Q1,Millions of chained 2017 dollars,6,1411368.4
SQGDP9-1,13000,Georgia,2005Q1,Millions of chained 2017 dollars,6,476989.2
SQGDP9-1,13000,Georgia,2005Q2,Millions of chained 2017 dollars,6,479548.8
SQGDP9-1,13000,Georgia,2005Q3,Millions of chained 2017 dollars,6,480522.6
SQGDP9-1,13000,Georgia,2005Q4,Millions of chained 2017 dollars,6,486292.7
SQGDP9-1,13000,Georgia,2006Q1,Millions of chained 2017 dollars,6,483793.8
SQGDP9-1,13000,Georgia,2006Q2,Millions of chained 2017 dollars,6,485066.7
SQGDP9-1,13000,Georgia,2006Q3,Millions of chained 2017 dollars,6,488063.4
SQGDP9-1,13000,Georgia,2006Q4,Millions of chained 2017 dollars,6,493175.8
SQGDP9-1,13000,Georgia,2007Q1,Millions of chained 2017 dollars,6,492348.7
SQGDP9-1,13000,Georgia,2007Q2,Millions of chained 2017 dollars,6,492181.4
SQGDP9-1,13000,Georgia,2007Q3,Millions of chained 2017 dollars,6,491679.7
SQGDP9-1,13000,Georgia,2007Q4,Millions of chained 2017 dollars,6,492745.0
SQGDP9-1,13000,Georgia,2008Q1,Millions of chained 2017 dollars,6,484755.7
SQGDP9-1,13000,Georgia,2008Q2,Millions of chained 2017 dollars,6,488654.1
SQGDP9-1,13000,Georgia,2008Q3,Millions of chained 2017 dollars,6,485166.2
SQGDP9-1,13000,Georgia,2008Q4,Millions of chained 2017 dollars,6,468865.2
SQGDP9-1,13000,Georgia,2009Q1,Millions of chained 2017 dollars,6,462811.4
SQGDP9-1,13000,Georgia,2009Q2,Millions of chained 2017 dollars,6,464178.8
SQGDP9-1,13000,Georgia,2009Q3,Millions of chained 2017 dollars,6,463653.2
SQGDP9-1,13000,Georgia,2009Q4,Millions of chained 2017 dollars,6,465423.8
SQGDP9-1,13000,Georgia,2010Q1,Millions of chained 2017 dollars,6,466169.9
SQGDP9-1,13000,Georgia,2010Q2,Millions of chained 2017 dollars,6,468376.6
SQGDP9-1,13000,Georgia,2010Q3,Millions of chained 2017 dollars,6,473166.5
SQGDP9-1,13000,Georgia,2010Q4,Millions of chained 2017 dollars,6,478640.0
SQGDP9-1,13000,Georgia,2011Q1,Millions of chained 2017 dollars,6,478261.4
SQGDP9-1,13000,Georgia,2011Q2,Millions of chained 2017 dollars,6,479415.4
SQGDP9-1,13000,Georgia,2011Q3,Millions of chained 2017 dollars,6,481910.4
SQGDP9-1,13000,Georgia,2011Q4,Millions of chained 2017 dollars,6,485274.3
SQGDP9-1,13000,Georgia,2012Q1,Millions of chained 2017 dollars,6,486783.6
SQGDP9-1,13000,Georgia,2012Q2,Millions of chained 2017 dollars,6,489425.7
SQGDP9-1,13000,Georgia,2012Q3,Millions of chained 2017 dollars,6,490548.4
SQGDP9-1,13000,Georgia,2012Q4,Millions of chained 2017 dollars,6,489351.5
SQGDP9-1,13000,Georgia,2013Q1,Millions of chained 2017 dollars,6,497148.3
SQGDP9-1,13000,Georgia,2013Q2,Millions of chained 2017 dollars,6,497941.2
SQGDP9-1,13000,Georgia,2013Q3,Millions of chained 2017 dollars,6,500347.8
SQGDP9-1,13000,Georgia,2013Q4,Millions of chained 2017 dollars,6,504163.4
SQGDP9-1,13000,Georgia,2014Q1,Millions of chained 2017 dollars,6,507848.9
SQGDP9-1,13000,Georgia,2014Q2,Millions of chained 2017 dollars,6,515854.4
SQGDP9-1,13000,Georgia,2014Q3,Millions of chained 2017 dollars,6,521847.9
SQGDP9-1,13000,Georgia,2014Q4,Millions of chained 2017 dollars,6,524496.5
SQGDP9-1,13000,Georgia,2015Q1,Millions of chained 2017 dollars,6,532564.7
SQGDP9-1,13000,Georgia,2015Q2,Millions of chained 2017 dollars,6,539696.9
SQGDP9-1,13000,Georgia,2015Q3,Millions of chained 2017 dollars,6,542769.8
SQGDP9-1,13000,Georgia,2015Q4,Millions of chained 2017 dollars,6,545402.7
SQGDP9-1,13000,Georgia,2016Q1,Millions of chained 2017 dollars,6,556295.1
SQGDP9-1,13000,Georgia,2016Q2,Millions of chained 2017 dollars,6,558761.7
SQGDP9-1,13000,Georgia,2016Q3,Millions of chained 2017 dollars,6,563192.5
SQGDP9-1,13000,Georgia,2016Q4,Millions of chained 2017 dollars,6,568623.7
SQGDP9-1,13000,Georgia,2017Q1,Millions of chained 2017 dollars,6,576513.1
SQGDP9-1,13000,Georgia,2017Q2,Millions of chained 2017 dollars,6,578985.7
SQGDP9-1,13000,Georgia,2017Q3,Millions of chained 2017 dollars,6,584304.5
SQGDP9-1,13000,Georgia,2017Q4,Millions of chained 2017 dollars,6,594370.0
SQGDP9-1,13000,Georgia,2018Q1,Millions of chained 2017 dollars,6,592862.9
SQGDP9-1,13000,Georgia,2018Q2,Millions of chained 2017 dollars,6,597845.3
SQGDP9-1,13000,Georgia,2018Q3,Millions of chained 2017 dollars,6,605171.3
SQGDP9-1,13000,Georgia,2018Q4,Millions of chained 2017 dollars,6,607859.2
SQGDP9-1,13000,Georgia,2019Q1,Millions of chained 2017 dollars,6,611817.8
SQGDP9-1,13000,Georgia,2019Q2,Millions of chained 2017 dollars,6,617858.1
SQGDP9-1,13000,Georgia,2019Q3,Millions of chained 2017 dollars,6,625225.3
SQGDP9-1,13000,Georgia,2019Q4,Millions of chained 2017 dollars,6,628078.4
SQGDP9-1,13000,Georgia,2020Q1,Millions of chained 2017 dollars,6,616257.2
SQGDP9-1,13000,Georgia,2020Q2,Millions of chained 2017 dollars,6,567926.0
SQGDP9-1,13000,Georgia,2020Q3,Millions of chained 2017 dollars,6,611620.2
SQGDP9-1,13000,Georgia,2020Q4,Millions of chained 2017 dollars,6,617006.8
SQGDP9-1,13000,Georgia,2021Q1,Millions of chained 2017 dollars,6,628848.7
SQGDP9-1,13000,Georgia,2021Q2,Millions of chained 2017 dollars,6,638560.5
SQGDP9-1,13000,Georgia,2021Q3,Millions of chained 2017 dollars,6,647200.8
SQGDP9-1,13000,Georgia,2021Q4,Millions of chained 2017 dollars,6,660383.9
SQGDP9-1,13000,Georgia,2022Q1,Millions of chained 2017 dollars,6,659210.2
SQGDP9-1,13000,Georgia,2022Q2,Millions of chained 2017 dollars,6,669910.5
SQGDP9-1,13000,Georgia,2022Q3,Millions of chained 2017 dollars,6,672371.2
SQGDP9-1,13000,Georgia,2022Q4,Millions of chained 2017 dollars,6,678936.9
SQGDP9-1,13000,Georgia,2023Q1,Millions of chained 2017 dollars,6,671964.9
SQGDP9-1,13000,Georgia,2023Q2,Millions of chained 2017 dollars,6,676493.3
SQGDP9-1,13000,Georgia,2023Q3,Millions of chained 2017 dollars,6,682134.0
SQGDP9-1,13000,Georgia,2023Q4,Millions of chained 2017 dollars,6,687196.7
SQGDP9-1,13000,Georgia,2024Q1,Millions of chained 2017 dollars,6,690282.1
SQGDP9-1,13000,Georgia,2024Q2,Millions of chained 2017 dollars,6,695600.7
SQGDP9-1,13000,Georgia,2024Q3,Millions of chained 2017 dollars,6,699946.5
SQGDP9-1,13000,Georgia,2024Q4,Millions of chained 2017 dollars,6,703974.2
SQGDP9-1,13000,Georgia,2025Q1,Millions of chained 2017 dollars,6,702395.7
SQGDP9-1,13000,Georgia,2025Q2,Millions of chained 2017 dollars,6,707272.9
SQGDP9-1,13000,Georgia,2025Q3,Millions of chained 2017 dollars,6,715808.5
SQGDP9-1,13000,Georgia,2025Q4,Millions of chained 2017 dollars,6,716172.1
SQGDP9-1,13000,Georgia,2026Q1,Millions of chained 2017 dollars,6,720633.0
SQGDP9-1,15000,Hawaii,2005Q1,Millions of chained 2017 dollars,6,71892.1
SQGDP9-1,15000,Hawaii,2005Q2,Millions of chained 2017 dollars,6,72515.1
SQGDP9-1,15000,Hawaii,2005Q3,Millions of chained 2017 dollars,6,73179.2
SQGDP9-1,15000,Hawaii,2005Q4,Millions of chained 2017 dollars,6,74181.1
SQGDP9-1,15000,Hawaii,2006Q1,Millions of chained 2017 dollars,6,73938.5
SQGDP9-1,15000,Hawaii,2006Q2,Millions of chained 2017 dollars,6,74759.7
SQGDP9-1,15000,Hawaii,2006Q3,Millions of chained 2017 dollars,6,75369.6
SQGDP9-1,15000,Hawaii,2006Q4,Millions of chained 2017 dollars,6,75504.0
SQGDP9-1,15000,Hawaii,2007Q1,Millions of chained 2017 dollars,6,75336.5
SQGDP9-1,15000,Hawaii,2007Q2,Millions of chained 2017 dollars,6,75761.1
SQGDP9-1,15000,Hawaii,2007Q3,Millions of chained 2017 dollars,6,76972.0
SQGDP9-1,15000,Hawaii,2007Q4,Millions of chained 2017 dollars,6,77666.8
SQGDP9-1,15000,Hawaii,2008Q1,Millions of chained 2017 dollars,6,77352.4
SQGDP9-1,15000,Hawaii,2008Q2,Millions of chained 2017 dollars,6,77990.4
SQGDP9-1,15000,Hawaii,2008Q3,Millions of chained 2017 dollars,6,76898.3
SQGDP9-1,15000,Hawaii,2008Q4,Millions of chained 2017 dollars,6,75079.7
SQGDP9-1,15000,Hawaii,2009Q1,Millions of chained 2017 dollars,6,74246.5
SQGDP9-1,15000,Hawaii,2009Q2,Millions of chained 2017 dollars,6,74269.7
SQGDP9-1,15000,Hawaii,2009Q3,Millions of chained 2017 dollars,6,73798.0
SQGDP9-1,15000,Hawaii,2009Q4,Millions of chained 2017 dollars,6,74159.9
SQGDP9-1,15000,Hawaii,2010Q1,Millions of chained 2017 dollars,6,75196.0
SQGDP9-1,15000,Hawaii,2010Q2,Millions of chained 2017 dollars,6,75651.5
SQGDP9-1,15000,Hawaii,2010Q3,Millions of chained 2017 dollars,6,76718.0
SQGDP9-1,15000,Hawaii,2010Q4,Millions of chained 2017 dollars,6,76955.2
SQGDP9-1,15000,Hawaii,2011Q1,Millions of chained 2017 dollars,6,76974.8
SQGDP9-1,15000,Hawaii,2011Q2,Millions of chained 2017 dollars,6,76992.3
SQGDP9-1,15000,Hawaii,2011Q3,Millions of chained 2017 dollars,6,76766.8
SQGDP9-1,15000,Hawaii,2011Q4,Millions of chained 2017 dollars,6,77962.9
SQGDP9-1,15000,Hawaii,2012Q1,Millions of chained 2017 dollars,6,78088.9
SQGDP9-1,15000,Hawaii,2012Q2,Millions of chained 2017 dollars,6,78728.3
SQGDP9-1,15000,Hawaii,2012Q3,Millions of chained 2017 dollars,6,79072.6
SQGDP9-1,15000,Hawaii,2012Q4,Millions of chained 2017 dollars,6,78886.3
SQGDP9-1,15000,Hawaii,2013Q1,Millions of chained 2017 dollars,6,80480.1
SQGDP9-1,15000,Hawaii,2013Q2,Millions of chained 2017 dollars,6,80183.7
SQGDP9-1,15000,Hawaii,2013Q3,Millions of chained 2017 dollars,6,80590.7
SQGDP9-1,15000,Hawaii,2013Q4,Millions of chained 2017 dollars,6,80884.9
SQGDP9-1,15000,Hawaii,2014Q1,Millions of chained 2017 dollars,6,80381.2
SQGDP9-1,15000,Hawaii,2014Q2,Millions of chained 2017 dollars,6,81088.4
SQGDP9-1,15000,Hawaii,2014Q3,Millions of chained 2017 dollars,6,81876.6
SQGDP9-1,15000,Hawaii,2014Q4,Millions of chained 2017 dollars,6,81873.4
SQGDP9-1,15000,Hawaii,2015Q1,Millions of chained 2017 dollars,6,83001.3
SQGDP9-1,15000,Hawaii,2015Q2,Millions of chained 2017 dollars,6,83774.8
SQGDP9-1,15000,Hawaii,2015Q3,Millions of chained 2017 dollars,6,84134.2
SQGDP9-1,15000,Hawaii,2015Q4,Millions of chained 2017 dollars,6,84520.3
SQGDP9-1,15000,Hawaii,2016Q1,Millions of chained 2017 dollars,6,85068.9
SQGDP9-1,15000,Hawaii,2016Q2,Millions of chained 2017 dollars,6,85526.3
SQGDP9-1,15000,Hawaii,2016Q3,Millions of chained 2017 dollars,6,85837.4
SQGDP9-1,15000,Hawaii,2016Q4,Millions of chained 2017 dollars,6,86249.1
SQGDP9-1,15000,Hawaii,2017Q1,Millions of chained 2017 dollars,6,86952.5
SQGDP9-1,15000,Hawaii,2017Q2,Millions of chained 2017 dollars,6,87167.1
SQGDP9-1,15000,Hawaii,2017Q3,Millions of chained 2017 dollars,6,87677.6
SQGDP9-1,15000,Hawaii,2017Q4,Millions of chained 2017 dollars,6,87948.2
SQGDP9-1,15000,Hawaii,2018Q1,Millions of chained 2017 dollars,6,88319.5
SQGDP9-1,15000,Hawaii,2018Q2,Millions of chained 2017 dollars,6,89232.3
SQGDP9-1,15000,Hawaii,2018Q3,Millions of chained 2017 dollars,6,88903.6
SQGDP9-1,15000,Hawaii,2018Q4,Millions of chained 2017 dollars,6,88890.3
SQGDP9-1,15000,Hawaii,2019Q1,Millions of chained 2017 dollars,6,88668.7
SQGDP9-1,15000,Hawaii,2019Q2,Millions of chained 2017 dollars,6,88374.6
SQGDP9-1,15000,Hawaii,2019Q3,Millions of chained 2017 dollars,6,89018.8
SQGDP9-1,15000,Hawaii,2019Q4,Millions of chained 2017 dollars,6,89358.8
SQGDP9-1,15000,Hawaii,2020Q1,Millions of chained 2017 dollars,6,86828.7
SQGDP9-1,15000,Hawaii,2020Q2,Millions of chained 2017 dollars,6,74933.2
SQGDP9-1,15000,Hawaii,2020Q3,Millions of chained 2017 dollars,6,77388.6
SQGDP9-1,15000,Hawaii,2020Q4,Millions of chained 2017 dollars,6,79636.7
SQGDP9-1,15000,Hawaii,2021Q1,Millions of chained 2017 dollars,6,81205.7
SQGDP9-1,15000,Hawaii,2021Q2,Millions of chained 2017 dollars,6,84498.0
SQGDP9-1,15000,Hawaii,2021Q3,Millions of chained 2017 dollars,6,86538.0
SQGDP9-1,15000,Hawaii,2021Q4,Millions of chained 2017 dollars,6,85886.5
SQGDP9-1,15000,Hawaii,2022Q1,Millions of chained 2017 dollars,6,86674.7
SQGDP9-1,15000,Hawaii,2022Q2,Millions of chained 2017 dollars,6,86881.7
SQGDP9-1,15000,Hawaii,2022Q3,Millions of chained 2017 dollars,6,87721.8
SQGDP9-1,15000,Hawaii,2022Q4,Millions of chained 2017 dollars,6,88686.6
SQGDP9-1,15000,Hawaii,2023Q1,Millions of chained 2017 dollars,6,88745.5
SQGDP9-1,15000,Hawaii,2023Q2,Millions of chained 2017 dollars,6,89451.6
SQGDP9-1,15000,Hawaii,2023Q3,Millions of chained 2017 dollars,6,89526.7
SQGDP9-1,15000,Hawaii,2023Q4,Millions of chained 2017 dollars,6,90845.0
SQGDP9-1,15000,Hawaii,2024Q1,Millions of chained 2017 dollars,6,90660.0
SQGDP9-1,15000,Hawaii,2024Q2,Millions of chained 2017 dollars,6,91539.0
SQGDP9-1,15000,Hawaii,2024Q3,Millions of chained 2017 dollars,6,92495.2
SQGDP9-1,15000,Hawaii,2024Q4,Millions of chained 2017 dollars,6,92817.7
SQGDP9-1,15000,Hawaii,2025Q1,Millions of chained 2017 dollars,6,93750.2
SQGDP9-1,15000,Hawaii,2025Q2,Millions of chained 2017 dollars,6,93853.2
SQGDP9-1,15000,Hawaii,2025Q3,Millions of chained 2017 dollars,6,94530.8
SQGDP9-1,15000,Hawaii,2025Q4,Millions of chained 2017 dollars,6,94442.6
SQGDP9-1,15000,Hawaii,2026Q1,Millions of chained 2017 dollars,6,95000.3
SQGDP9-1,16000,Idaho,2005Q1,Millions of chained 2017 dollars,6,58327.2
SQGDP9-1,16000,Idaho,2005Q2,Millions of chained 2017 dollars,6,59144.2
SQGDP9-1,16000,Idaho,2005Q3,Millions of chained 2017 dollars,6,60007.1
SQGDP9-1,16000,Idaho,2005Q4,Millions of chained 2017 dollars,6,59849.1
SQGDP9-1,16000,Idaho,2006Q1,Millions of chained 2017 dollars,6,60754.4
SQGDP9-1,16000,Idaho,2006Q2,Millions of chained 2017 dollars,6,61356.4
SQGDP9-1,16000,Idaho,2006Q3,Millions of chained 2017 dollars,6,60080.4
SQGDP9-1,16000,Idaho,2006Q4,Millions of chained 2017 dollars,6,60763.0
SQGDP9-1,16000,Idaho,2007Q1,Millions of chained 2017 dollars,6,61032.9
SQGDP9-1,16000,Idaho,2007Q2,Millions of chained 2017 dollars,6,61326.9
SQGDP9-1,16000,Idaho,2007Q3,Millions of chained 2017 dollars,6,61821.4
SQGDP9-1,16000,Idaho,2007Q4,Millions of chained 2017 dollars,6,63067.1
SQGDP9-1,16000,Idaho,2008Q1,Millions of chained 2017 dollars,6,63182.4
SQGDP9-1,16000,Idaho,2008Q2,Millions of chained 2017 dollars,6,64527.5
SQGDP9-1,16000,Idaho,2008Q3,Millions of chained 2017 dollars,6,64564.4
SQGDP9-1,16000,Idaho,2008Q4,Millions of chained 2017 dollars,6,63238.4
SQGDP9-1,16000,Idaho,2009Q1,Millions of chained 2017 dollars,6,62052.5
SQGDP9-1,16000,Idaho,2009Q2,Millions of chained 2017 dollars,6,60630.6
SQGDP9-1,16000,Idaho,2009Q3,Millions of chained 2017 dollars,6,61222.0
SQGDP9-1,16000,Idaho,2009Q4,Millions of chained 2017 dollars,6,61199.0
SQGDP9-1,16000,Idaho,2010Q1,Millions of chained 2017 dollars,6,62127.1
SQGDP9-1,16000,Idaho,2010Q2,Millions of chained 2017 dollars,6,62185.0
SQGDP9-1,16000,Idaho,2010Q3,Millions of chained 2017 dollars,6,62879.5
SQGDP9-1,16000,Idaho,2010Q4,Millions of chained 2017 dollars,6,63314.1
SQGDP9-1,16000,Idaho,2011Q1,Millions of chained 2017 dollars,6,62583.9
SQGDP9-1,16000,Idaho,2011Q2,Millions of chained 2017 dollars,6,62699.7
SQGDP9-1,16000,Idaho,2011Q3,Millions of chained 2017 dollars,6,62514.7
SQGDP9-1,16000,Idaho,2011Q4,Millions of chained 2017 dollars,6,63017.6
SQGDP9-1,16000,Idaho,2012Q1,Millions of chained 2017 dollars,6,62090.8
SQGDP9-1,16000,Idaho,2012Q2,Millions of chained 2017 dollars,6,62004.6
SQGDP9-1,16000,Idaho,2012Q3,Millions of chained 2017 dollars,6,62241.5
SQGDP9-1,16000,Idaho,2012Q4,Millions of chained 2017 dollars,6,61692.2
SQGDP9-1,16000,Idaho,2013Q1,Millions of chained 2017 dollars,6,63182.1
SQGDP9-1,16000,Idaho,2013Q2,Millions of chained 2017 dollars,6,64422.1
SQGDP9-1,16000,Idaho,2013Q3,Millions of chained 2017 dollars,6,65268.1
SQGDP9-1,16000,Idaho,2013Q4,Millions of chained 2017 dollars,6,66206.9
SQGDP9-1,16000,Idaho,2014Q1,Millions of chained 2017 dollars,6,66238.9
SQGDP9-1,16000,Idaho,2014Q2,Millions of chained 2017 dollars,6,66481.7
SQGDP9-1,16000,Idaho,2014Q3,Millions of chained 2017 dollars,6,67064.2
SQGDP9-1,16000,Idaho,2014Q4,Millions of chained 2017 dollars,6,67354.8
SQGDP9-1,16000,Idaho,2015Q1,Millions of chained 2017 dollars,6,68232.1
SQGDP9-1,16000,Idaho,2015Q2,Millions of chained 2017 dollars,6,67563.8
SQGDP9-1,16000,Idaho,2015Q3,Millions of chained 2017 dollars,6,67782.8
SQGDP9-1,16000,Idaho,2015Q4,Millions of chained 2017 dollars,6,67583.5
SQGDP9-1,16000,Idaho,2016Q1,Millions of chained 2017 dollars,6,69563.1
SQGDP9-1,16000,Idaho,2016Q2,Millions of chained 2017 dollars,6,70161.1
SQGDP9-1,16000,Idaho,2016Q3,Millions of chained 2017 dollars,6,71097.4
SQGDP9-1,16000,Idaho,2016Q4,Millions of chained 2017 dollars,6,70948.5
SQGDP9-1,16000,Idaho,2017Q1,Millions of chained 2017 dollars,6,71475.2
SQGDP9-1,16000,Idaho,2017Q2,Millions of chained 2017 dollars,6,72602.2
SQGDP9-1,16000,Idaho,2017Q3,Millions of chained 2017 dollars,6,73283.0
SQGDP9-1,16000,Idaho,2017Q4,Millions of chained 2017 dollars,6,74380.2
SQGDP9-1,16000,Idaho,2018Q1,Millions of chained 2017 dollars,6,76802.5
SQGDP9-1,16000,Idaho,2018Q2,Millions of chained 2017 dollars,6,77360.4
SQGDP9-1,16000,Idaho,2018Q3,Millions of chained 2017 dollars,6,77916.6
SQGDP9-1,16000,Idaho,2018Q4,Millions of chained 2017 dollars,6,78529.0
SQGDP9-1,16000,Idaho,2019Q1,Millions of chained 2017 dollars,6,79670.9
SQGDP9-1,16000,Idaho,2019Q2,Millions of chained 2017 dollars,6,80442.5
SQGDP9-1,16000,Idaho,2019Q3,Millions of chained 2017 dollars,6,81760.4
SQGDP9-1,16000,Idaho,2019Q4,Millions of chained 2017 dollars,6,82703.2
SQGDP9-1,16000,Idaho,2020Q1,Millions of chained 2017 dollars,6,82527.4
SQGDP9-1,16000,Idaho,2020Q2,Millions of chained 2017 dollars,6,77183.7
SQGDP9-1,16000,Idaho,2020Q3,Millions of chained 2017 dollars,6,84833.9
SQGDP9-1,16000,Idaho,2020Q4,Millions of chained 2017 dollars,6,86301.5
SQGDP9-1,16000,Idaho,2021Q1,Millions of chained 2017 dollars,6,87707.7
SQGDP9-1,16000,Idaho,2021Q2,Millions of chained 2017 dollars,6,87989.8
SQGDP9-1,16000,Idaho,2021Q3,Millions of chained 2017 dollars,6,88326.0
SQGDP9-1,16000,Idaho,2021Q4,Millions of chained 2017 dollars,6,91797.0
SQGDP9-1,16000,Idaho,2022Q1,Millions of chained 2017 dollars,6,91619.1
SQGDP9-1,16000,Idaho,2022Q2,Millions of chained 2017 dollars,6,92215.5
SQGDP9-1,16000,Idaho,2022Q3,Millions of chained 2017 dollars,6,93057.1
SQGDP9-1,16000,Idaho,2022Q4,Millions of chained 2017 dollars,6,94278.2
SQGDP9-1,16000,Idaho,2023Q1,Millions of chained 2017 dollars,6,94653.7
SQGDP9-1,16000,Idaho,2023Q2,Millions of chained 2017 dollars,6,94310.3
SQGDP9-1,16000,Idaho,2023Q3,Millions of chained 2017 dollars,6,95618.6
SQGDP9-1,16000,Idaho,2023Q4,Millions of chained 2017 dollars,6,96563.4
SQGDP9-1,16000,Idaho,2024Q1,Millions of chained 2017 dollars,6,97098.4
SQGDP9-1,16000,Idaho,2024Q2,Millions of chained 2017 dollars,6,99206.2
SQGDP9-1,16000,Idaho,2024Q3,Millions of chained 2017 dollars,6,100588.5
SQGDP9-1,16000,Idaho,2024Q4,Millions of chained 2017 dollars,6,101376.2
SQGDP9-1,16000,Idaho,2025Q1,Millions of chained 2017 dollars,6,100438.2
SQGDP9-1,16000,Idaho,2025Q2,Millions of chained 2017 dollars,6,101231.3
SQGDP9-1,16000,Idaho,2025Q3,Millions of chained 2017 dollars,6,102211.0
SQGDP9-1,16000,Idaho,2025Q4,Millions of chained 2017 dollars,6,102389.8
SQGDP9-1,16000,Idaho,2026Q1,Millions of chained 2017 dollars,6,102534.0
SQGDP9-1,17000,Illinois,2005Q1,Millions of chained 2017 dollars,6,738931.8
SQGDP9-1,17000,Illinois,2005Q2,Millions of chained 2017 dollars,6,739052.6
SQGDP9-1,17000,Illinois,2005Q3,Millions of chained 2017 dollars,6,743557.6
SQGDP9-1,17000,Illinois,2005Q4,Millions of chained 2017 dollars,6,743452.2
SQGDP9-1,17000,Illinois,2006Q1,Millions of chained 2017 dollars,6,757875.8
SQGDP9-1,17000,Illinois,2006Q2,Millions of chained 2017 dollars,6,758270.4
SQGDP9-1,17000,Illinois,2006Q3,Millions of chained 2017 dollars,6,758160.5
SQGDP9-1,17000,Illinois,2006Q4,Millions of chained 2017 dollars,6,764996.1
SQGDP9-1,17000,Illinois,2007Q1,Millions of chained 2017 dollars,6,764332.9
SQGDP9-1,17000,Illinois,2007Q2,Millions of chained 2017 dollars,6,768292.9
SQGDP9-1,17000,Illinois,2007Q3,Millions of chained 2017 dollars,6,769950.8
SQGDP9-1,17000,Illinois,2007Q4,Millions of chained 2017 dollars,6,775709.9
SQGDP9-1,17000,Illinois,2008Q1,Millions of chained 2017 dollars,6,763659.5
SQGDP9-1,17000,Illinois,2008Q2,Millions of chained 2017 dollars,6,767475.2
SQGDP9-1,17000,Illinois,2008Q3,Millions of chained 2017 dollars,6,763586.2
SQGDP9-1,17000,Illinois,2008Q4,Millions of chained 2017 dollars,6,741660.4
SQGDP9-1,17000,Illinois,2009Q1,Millions of chained 2017 dollars,6,735610.7
SQGDP9-1,17000,Illinois,2009Q2,Millions of chained 2017 dollars,6,737193.3
SQGDP9-1,17000,Illinois,2009Q3,Millions of chained 2017 dollars,6,740394.1
SQGDP9-1,17000,Illinois,2009Q4,Millions of chained 2017 dollars,6,749979.1
SQGDP9-1,17000,Illinois,2010Q1,Millions of chained 2017 dollars,6,743781.0
SQGDP9-1,17000,Illinois,2010Q2,Millions of chained 2017 dollars,6,751543.8
SQGDP9-1,17000,Illinois,2010Q3,Millions of chained 2017 dollars,6,761689.1
SQGDP9-1,17000,Illinois,2010Q4,Millions of chained 2017 dollars,6,764551.6
SQGDP9-1,17000,Illinois,2011Q1,Millions of chained 2017 dollars,6,766319.1
SQGDP9-1,17000,Illinois,2011Q2,Millions of chained 2017 dollars,6,772094.5
SQGDP9-1,17000,Illinois,2011Q3,Millions of chained 2017 dollars,6,771408.7
SQGDP9-1,17000,Illinois,2011Q4,Millions of chained 2017 dollars,6,779080.2
SQGDP9-1,17000,Illinois,2012Q1,Millions of chained 2017 dollars,6,794426.3
SQGDP9-1,17000,Illinois,2012Q2,Millions of chained 2017 dollars,6,793682.2
SQGDP9-1,17000,Illinois,2012Q3,Millions of chained 2017 dollars,6,790563.2
SQGDP9-1,17000,Illinois,2012Q4,Millions of chained 2017 dollars,6,784221.4
SQGDP9-1,17000,Illinois,2013Q1,Millions of chained 2017 dollars,6,791917.4
SQGDP9-1,17000,Illinois,2013Q2,Millions of chained 2017 dollars,6,790672.7
SQGDP9-1,17000,Illinois,2013Q3,Millions of chained 2017 dollars,6,795175.4
SQGDP9-1,17000,Illinois,2013Q4,Millions of chained 2017 dollars,6,803975.4
SQGDP9-1,17000,Illinois,2014Q1,Millions of chained 2017 dollars,6,797714.2
SQGDP9-1,17000,Illinois,2014Q2,Millions of chained 2017 dollars,6,810220.2
SQGDP9-1,17000,Illinois,2014Q3,Millions of chained 2017 dollars,6,818332.3
SQGDP9-1,17000,Illinois,2014Q4,Millions of chained 2017 dollars,6,819693.7
SQGDP9-1,17000,Illinois,2015Q1,Millions of chained 2017 dollars,6,820333.5
SQGDP9-1,17000,Illinois,2015Q2,Millions of chained 2017 dollars,6,824655.0
SQGDP9-1,17000,Illinois,2015Q3,Millions of chained 2017 dollars,6,830015.9
SQGDP9-1,17000,Illinois,2015Q4,Millions of chained 2017 dollars,6,826695.3
SQGDP9-1,17000,Illinois,2016Q1,Millions of chained 2017 dollars,6,824188.0
SQGDP9-1,17000,Illinois,2016Q2,Millions of chained 2017 dollars,6,825439.8
SQGDP9-1,17000,Illinois,2016Q3,Millions of chained 2017 dollars,6,824048.3
SQGDP9-1,17000,Illinois,2016Q4,Millions of chained 2017 dollars,6,831942.7
SQGDP9-1,17000,Illinois,2017Q1,Millions of chained 2017 dollars,6,827244.7
SQGDP9-1,17000,Illinois,2017Q2,Millions of chained 2017 dollars,6,831227.2
SQGDP9-1,17000,Illinois,2017Q3,Millions of chained 2017 dollars,6,834913.4
SQGDP9-1,17000,Illinois,2017Q4,Millions of chained 2017 dollars,6,837922.0
SQGDP9-1,17000,Illinois,2018Q1,Millions of chained 2017 dollars,6,846640.6
SQGDP9-1,17000,Illinois,2018Q2,Millions of chained 2017 dollars,6,848069.3
SQGDP9-1,17000,Illinois,2018Q3,Millions of chained 2017 dollars,6,853891.4
SQGDP9-1,17000,Illinois,2018Q4,Millions of chained 2017 dollars,6,857467.4
SQGDP9-1,17000,Illinois,2019Q1,Millions of chained 2017 dollars,6,853067.6
SQGDP9-1,17000,Illinois,2019Q2,Millions of chained 2017 dollars,6,856589.0
SQGDP9-1,17000,Illinois,2019Q3,Millions of chained 2017 dollars,6,864431.7
SQGDP9-1,17000,Illinois,2019Q4,Millions of chained 2017 dollars,6,857984.9
SQGDP9-1,17000,Illinois,2020Q1,Millions of chained 2017 dollars,6,834580.6
SQGDP9-1,17000,Illinois,2020Q2,Millions of chained 2017 dollars,6,765171.3
SQGDP9-1,17000,Illinois,2020Q3,Millions of chained 2017 dollars,6,818866.7
SQGDP9-1,17000,Illinois,2020Q4,Millions of chained 2017 dollars,6,824153.8
SQGDP9-1,17000,Illinois,2021Q1,Millions of chained 2017 dollars,6,842827.5
SQGDP9-1,17000,Illinois,2021Q2,Millions of chained 2017 dollars,6,856246.8
SQGDP9-1,17000,Illinois,2021Q3,Millions of chained 2017 dollars,6,859363.3
SQGDP9-1,17000,Illinois,2021Q4,Millions of chained 2017 dollars,6,870020.7
SQGDP9-1,17000,Illinois,2022Q1,Millions of chained 2017 dollars,6,874314.8
SQGDP9-1,17000,Illinois,2022Q2,Millions of chained 2017 dollars,6,869978.2
SQGDP9-1,17000,Illinois,2022Q3,Millions of chained 2017 dollars,6,870443.4
SQGDP9-1,17000,Illinois,2022Q4,Millions of chained 2017 dollars,6,876893.5
SQGDP9-1,17000,Illinois,2023Q1,Millions of chained 2017 dollars,6,878097.9
SQGDP9-1,17000,Illinois,2023Q2,Millions of chained 2017 dollars,6,881308.0
SQGDP9-1,17000,Illinois,2023Q3,Millions of chained 2017 dollars,6,886972.2
SQGDP9-1,17000,Illinois,2023Q4,Millions of chained 2017 dollars,6,893483.0
SQGDP9-1,17000,Illinois,2024Q1,Millions of chained 2017 dollars,6,892827.6
SQGDP9-1,17000,Illinois,2024Q2,Millions of chained 2017 dollars,6,898830.1
SQGDP9-1,17000,Illinois,2024Q3,Millions of chained 2017 dollars,6,902056.1
SQGDP9-1,17000,Illinois,2024Q4,Millions of chained 2017 dollars,6,902789.7
SQGDP9-1,17000,Illinois,2025Q1,Millions of chained 2017 dollars,6,900323.4
SQGDP9-1,17000,Illinois,2025Q2,Millions of chained 2017 dollars,6,910910.8
SQGDP9-1,17000,Illinois,2025Q3,Millions of chained 2017 dollars,6,920508.0
SQGDP9-1,17000,Illinois,2025Q4,Millions of chained 2017 dollars,6,922983.4
SQGDP9-1,17000,Illinois,2026Q1,Millions of chained 2017 dollars,6,924143.5
SQGDP9-1,18000,Indiana,2005Q1,Millions of chained 2017 dollars,6,303600.9
SQGDP9-1,18000,Indiana,2005Q2,Millions of chained 2017 dollars,6,306000.2
SQGDP9-1,18000,Indiana,2005Q3,Millions of chained 2017 dollars,6,307860.8
SQGDP9-1,18000,Indiana,2005Q4,Millions of chained 2017 dollars,6,307916.5
SQGDP9-1,18000,Indiana,2006Q1,Millions of chained 2017 dollars,6,310651.5
SQGDP9-1,18000,Indiana,2006Q2,Millions of chained 2017 dollars,6,311600.5
SQGDP9-1,18000,Indiana,2006Q3,Millions of chained 2017 dollars,6,312644.8
SQGDP9-1,18000,Indiana,2006Q4,Millions of chained 2017 dollars,6,315205.4
SQGDP9-1,18000,Indiana,2007Q1,Millions of chained 2017 dollars,6,315549.9
SQGDP9-1,18000,Indiana,2007Q2,Millions of chained 2017 dollars,6,321548.8
SQGDP9-1,18000,Indiana,2007Q3,Millions of chained 2017 dollars,6,324923.4
SQGDP9-1,18000,Indiana,2007Q4,Millions of chained 2017 dollars,6,328624.6
SQGDP9-1,18000,Indiana,2008Q1,Millions of chained 2017 dollars,6,328175.7
SQGDP9-1,18000,Indiana,2008Q2,Millions of chained 2017 dollars,6,328587.2
SQGDP9-1,18000,Indiana,2008Q3,Millions of chained 2017 dollars,6,322380.1
SQGDP9-1,18000,Indiana,2008Q4,Millions of chained 2017 dollars,6,310394.0
SQGDP9-1,18000,Indiana,2009Q1,Millions of chained 2017 dollars,6,297132.7
SQGDP9-1,18000,Indiana,2009Q2,Millions of chained 2017 dollars,6,295513.1
SQGDP9-1,18000,Indiana,2009Q3,Millions of chained 2017 dollars,6,298281.3
SQGDP9-1,18000,Indiana,2009Q4,Millions of chained 2017 dollars,6,308229.0
SQGDP9-1,18000,Indiana,2010Q1,Millions of chained 2017 dollars,6,314952.3
SQGDP9-1,18000,Indiana,2010Q2,Millions of chained 2017 dollars,6,319915.0
SQGDP9-1,18000,Indiana,2010Q3,Millions of chained 2017 dollars,6,324005.0
SQGDP9-1,18000,Indiana,2010Q4,Millions of chained 2017 dollars,6,324054.8
SQGDP9-1,18000,Indiana,2011Q1,Millions of chained 2017 dollars,6,321329.9
SQGDP9-1,18000,Indiana,2011Q2,Millions of chained 2017 dollars,6,320842.8
SQGDP9-1,18000,Indiana,2011Q3,Millions of chained 2017 dollars,6,320350.6
SQGDP9-1,18000,Indiana,2011Q4,Millions of chained 2017 dollars,6,323607.8
SQGDP9-1,18000,Indiana,2012Q1,Millions of chained 2017 dollars,6,324474.8
SQGDP9-1,18000,Indiana,2012Q2,Millions of chained 2017 dollars,6,325818.3
SQGDP9-1,18000,Indiana,2012Q3,Millions of chained 2017 dollars,6,324465.3
SQGDP9-1,18000,Indiana,2012Q4,Millions of chained 2017 dollars,6,320746.6
SQGDP9-1,18000,Indiana,2013Q1,Millions of chained 2017 dollars,6,332837.6
SQGDP9-1,18000,Indiana,2013Q2,Millions of chained 2017 dollars,6,330668.9
SQGDP9-1,18000,Indiana,2013Q3,Millions of chained 2017 dollars,6,334078.4
SQGDP9-1,18000,Indiana,2013Q4,Millions of chained 2017 dollars,6,335244.6
SQGDP9-1,18000,Indiana,2014Q1,Millions of chained 2017 dollars,6,337995.1
SQGDP9-1,18000,Indiana,2014Q2,Millions of chained 2017 dollars,6,344604.3
SQGDP9-1,18000,Indiana,2014Q3,Millions of chained 2017 dollars,6,347586.9
SQGDP9-1,18000,Indiana,2014Q4,Millions of chained 2017 dollars,6,345124.8
SQGDP9-1,18000,Indiana,2015Q1,Millions of chained 2017 dollars,6,341035.5
SQGDP9-1,18000,Indiana,2015Q2,Millions of chained 2017 dollars,6,342015.8
SQGDP9-1,18000,Indiana,2015Q3,Millions of chained 2017 dollars,6,340355.0
SQGDP9-1,18000,Indiana,2015Q4,Millions of chained 2017 dollars,6,341414.4
SQGDP9-1,18000,Indiana,2016Q1,Millions of chained 2017 dollars,6,343033.4
SQGDP9-1,18000,Indiana,2016Q2,Millions of chained 2017 dollars,6,346480.7
SQGDP9-1,18000,Indiana,2016Q3,Millions of chained 2017 dollars,6,350851.5
SQGDP9-1,18000,Indiana,2016Q4,Millions of chained 2017 dollars,6,353391.1
SQGDP9-1,18000,Indiana,2017Q1,Millions of chained 2017 dollars,6,354230.7
SQGDP9-1,18000,Indiana,2017Q2,Millions of chained 2017 dollars,6,356327.6
SQGDP9-1,18000,Indiana,2017Q3,Millions of chained 2017 dollars,6,357508.4
SQGDP9-1,18000,Indiana,2017Q4,Millions of chained 2017 dollars,6,362076.4
SQGDP9-1,18000,Indiana,2018Q1,Millions of chained 2017 dollars,6,367616.7
SQGDP9-1,18000,Indiana,2018Q2,Millions of chained 2017 dollars,6,367646.0
SQGDP9-1,18000,Indiana,2018Q3,Millions of chained 2017 dollars,6,369403.4
SQGDP9-1,18000,Indiana,2018Q4,Millions of chained 2017 dollars,6,370385.6
SQGDP9-1,18000,Indiana,2019Q1,Millions of chained 2017 dollars,6,366326.5
SQGDP9-1,18000,Indiana,2019Q2,Millions of chained 2017 dollars,6,369152.5
SQGDP9-1,18000,Indiana,2019Q3,Millions of chained 2017 dollars,6,372584.4
SQGDP9-1,18000,Indiana,2019Q4,Millions of chained 2017 dollars,6,373965.5
SQGDP9-1,18000,Indiana,2020Q1,Millions of chained 2017 dollars,6,367360.6
SQGDP9-1,18000,Indiana,2020Q2,Millions of chained 2017 dollars,6,332439.2
SQGDP9-1,18000,Indiana,2020Q3,Millions of chained 2017 dollars,6,367889.6
SQGDP9-1,18000,Indiana,2020Q4,Millions of chained 2017 dollars,6,372164.9
SQGDP9-1,18000,Indiana,2021Q1,Millions of chained 2017 dollars,6,378739.0
SQGDP9-1,18000,Indiana,2021Q2,Millions of chained 2017 dollars,6,386053.2
SQGDP9-1,18000,Indiana,2021Q3,Millions of chained 2017 dollars,6,387488.6
SQGDP9-1,18000,Indiana,2021Q4,Millions of chained 2017 dollars,6,395210.1
SQGDP9-1,18000,Indiana,2022Q1,Millions of chained 2017 dollars,6,392085.0
SQGDP9-1,18000,Indiana,2022Q2,Millions of chained 2017 dollars,6,393731.9
SQGDP9-1,18000,Indiana,2022Q3,Millions of chained 2017 dollars,6,394386.5
SQGDP9-1,18000,Indiana,2022Q4,Millions of chained 2017 dollars,6,393722.5
SQGDP9-1,18000,Indiana,2023Q1,Millions of chained 2017 dollars,6,394811.1
SQGDP9-1,18000,Indiana,2023Q2,Millions of chained 2017 dollars,6,396839.3
SQGDP9-1,18000,Indiana,2023Q3,Millions of chained 2017 dollars,6,402926.2
SQGDP9-1,18000,Indiana,2023Q4,Millions of chained 2017 dollars,6,406901.6
SQGDP9-1,18000,Indiana,2024Q1,Millions of chained 2017 dollars,6,409584.5
SQGDP9-1,18000,Indiana,2024Q2,Millions of chained 2017 dollars,6,410042.0
SQGDP9-1,18000,Indiana,2024Q3,Millions of chained 2017 dollars,6,413334.9
SQGDP9-1,18000,Indiana,2024Q4,Millions of chained 2017 dollars,6,415052.1
SQGDP9-1,18000,Indiana,2025Q1,Millions of chained 2017 dollars,6,417420.0
SQGDP9-1,18000,Indiana,2025Q2,Millions of chained 2017 dollars,6,420585.4
SQGDP9-1,18000,Indiana,2025Q3,Millions of chained 2017 dollars,6,425876.3
SQGDP9-1,18000,Indiana,2025Q4,Millions of chained 2017 dollars,6,425872.9
SQGDP9-1,18000,Indiana,2026Q1,Millions of chained 2017 dollars,6,428215.8
SQGDP9-1,19000,Iowa,2005Q1,Millions of chained 2017 dollars,6,153328.7
SQGDP9-1,19000,Iowa,2005Q2,Millions of chained 2017 dollars,6,153673.2
SQGDP9-1,19000,Iowa,2005Q3,Millions of chained 2017 dollars,6,154585.8
SQGDP9-1,19000,Iowa,2005Q4,Millions of chained 2017 dollars,6,152919.4
SQGDP9-1,19000,Iowa,2006Q1,Millions of chained 2017 dollars,6,154648.7
SQGDP9-1,19000,Iowa,2006Q2,Millions of chained 2017 dollars,6,155912.3
SQGDP9-1,19000,Iowa,2006Q3,Millions of chained 2017 dollars,6,154888.1
SQGDP9-1,19000,Iowa,2006Q4,Millions of chained 2017 dollars,6,157368.7
SQGDP9-1,19000,Iowa,2007Q1,Millions of chained 2017 dollars,6,160806.5
SQGDP9-1,19000,Iowa,2007Q2,Millions of chained 2017 dollars,6,163468.8
SQGDP9-1,19000,Iowa,2007Q3,Millions of chained 2017 dollars,6,163228.4
SQGDP9-1,19000,Iowa,2007Q4,Millions of chained 2017 dollars,6,163848.5
SQGDP9-1,19000,Iowa,2008Q1,Millions of chained 2017 dollars,6,163884.0
SQGDP9-1,19000,Iowa,2008Q2,Millions of chained 2017 dollars,6,162965.8
SQGDP9-1,19000,Iowa,2008Q3,Millions of chained 2017 dollars,6,159725.6
SQGDP9-1,19000,Iowa,2008Q4,Millions of chained 2017 dollars,6,155301.0
SQGDP9-1,19000,Iowa,2009Q1,Millions of chained 2017 dollars,6,153677.8
SQGDP9-1,19000,Iowa,2009Q2,Millions of chained 2017 dollars,6,154934.8
SQGDP9-1,19000,Iowa,2009Q3,Millions of chained 2017 dollars,6,157655.4
SQGDP9-1,19000,Iowa,2009Q4,Millions of chained 2017 dollars,6,160680.7
SQGDP9-1,19000,Iowa,2010Q1,Millions of chained 2017 dollars,6,159516.8
SQGDP9-1,19000,Iowa,2010Q2,Millions of chained 2017 dollars,6,161600.6
SQGDP9-1,19000,Iowa,2010Q3,Millions of chained 2017 dollars,6,162376.6
SQGDP9-1,19000,Iowa,2010Q4,Millions of chained 2017 dollars,6,162878.2
SQGDP9-1,19000,Iowa,2011Q1,Millions of chained 2017 dollars,6,162653.4
SQGDP9-1,19000,Iowa,2011Q2,Millions of chained 2017 dollars,6,162882.9
SQGDP9-1,19000,Iowa,2011Q3,Millions of chained 2017 dollars,6,163995.8
SQGDP9-1,19000,Iowa,2011Q4,Millions of chained 2017 dollars,6,168705.0
SQGDP9-1,19000,Iowa,2012Q1,Millions of chained 2017 dollars,6,170924.0
SQGDP9-1,19000,Iowa,2012Q2,Millions of chained 2017 dollars,6,173101.8
SQGDP9-1,19000,Iowa,2012Q3,Millions of chained 2017 dollars,6,171526.5
SQGDP9-1,19000,Iowa,2012Q4,Millions of chained 2017 dollars,6,168142.7
SQGDP9-1,19000,Iowa,2013Q1,Millions of chained 2017 dollars,6,170201.2
SQGDP9-1,19000,Iowa,2013Q2,Millions of chained 2017 dollars,6,169442.4
SQGDP9-1,19000,Iowa,2013Q3,Millions of chained 2017 dollars,6,171457.8
SQGDP9-1,19000,Iowa,2013Q4,Millions of chained 2017 dollars,6,173175.2
SQGDP9-1,19000,Iowa,2014Q1,Millions of chained 2017 dollars,6,174477.3
SQGDP9-1,19000,Iowa,2014Q2,Millions of chained 2017 dollars,6,180717.6
SQGDP9-1,19000,Iowa,2014Q3,Millions of chained 2017 dollars,6,183052.6
SQGDP9-1,19000,Iowa,2014Q4,Millions of chained 2017 dollars,6,182992.3
SQGDP9-1,19000,Iowa,2015Q1,Millions of chained 2017 dollars,6,184782.5
SQGDP9-1,19000,Iowa,2015Q2,Millions of chained 2017 dollars,6,185117.8
SQGDP9-1,19000,Iowa,2015Q3,Millions of chained 2017 dollars,6,186543.9
SQGDP9-1,19000,Iowa,2015Q4,Millions of chained 2017 dollars,6,187512.6
SQGDP9-1,19000,Iowa,2016Q1,Millions of chained 2017 dollars,6,186314.8
SQGDP9-1,19000,Iowa,2016Q2,Millions of chained 2017 dollars,6,185548.4
SQGDP9-1,19000,Iowa,2016Q3,Millions of chained 2017 dollars,6,188039.9
SQGDP9-1,19000,Iowa,2016Q4,Millions of chained 2017 dollars,6,187016.4
SQGDP9-1,19000,Iowa,2017Q1,Millions of chained 2017 dollars,6,188413.9
SQGDP9-1,19000,Iowa,2017Q2,Millions of chained 2017 dollars,6,187162.1
SQGDP9-1,19000,Iowa,2017Q3,Millions of chained 2017 dollars,6,185205.9
SQGDP9-1,19000,Iowa,2017Q4,Millions of chained 2017 dollars,6,187718.2
SQGDP9-1,19000,Iowa,2018Q1,Millions of chained 2017 dollars,6,190703.6
SQGDP9-1,19000,Iowa,2018Q2,Millions of chained 2017 dollars,6,190538.9
SQGDP9-1,19000,Iowa,2018Q3,Millions of chained 2017 dollars,6,189171.3
SQGDP9-1,19000,Iowa,2018Q4,Millions of chained 2017 dollars,6,186566.6
SQGDP9-1,19000,Iowa,2019Q1,Millions of chained 2017 dollars,6,187506.5
SQGDP9-1,19000,Iowa,2019Q2,Millions of chained 2017 dollars,6,187347.5
SQGDP9-1,19000,Iowa,2019Q3,Millions of chained 2017 dollars,6,189285.7
SQGDP9-1,19000,Iowa,2019Q4,Millions of chained 2017 dollars,6,189745.9
SQGDP9-1,19000,Iowa,2020Q1,Millions of chained 2017 dollars,6,187005.4
SQGDP9-1,19000,Iowa,2020Q2,Millions of chained 2017 dollars,6,178248.3
SQGDP9-1,19000,Iowa,2020Q3,Millions of chained 2017 dollars,6,190388.9
SQGDP9-1,19000,Iowa,2020Q4,Millions of chained 2017 dollars,6,193404.0
SQGDP9-1,19000,Iowa,2021Q1,Millions of chained 2017 dollars,6,200697.9
SQGDP9-1,19000,Iowa,2021Q2,Millions of chained 2017 dollars,6,204098.6
SQGDP9-1,19000,Iowa,2021Q3,Millions of chained 2017 dollars,6,202073.3
SQGDP9-1,19000,Iowa,2021Q4,Millions of chained 2017 dollars,6,203012.7
SQGDP9-1,19000,Iowa,2022Q1,Millions of chained 2017 dollars,6,203963.9
SQGDP9-1,19000,Iowa,2022Q2,Millions of chained 2017 dollars,6,202659.2
SQGDP9-1,19000,Iowa,2022Q3,Millions of chained 2017 dollars,6,203090.2
SQGDP9-1,19000,Iowa,2022Q4,Millions of chained 2017 dollars,6,200976.9
SQGDP9-1,19000,Iowa,2023Q1,Millions of chained 2017 dollars,6,198980.5
SQGDP9-1,19000,Iowa,2023Q2,Millions of chained 2017 dollars,6,198720.5
SQGDP9-1,19000,Iowa,2023Q3,Millions of chained 2017 dollars,6,202589.5
SQGDP9-1,19000,Iowa,2023Q4,Millions of chained 2017 dollars,6,205148.6
SQGDP9-1,19000,Iowa,2024Q1,Millions of chained 2017 dollars,6,205310.2
SQGDP9-1,19000,Iowa,2024Q2,Millions of chained 2017 dollars,6,206865.9
SQGDP9-1,19000,Iowa,2024Q3,Millions of chained 2017 dollars,6,206999.3
SQGDP9-1,19000,Iowa,2024Q4,Millions of chained 2017 dollars,6,206580.3
SQGDP9-1,19000,Iowa,2025Q1,Millions of chained 2017 dollars,6,205940.1
SQGDP9-1,19000,Iowa,2025Q2,Millions of chained 2017 dollars,6,207795.3
SQGDP9-1,19000,Iowa,2025Q3,Millions of chained 2017 dollars,6,210342.1
SQGDP9-1,19000,Iowa,2025Q4,Millions of chained 2017 dollars,6,211291.5
SQGDP9-1,19000,Iowa,2026Q1,Millions of chained 2017 dollars,6,211248.2
SQGDP9-1,20000,Kansas,2005Q1,Millions of chained 2017 dollars,6,129820.3
SQGDP9-1,20000,Kansas,2005Q2,Millions of chained 2017 dollars,6,129763.8
SQGDP9-1,20000,Kansas,2005Q3,Millions of chained 2017 dollars,6,130490.5
SQGDP9-1,20000,Kansas,2005Q4,Millions of chained 2017 dollars,6,128278.3
SQGDP9-1,20000,Kansas,2006Q1,Millions of chained 2017 dollars,6,135170.4
SQGDP9-1,20000,Kansas,2006Q2,Millions of chained 2017 dollars,6,136100.7
SQGDP9-1,20000,Kansas,2006Q3,Millions of chained 2017 dollars,6,135685.8
SQGDP9-1,20000,Kansas,2006Q4,Millions of chained 2017 dollars,6,137586.3
SQGDP9-1,20000,Kansas,2007Q1,Millions of chained 2017 dollars,6,142266.3
SQGDP9-1,20000,Kansas,2007Q2,Millions of chained 2017 dollars,6,143418.0
SQGDP9-1,20000,Kansas,2007Q3,Millions of chained 2017 dollars,6,143598.3
SQGDP9-1,20000,Kansas,2007Q4,Millions of chained 2017 dollars,6,145063.8
SQGDP9-1,20000,Kansas,2008Q1,Millions of chained 2017 dollars,6,147756.9
SQGDP9-1,20000,Kansas,2008Q2,Millions of chained 2017 dollars,6,149440.6
SQGDP9-1,20000,Kansas,2008Q3,Millions of chained 2017 dollars,6,148141.4
SQGDP9-1,20000,Kansas,2008Q4,Millions of chained 2017 dollars,6,143721.2
SQGDP9-1,20000,Kansas,2009Q1,Millions of chained 2017 dollars,6,141446.7
SQGDP9-1,20000,Kansas,2009Q2,Millions of chained 2017 dollars,6,141029.1
SQGDP9-1,20000,Kansas,2009Q3,Millions of chained 2017 dollars,6,141557.4
SQGDP9-1,20000,Kansas,2009Q4,Millions of chained 2017 dollars,6,143576.8
SQGDP9-1,20000,Kansas,2010Q1,Millions of chained 2017 dollars,6,140375.3
SQGDP9-1,20000,Kansas,2010Q2,Millions of chained 2017 dollars,6,142749.9
SQGDP9-1,20000,Kansas,2010Q3,Millions of chained 2017 dollars,6,145426.2
SQGDP9-1,20000,Kansas,2010Q4,Millions of chained 2017 dollars,6,146928.9
SQGDP9-1,20000,Kansas,2011Q1,Millions of chained 2017 dollars,6,145938.8
SQGDP9-1,20000,Kansas,2011Q2,Millions of chained 2017 dollars,6,148460.3
SQGDP9-1,20000,Kansas,2011Q3,Millions of chained 2017 dollars,6,148178.9
SQGDP9-1,20000,Kansas,2011Q4,Millions of chained 2017 dollars,6,148769.2
SQGDP9-1,20000,Kansas,2012Q1,Millions of chained 2017 dollars,6,154742.6
SQGDP9-1,20000,Kansas,2012Q2,Millions of chained 2017 dollars,6,151906.5
SQGDP9-1,20000,Kansas,2012Q3,Millions of chained 2017 dollars,6,147000.1
SQGDP9-1,20000,Kansas,2012Q4,Millions of chained 2017 dollars,6,146659.1
SQGDP9-1,20000,Kansas,2013Q1,Millions of chained 2017 dollars,6,148915.3
SQGDP9-1,20000,Kansas,2013Q2,Millions of chained 2017 dollars,6,149939.0
SQGDP9-1,20000,Kansas,2013Q3,Millions of chained 2017 dollars,6,150903.3
SQGDP9-1,20000,Kansas,2013Q4,Millions of chained 2017 dollars,6,153054.0
SQGDP9-1,20000,Kansas,2014Q1,Millions of chained 2017 dollars,6,149502.1
SQGDP9-1,20000,Kansas,2014Q2,Millions of chained 2017 dollars,6,152967.0
SQGDP9-1,20000,Kansas,2014Q3,Millions of chained 2017 dollars,6,156169.4
SQGDP9-1,20000,Kansas,2014Q4,Millions of chained 2017 dollars,6,157801.9
SQGDP9-1,20000,Kansas,2015Q1,Millions of chained 2017 dollars,6,155212.7
SQGDP9-1,20000,Kansas,2015Q2,Millions of chained 2017 dollars,6,158379.2
SQGDP9-1,20000,Kansas,2015Q3,Millions of chained 2017 dollars,6,159849.0
SQGDP9-1,20000,Kansas,2015Q4,Millions of chained 2017 dollars,6,160969.4
SQGDP9-1,20000,Kansas,2016Q1,Millions of chained 2017 dollars,6,161486.4
SQGDP9-1,20000,Kansas,2016Q2,Millions of chained 2017 dollars,6,164308.5
SQGDP9-1,20000,Kansas,2016Q3,Millions of chained 2017 dollars,6,166107.0
SQGDP9-1,20000,Kansas,2016Q4,Millions of chained 2017 dollars,6,166672.9
SQGDP9-1,20000,Kansas,2017Q1,Millions of chained 2017 dollars,6,166139.9
SQGDP9-1,20000,Kansas,2017Q2,Millions of chained 2017 dollars,6,165908.1
SQGDP9-1,20000,Kansas,2017Q3,Millions of chained 2017 dollars,6,166040.5
SQGDP9-1,20000,Kansas,2017Q4,Millions of chained 2017 dollars,6,167005.8
SQGDP9-1,20000,Kansas,2018Q1,Millions of chained 2017 dollars,6,167881.6
SQGDP9-1,20000,Kansas,2018Q2,Millions of chained 2017 dollars,6,169081.3
SQGDP9-1,20000,Kansas,2018Q3,Millions of chained 2017 dollars,6,170973.7
SQGDP9-1,20000,Kansas,2018Q4,Millions of chained 2017 dollars,6,171250.9
SQGDP9-1,20000,Kansas,2019Q1,Millions of chained 2017 dollars,6,167380.2
SQGDP9-1,20000,Kansas,2019Q2,Millions of chained 2017 dollars,6,169793.4
SQGDP9-1,20000,Kansas,2019Q3,Millions of chained 2017 dollars,6,170205.4
SQGDP9-1,20000,Kansas,2019Q4,Millions of chained 2017 dollars,6,170870.0
SQGDP9-1,20000,Kansas,2020Q1,Millions of chained 2017 dollars,6,172097.6
SQGDP9-1,20000,Kansas,2020Q2,Millions of chained 2017 dollars,6,157918.6
SQGDP9-1,20000,Kansas,2020Q3,Millions of chained 2017 dollars,6,168046.5
SQGDP9-1,20000,Kansas,2020Q4,Millions of chained 2017 dollars,6,168422.8
SQGDP9-1,20000,Kansas,2021Q1,Millions of chained 2017 dollars,6,165772.1
SQGDP9-1,20000,Kansas,2021Q2,Millions of chained 2017 dollars,6,171005.0
SQGDP9-1,20000,Kansas,2021Q3,Millions of chained 2017 dollars,6,171857.2
SQGDP9-1,20000,Kansas,2021Q4,Millions of chained 2017 dollars,6,172970.4
SQGDP9-1,20000,Kansas,2022Q1,Millions of chained 2017 dollars,6,177529.6
SQGDP9-1,20000,Kansas,2022Q2,Millions of chained 2017 dollars,6,176046.2
SQGDP9-1,20000,Kansas,2022Q3,Millions of chained 2017 dollars,6,178749.3
SQGDP9-1,20000,Kansas,2022Q4,Millions of chained 2017 dollars,6,178779.3
SQGDP9-1,20000,Kansas,2023Q1,Millions of chained 2017 dollars,6,180064.5
SQGDP9-1,20000,Kansas,2023Q2,Millions of chained 2017 dollars,6,179250.3
SQGDP9-1,20000,Kansas,2023Q3,Millions of chained 2017 dollars,6,180698.9
SQGDP9-1,20000,Kansas,2023Q4,Millions of chained 2017 dollars,6,181056.4
SQGDP9-1,20000,Kansas,2024Q1,Millions of chained 2017 dollars,6,179600.7
SQGDP9-1,20000,Kansas,2024Q2,Millions of chained 2017 dollars,6,182342.6
SQGDP9-1,20000,Kansas,2024Q3,Millions of chained 2017 dollars,6,181910.0
SQGDP9-1,20000,Kansas,2024Q4,Millions of chained 2017 dollars,6,182545.3
SQGDP9-1,20000,Kansas,2025Q1,Millions of chained 2017 dollars,6,181347.8
SQGDP9-1,20000,Kansas,2025Q2,Millions of chained 2017 dollars,6,184321.1
SQGDP9-1,20000,Kansas,2025Q3,Millions of chained 2017 dollars,6,187241.9
SQGDP9-1,20000,Kansas,2025Q4,Millions of chained 2017 dollars,6,187665.3
SQGDP9-1,20000,Kansas,2026Q1,Millions of chained 2017 dollars,6,188116.7
SQGDP9-1,21000,Kentucky,2005Q1,Millions of chained 2017 dollars,6,179118.2
SQGDP9-1,21000,Kentucky,2005Q2,Millions of chained 2017 dollars,6,181836.1
SQGDP9-1,21000,Kentucky,2005Q3,Millions of chained 2017 dollars,6,183252.4
SQGDP9-1,21000,Kentucky,2005Q4,Millions of chained 2017 dollars,6,183864.8
SQGDP9-1,21000,Kentucky,2006Q1,Millions of chained 2017 dollars,6,186066.1
SQGDP9-1,21000,Kentucky,2006Q2,Millions of chained 2017 dollars,6,187093.7
SQGDP9-1,21000,Kentucky,2006Q3,Millions of chained 2017 dollars,6,186245.3
SQGDP9-1,21000,Kentucky,2006Q4,Millions of chained 2017 dollars,6,185925.5
SQGDP9-1,21000,Kentucky,2007Q1,Millions of chained 2017 dollars,6,183605.0
SQGDP9-1,21000,Kentucky,2007Q2,Millions of chained 2017 dollars,6,185160.8
SQGDP9-1,21000,Kentucky,2007Q3,Millions of chained 2017 dollars,6,185752.1
SQGDP9-1,21000,Kentucky,2007Q4,Millions of chained 2017 dollars,6,188642.3
SQGDP9-1,21000,Kentucky,2008Q1,Millions of chained 2017 dollars,6,188247.3
SQGDP9-1,21000,Kentucky,2008Q2,Millions of chained 2017 dollars,6,190012.5
SQGDP9-1,21000,Kentucky,2008Q3,Millions of chained 2017 dollars,6,186208.6
SQGDP9-1,21000,Kentucky,2008Q4,Millions of chained 2017 dollars,6,181595.4
SQGDP9-1,21000,Kentucky,2009Q1,Millions of chained 2017 dollars,6,177910.9
SQGDP9-1,21000,Kentucky,2009Q2,Millions of chained 2017 dollars,6,175957.0
SQGDP9-1,21000,Kentucky,2009Q3,Millions of chained 2017 dollars,6,177301.7
SQGDP9-1,21000,Kentucky,2009Q4,Millions of chained 2017 dollars,6,181281.8
SQGDP9-1,21000,Kentucky,2010Q1,Millions of chained 2017 dollars,6,181622.3
SQGDP9-1,21000,Kentucky,2010Q2,Millions of chained 2017 dollars,6,186392.8
SQGDP9-1,21000,Kentucky,2010Q3,Millions of chained 2017 dollars,6,189641.8
SQGDP9-1,21000,Kentucky,2010Q4,Millions of chained 2017 dollars,6,189225.3
SQGDP9-1,21000,Kentucky,2011Q1,Millions of chained 2017 dollars,6,186945.8
SQGDP9-1,21000,Kentucky,2011Q2,Millions of chained 2017 dollars,6,187429.0
SQGDP9-1,21000,Kentucky,2011Q3,Millions of chained 2017 dollars,6,187850.6
SQGDP9-1,21000,Kentucky,2011Q4,Millions of chained 2017 dollars,6,191333.7
SQGDP9-1,21000,Kentucky,2012Q1,Millions of chained 2017 dollars,6,192420.8
SQGDP9-1,21000,Kentucky,2012Q2,Millions of chained 2017 dollars,6,193053.1
SQGDP9-1,21000,Kentucky,2012Q3,Millions of chained 2017 dollars,6,192283.0
SQGDP9-1,21000,Kentucky,2012Q4,Millions of chained 2017 dollars,6,190483.7
SQGDP9-1,21000,Kentucky,2013Q1,Millions of chained 2017 dollars,6,197648.8
SQGDP9-1,21000,Kentucky,2013Q2,Millions of chained 2017 dollars,6,196169.2
SQGDP9-1,21000,Kentucky,2013Q3,Millions of chained 2017 dollars,6,196708.6
SQGDP9-1,21000,Kentucky,2013Q4,Millions of chained 2017 dollars,6,196265.6
SQGDP9-1,21000,Kentucky,2014Q1,Millions of chained 2017 dollars,6,195110.8
SQGDP9-1,21000,Kentucky,2014Q2,Millions of chained 2017 dollars,6,197163.2
SQGDP9-1,21000,Kentucky,2014Q3,Millions of chained 2017 dollars,6,197632.9
SQGDP9-1,21000,Kentucky,2014Q4,Millions of chained 2017 dollars,6,197276.4
SQGDP9-1,21000,Kentucky,2015Q1,Millions of chained 2017 dollars,6,197771.6
SQGDP9-1,21000,Kentucky,2015Q2,Millions of chained 2017 dollars,6,199982.7
SQGDP9-1,21000,Kentucky,2015Q3,Millions of chained 2017 dollars,6,199912.0
SQGDP9-1,21000,Kentucky,2015Q4,Millions of chained 2017 dollars,6,200282.2
SQGDP9-1,21000,Kentucky,2016Q1,Millions of chained 2017 dollars,6,197986.3
SQGDP9-1,21000,Kentucky,2016Q2,Millions of chained 2017 dollars,6,200660.4
SQGDP9-1,21000,Kentucky,2016Q3,Millions of chained 2017 dollars,6,202736.4
SQGDP9-1,21000,Kentucky,2016Q4,Millions of chained 2017 dollars,6,202645.5
SQGDP9-1,21000,Kentucky,2017Q1,Millions of chained 2017 dollars,6,202092.8
SQGDP9-1,21000,Kentucky,2017Q2,Millions of chained 2017 dollars,6,203322.1
SQGDP9-1,21000,Kentucky,2017Q3,Millions of chained 2017 dollars,6,203725.3
SQGDP9-1,21000,Kentucky,2017Q4,Millions of chained 2017 dollars,6,205115.6
SQGDP9-1,21000,Kentucky,2018Q1,Millions of chained 2017 dollars,6,204572.2
SQGDP9-1,21000,Kentucky,2018Q2,Millions of chained 2017 dollars,6,206102.4
SQGDP9-1,21000,Kentucky,2018Q3,Millions of chained 2017 dollars,6,205975.3
SQGDP9-1,21000,Kentucky,2018Q4,Millions of chained 2017 dollars,6,207110.5
SQGDP9-1,21000,Kentucky,2019Q1,Millions of chained 2017 dollars,6,208912.4
SQGDP9-1,21000,Kentucky,2019Q2,Millions of chained 2017 dollars,6,210890.2
SQGDP9-1,21000,Kentucky,2019Q3,Millions of chained 2017 dollars,6,212681.2
SQGDP9-1,21000,Kentucky,2019Q4,Millions of chained 2017 dollars,6,214648.5
SQGDP9-1,21000,Kentucky,2020Q1,Millions of chained 2017 dollars,6,212216.7
SQGDP9-1,21000,Kentucky,2020Q2,Millions of chained 2017 dollars,6,192116.2
SQGDP9-1,21000,Kentucky,2020Q3,Millions of chained 2017 dollars,6,211019.1
SQGDP9-1,21000,Kentucky,2020Q4,Millions of chained 2017 dollars,6,211055.6
SQGDP9-1,21000,Kentucky,2021Q1,Millions of chained 2017 dollars,6,213932.3
SQGDP9-1,21000,Kentucky,2021Q2,Millions of chained 2017 dollars,6,214843.4
SQGDP9-1,21000,Kentucky,2021Q3,Millions of chained 2017 dollars,6,214959.0
SQGDP9-1,21000,Kentucky,2021Q4,Millions of chained 2017 dollars,6,218405.2
SQGDP9-1,21000,Kentucky,2022Q1,Millions of chained 2017 dollars,6,217336.9
SQGDP9-1,21000,Kentucky,2022Q2,Millions of chained 2017 dollars,6,220414.7
SQGDP9-1,21000,Kentucky,2022Q3,Millions of chained 2017 dollars,6,221571.5
SQGDP9-1,21000,Kentucky,2022Q4,Millions of chained 2017 dollars,6,223244.2
SQGDP9-1,21000,Kentucky,2023Q1,Millions of chained 2017 dollars,6,225103.6
SQGDP9-1,21000,Kentucky,2023Q2,Millions of chained 2017 dollars,6,225323.4
SQGDP9-1,21000,Kentucky,2023Q3,Millions of chained 2017 dollars,6,228316.0
SQGDP9-1,21000,Kentucky,2023Q4,Millions of chained 2017 dollars,6,229026.7
SQGDP9-1,21000,Kentucky,2024Q1,Millions of chained 2017 dollars,6,229287.3
SQGDP9-1,21000,Kentucky,2024Q2,Millions of chained 2017 dollars,6,230618.4
SQGDP9-1,21000,Kentucky,2024Q3,Millions of chained 2017 dollars,6,232056.0
SQGDP9-1,21000,Kentucky,2024Q4,Millions of chained 2017 dollars,6,231903.7
SQGDP9-1,21000,Kentucky,2025Q1,Millions of chained 2017 dollars,6,229972.5
SQGDP9-1,21000,Kentucky,2025Q2,Millions of chained 2017 dollars,6,232589.8
SQGDP9-1,21000,Kentucky,2025Q3,Millions of chained 2017 dollars,6,235495.1
SQGDP9-1,21000,Kentucky,2025Q4,Millions of chained 2017 dollars,6,234914.9
SQGDP9-1,21000,Kentucky,2026Q1,Millions of chained 2017 dollars,6,235965.9
SQGDP9-1,22000,Louisiana,2005Q1,Millions of chained 2017 dollars,6,250227.8
SQGDP9-1,22000,Louisiana,2005Q2,Millions of chained 2017 dollars,6,252624.8
SQGDP9-1,22000,Louisiana,2005Q3,Millions of chained 2017 dollars,6,248166.9
SQGDP9-1,22000,Louisiana,2005Q4,Millions of chained 2017 dollars,6,247224.2
SQGDP9-1,22000,Louisiana,2006Q1,Millions of chained 2017 dollars,6,249031.9
SQGDP9-1,22000,Louisiana,2006Q2,Millions of chained 2017 dollars,6,248218.9
SQGDP9-1,22000,Louisiana,2006Q3,Millions of chained 2017 dollars,6,245891.8
SQGDP9-1,22000,Louisiana,2006Q4,Millions of chained 2017 dollars,6,245416.2
SQGDP9-1,22000,Louisiana,2007Q1,Millions of chained 2017 dollars,6,236389.5
SQGDP9-1,22000,Louisiana,2007Q2,Millions of chained 2017 dollars,6,234038.1
SQGDP9-1,22000,Louisiana,2007Q3,Millions of chained 2017 dollars,6,233026.0
SQGDP9-1,22000,Louisiana,2007Q4,Millions of chained 2017 dollars,6,233412.1
SQGDP9-1,22000,Louisiana,2008Q1,Millions of chained 2017 dollars,6,232582.2
SQGDP9-1,22000,Louisiana,2008Q2,Millions of chained 2017 dollars,6,236561.9
SQGDP9-1,22000,Louisiana,2008Q3,Millions of chained 2017 dollars,6,238204.0
SQGDP9-1,22000,Louisiana,2008Q4,Millions of chained 2017 dollars,6,240898.3
SQGDP9-1,22000,Louisiana,2009Q1,Millions of chained 2017 dollars,6,241061.2
SQGDP9-1,22000,Louisiana,2009Q2,Millions of chained 2017 dollars,6,239616.8
SQGDP9-1,22000,Louisiana,2009Q3,Millions of chained 2017 dollars,6,241698.6
SQGDP9-1,22000,Louisiana,2009Q4,Millions of chained 2017 dollars,6,245098.6
SQGDP9-1,22000,Louisiana,2010Q1,Millions of chained 2017 dollars,6,250730.6
SQGDP9-1,22000,Louisiana,2010Q2,Millions of chained 2017 dollars,6,254520.2
SQGDP9-1,22000,Louisiana,2010Q3,Millions of chained 2017 dollars,6,256816.6
SQGDP9-1,22000,Louisiana,2010Q4,Millions of chained 2017 dollars,6,251800.3
SQGDP9-1,22000,Louisiana,2011Q1,Millions of chained 2017 dollars,6,243654.0
SQGDP9-1,22000,Louisiana,2011Q2,Millions of chained 2017 dollars,6,240744.0
SQGDP9-1,22000,Louisiana,2011Q3,Millions of chained 2017 dollars,6,238422.2
SQGDP9-1,22000,Louisiana,2011Q4,Millions of chained 2017 dollars,6,242123.3
SQGDP9-1,22000,Louisiana,2012Q1,Millions of chained 2017 dollars,6,244993.3
SQGDP9-1,22000,Louisiana,2012Q2,Millions of chained 2017 dollars,6,246509.6
SQGDP9-1,22000,Louisiana,2012Q3,Millions of chained 2017 dollars,6,240497.8
SQGDP9-1,22000,Louisiana,2012Q4,Millions of chained 2017 dollars,6,237666.7
SQGDP9-1,22000,Louisiana,2013Q1,Millions of chained 2017 dollars,6,237559.3
SQGDP9-1,22000,Louisiana,2013Q2,Millions of chained 2017 dollars,6,235252.0
SQGDP9-1,22000,Louisiana,2013Q3,Millions of chained 2017 dollars,6,235913.7
SQGDP9-1,22000,Louisiana,2013Q4,Millions of chained 2017 dollars,6,237204.1
SQGDP9-1,22000,Louisiana,2014Q1,Millions of chained 2017 dollars,6,236249.6
SQGDP9-1,22000,Louisiana,2014Q2,Millions of chained 2017 dollars,6,242857.9
SQGDP9-1,22000,Louisiana,2014Q3,Millions of chained 2017 dollars,6,246246.4
SQGDP9-1,22000,Louisiana,2014Q4,Millions of chained 2017 dollars,6,246817.7
SQGDP9-1,22000,Louisiana,2015Q1,Millions of chained 2017 dollars,6,242406.8
SQGDP9-1,22000,Louisiana,2015Q2,Millions of chained 2017 dollars,6,239747.6
SQGDP9-1,22000,Louisiana,2015Q3,Millions of chained 2017 dollars,6,239240.2
SQGDP9-1,22000,Louisiana,2015Q4,Millions of chained 2017 dollars,6,236942.0
SQGDP9-1,22000,Louisiana,2016Q1,Millions of chained 2017 dollars,6,235916.6
SQGDP9-1,22000,Louisiana,2016Q2,Millions of chained 2017 dollars,6,235354.0
SQGDP9-1,22000,Louisiana,2016Q3,Millions of chained 2017 dollars,6,235183.0
SQGDP9-1,22000,Louisiana,2016Q4,Millions of chained 2017 dollars,6,235763.1
SQGDP9-1,22000,Louisiana,2017Q1,Millions of chained 2017 dollars,6,238484.4
SQGDP9-1,22000,Louisiana,2017Q2,Millions of chained 2017 dollars,6,239621.5
SQGDP9-1,22000,Louisiana,2017Q3,Millions of chained 2017 dollars,6,240509.6
SQGDP9-1,22000,Louisiana,2017Q4,Millions of chained 2017 dollars,6,240707.4
SQGDP9-1,22000,Louisiana,2018Q1,Millions of chained 2017 dollars,6,244518.7
SQGDP9-1,22000,Louisiana,2018Q2,Millions of chained 2017 dollars,6,245080.4
SQGDP9-1,22000,Louisiana,2018Q3,Millions of chained 2017 dollars,6,245263.3
SQGDP9-1,22000,Louisiana,2018Q4,Millions of chained 2017 dollars,6,246018.7
SQGDP9-1,22000,Louisiana,2019Q1,Millions of chained 2017 dollars,6,246401.7
SQGDP9-1,22000,Louisiana,2019Q2,Millions of chained 2017 dollars,6,245995.5
SQGDP9-1,22000,Louisiana,2019Q3,Millions of chained 2017 dollars,6,247654.1
SQGDP9-1,22000,Louisiana,2019Q4,Millions of chained 2017 dollars,6,246646.5
SQGDP9-1,22000,Louisiana,2020Q1,Millions of chained 2017 dollars,6,235384.3
SQGDP9-1,22000,Louisiana,2020Q2,Millions of chained 2017 dollars,6,212743.5
SQGDP9-1,22000,Louisiana,2020Q3,Millions of chained 2017 dollars,6,226184.8
SQGDP9-1,22000,Louisiana,2020Q4,Millions of chained 2017 dollars,6,228231.4
SQGDP9-1,22000,Louisiana,2021Q1,Millions of chained 2017 dollars,6,235542.6
SQGDP9-1,22000,Louisiana,2021Q2,Millions of chained 2017 dollars,6,242847.7
SQGDP9-1,22000,Louisiana,2021Q3,Millions of chained 2017 dollars,6,244566.0
SQGDP9-1,22000,Louisiana,2021Q4,Millions of chained 2017 dollars,6,247371.9
SQGDP9-1,22000,Louisiana,2022Q1,Millions of chained 2017 dollars,6,239924.7
SQGDP9-1,22000,Louisiana,2022Q2,Millions of chained 2017 dollars,6,239242.1
SQGDP9-1,22000,Louisiana,2022Q3,Millions of chained 2017 dollars,6,239700.1
SQGDP9-1,22000,Louisiana,2022Q4,Millions of chained 2017 dollars,6,241305.3
SQGDP9-1,22000,Louisiana,2023Q1,Millions of chained 2017 dollars,6,244671.6
SQGDP9-1,22000,Louisiana,2023Q2,Millions of chained 2017 dollars,6,246059.8
SQGDP9-1,22000,Louisiana,2023Q3,Millions of chained 2017 dollars,6,250317.4
SQGDP9-1,22000,Louisiana,2023Q4,Millions of chained 2017 dollars,6,254748.8
SQGDP9-1,22000,Louisiana,2024Q1,Millions of chained 2017 dollars,6,254462.5
SQGDP9-1,22000,Louisiana,2024Q2,Millions of chained 2017 dollars,6,257224.8
SQGDP9-1,22000,Louisiana,2024Q3,Millions of chained 2017 dollars,6,258194.8
SQGDP9-1,22000,Louisiana,2024Q4,Millions of chained 2017 dollars,6,258341.4
SQGDP9-1,22000,Louisiana,2025Q1,Millions of chained 2017 dollars,6,256860.2
SQGDP9-1,22000,Louisiana,2025Q2,Millions of chained 2017 dollars,6,259398.6
SQGDP9-1,22000,Louisiana,2025Q3,Millions of chained 2017 dollars,6,261644.6
SQGDP9-1,22000,Louisiana,2025Q4,Millions of chained 2017 dollars,6,261805.2
SQGDP9-1,22000,Louisiana,2026Q1,Millions of chained 2017 dollars,6,263713.6
SQGDP9-1,23000,Maine,2005Q1,Millions of chained 2017 dollars,6,59123.0
SQGDP9-1,23000,Maine,2005Q2,Millions of chained 2017 dollars,6,59462.3
SQGDP9-1,23000,Maine,2005Q3,Millions of chained 2017 dollars,6,59602.2
SQGDP9-1,23000,Maine,2005Q4,Millions of chained 2017 dollars,6,60171.2
SQGDP9-1,23000,Maine,2006Q1,Millions of chained 2017 dollars,6,59870.5
SQGDP9-1,23000,Maine,2006Q2,Millions of chained 2017 dollars,6,60199.8
SQGDP9-1,23000,Maine,2006Q3,Millions of chained 2017 dollars,6,59808.7
SQGDP9-1,23000,Maine,2006Q4,Millions of chained 2017 dollars,6,60064.8
SQGDP9-1,23000,Maine,2007Q1,Millions of chained 2017 dollars,6,59301.5
SQGDP9-1,23000,Maine,2007Q2,Millions of chained 2017 dollars,6,60113.2
SQGDP9-1,23000,Maine,2007Q3,Millions of chained 2017 dollars,6,60346.5
SQGDP9-1,23000,Maine,2007Q4,Millions of chained 2017 dollars,6,60369.4
SQGDP9-1,23000,Maine,2008Q1,Millions of chained 2017 dollars,6,60381.5
SQGDP9-1,23000,Maine,2008Q2,Millions of chained 2017 dollars,6,60469.0
SQGDP9-1,23000,Maine,2008Q3,Millions of chained 2017 dollars,6,59994.8
SQGDP9-1,23000,Maine,2008Q4,Millions of chained 2017 dollars,6,58535.0
SQGDP9-1,23000,Maine,2009Q1,Millions of chained 2017 dollars,6,58025.3
SQGDP9-1,23000,Maine,2009Q2,Millions of chained 2017 dollars,6,58416.5
SQGDP9-1,23000,Maine,2009Q3,Millions of chained 2017 dollars,6,59040.6
SQGDP9-1,23000,Maine,2009Q4,Millions of chained 2017 dollars,6,59605.0
SQGDP9-1,23000,Maine,2010Q1,Millions of chained 2017 dollars,6,59521.7
SQGDP9-1,23000,Maine,2010Q2,Millions of chained 2017 dollars,6,59974.7
SQGDP9-1,23000,Maine,2010Q3,Millions of chained 2017 dollars,6,60460.7
SQGDP9-1,23000,Maine,2010Q4,Millions of chained 2017 dollars,6,59877.1
SQGDP9-1,23000,Maine,2011Q1,Millions of chained 2017 dollars,6,59387.6
SQGDP9-1,23000,Maine,2011Q2,Millions of chained 2017 dollars,6,59215.3
SQGDP9-1,23000,Maine,2011Q3,Millions of chained 2017 dollars,6,59129.1
SQGDP9-1,23000,Maine,2011Q4,Millions of chained 2017 dollars,6,59986.9
SQGDP9-1,23000,Maine,2012Q1,Millions of chained 2017 dollars,6,59499.8
SQGDP9-1,23000,Maine,2012Q2,Millions of chained 2017 dollars,6,59841.7
SQGDP9-1,23000,Maine,2012Q3,Millions of chained 2017 dollars,6,59256.5
SQGDP9-1,23000,Maine,2012Q4,Millions of chained 2017 dollars,6,58128.8
SQGDP9-1,23000,Maine,2013Q1,Millions of chained 2017 dollars,6,59236.0
SQGDP9-1,23000,Maine,2013Q2,Millions of chained 2017 dollars,6,58667.9
SQGDP9-1,23000,Maine,2013Q3,Millions of chained 2017 dollars,6,58946.6
SQGDP9-1,23000,Maine,2013Q4,Millions of chained 2017 dollars,6,59205.3
SQGDP9-1,23000,Maine,2014Q1,Millions of chained 2017 dollars,6,58879.6
SQGDP9-1,23000,Maine,2014Q2,Millions of chained 2017 dollars,6,59283.3
SQGDP9-1,23000,Maine,2014Q3,Millions of chained 2017 dollars,6,59844.8
SQGDP9-1,23000,Maine,2014Q4,Millions of chained 2017 dollars,6,60351.6
SQGDP9-1,23000,Maine,2015Q1,Millions of chained 2017 dollars,6,59728.4
SQGDP9-1,23000,Maine,2015Q2,Millions of chained 2017 dollars,6,60491.7
SQGDP9-1,23000,Maine,2015Q3,Millions of chained 2017 dollars,6,60746.0
SQGDP9-1,23000,Maine,2015Q4,Millions of chained 2017 dollars,6,61285.8
SQGDP9-1,23000,Maine,2016Q1,Millions of chained 2017 dollars,6,61501.8
SQGDP9-1,23000,Maine,2016Q2,Millions of chained 2017 dollars,6,62152.8
SQGDP9-1,23000,Maine,2016Q3,Millions of chained 2017 dollars,6,62022.1
SQGDP9-1,23000,Maine,2016Q4,Millions of chained 2017 dollars,6,62471.6
SQGDP9-1,23000,Maine,2017Q1,Millions of chained 2017 dollars,6,62626.9
SQGDP9-1,23000,Maine,2017Q2,Millions of chained 2017 dollars,6,62551.0
SQGDP9-1,23000,Maine,2017Q3,Millions of chained 2017 dollars,6,63144.9
SQGDP9-1,23000,Maine,2017Q4,Millions of chained 2017 dollars,6,63679.7
SQGDP9-1,23000,Maine,2018Q1,Millions of chained 2017 dollars,6,64389.5
SQGDP9-1,23000,Maine,2018Q2,Millions of chained 2017 dollars,6,64747.8
SQGDP9-1,23000,Maine,2018Q3,Millions of chained 2017 dollars,6,65140.3
SQGDP9-1,23000,Maine,2018Q4,Millions of chained 2017 dollars,6,64947.6
SQGDP9-1,23000,Maine,2019Q1,Millions of chained 2017 dollars,6,65368.4
SQGDP9-1,23000,Maine,2019Q2,Millions of chained 2017 dollars,6,65944.8
SQGDP9-1,23000,Maine,2019Q3,Millions of chained 2017 dollars,6,67321.8
SQGDP9-1,23000,Maine,2019Q4,Millions of chained 2017 dollars,6,68398.5
SQGDP9-1,23000,Maine,2020Q1,Millions of chained 2017 dollars,6,68249.1
SQGDP9-1,23000,Maine,2020Q2,Millions of chained 2017 dollars,6,63753.9
SQGDP9-1,23000,Maine,2020Q3,Millions of chained 2017 dollars,6,68574.2
SQGDP9-1,23000,Maine,2020Q4,Millions of chained 2017 dollars,6,69979.5
SQGDP9-1,23000,Maine,2021Q1,Millions of chained 2017 dollars,6,70351.7
SQGDP9-1,23000,Maine,2021Q2,Millions of chained 2017 dollars,6,71187.1
SQGDP9-1,23000,Maine,2021Q3,Millions of chained 2017 dollars,6,71796.2
SQGDP9-1,23000,Maine,2021Q4,Millions of chained 2017 dollars,6,72078.9
SQGDP9-1,23000,Maine,2022Q1,Millions of chained 2017 dollars,6,72689.6
SQGDP9-1,23000,Maine,2022Q2,Millions of chained 2017 dollars,6,72832.8
SQGDP9-1,23000,Maine,2022Q3,Millions of chained 2017 dollars,6,72391.1
SQGDP9-1,23000,Maine,2022Q4,Millions of chained 2017 dollars,6,73623.9
SQGDP9-1,23000,Maine,2023Q1,Millions of chained 2017 dollars,6,74440.7
SQGDP9-1,23000,Maine,2023Q2,Millions of chained 2017 dollars,6,74925.4
SQGDP9-1,23000,Maine,2023Q3,Millions of chained 2017 dollars,6,76150.1
SQGDP9-1,23000,Maine,2023Q4,Millions of chained 2017 dollars,6,76540.1
SQGDP9-1,23000,Maine,2024Q1,Millions of chained 2017 dollars,6,77452.9
SQGDP9-1,23000,Maine,2024Q2,Millions of chained 2017 dollars,6,77311.4
SQGDP9-1,23000,Maine,2024Q3,Millions of chained 2017 dollars,6,77856.6
SQGDP9-1,23000,Maine,2024Q4,Millions of chained 2017 dollars,6,78413.5
SQGDP9-1,23000,Maine,2025Q1,Millions of chained 2017 dollars,6,77496.8
SQGDP9-1,23000,Maine,2025Q2,Millions of chained 2017 dollars,6,77953.3
SQGDP9-1,23000,Maine,2025Q3,Millions of chained 2017 dollars,6,78681.1
SQGDP9-1,23000,Maine,2025Q4,Millions of chained 2017 dollars,6,78672.2
SQGDP9-1,23000,Maine,2026Q1,Millions of chained 2017 dollars,6,78936.3
SQGDP9-1,24000,Maryland,2005Q1,Millions of chained 2017 dollars,6,319615.5
SQGDP9-1,24000,Maryland,2005Q2,Millions of chained 2017 dollars,6,323322.6
SQGDP9-1,24000,Maryland,2005Q3,Millions of chained 2017 dollars,6,329217.8
SQGDP9-1,24000,Maryland,2005Q4,Millions of chained 2017 dollars,6,330422.1
SQGDP9-1,24000,Maryland,2006Q1,Millions of chained 2017 dollars,6,328507.5
SQGDP9-1,24000,Maryland,2006Q2,Millions of chained 2017 dollars,6,328771.5
SQGDP9-1,24000,Maryland,2006Q3,Millions of chained 2017 dollars,6,330238.5
SQGDP9-1,24000,Maryland,2006Q4,Millions of chained 2017 dollars,6,331978.5
SQGDP9-1,24000,Maryland,2007Q1,Millions of chained 2017 dollars,6,328863.4
SQGDP9-1,24000,Maryland,2007Q2,Millions of chained 2017 dollars,6,332357.5
SQGDP9-1,24000,Maryland,2007Q3,Millions of chained 2017 dollars,6,331458.7
SQGDP9-1,24000,Maryland,2007Q4,Millions of chained 2017 dollars,6,334374.5
SQGDP9-1,24000,Maryland,2008Q1,Millions of chained 2017 dollars,6,337666.4
SQGDP9-1,24000,Maryland,2008Q2,Millions of chained 2017 dollars,6,340914.2
SQGDP9-1,24000,Maryland,2008Q3,Millions of chained 2017 dollars,6,339643.9
SQGDP9-1,24000,Maryland,2008Q4,Millions of chained 2017 dollars,6,334437.0
SQGDP9-1,24000,Maryland,2009Q1,Millions of chained 2017 dollars,6,331906.6
SQGDP9-1,24000,Maryland,2009Q2,Millions of chained 2017 dollars,6,334275.5
SQGDP9-1,24000,Maryland,2009Q3,Millions of chained 2017 dollars,6,336949.3
SQGDP9-1,24000,Maryland,2009Q4,Millions of chained 2017 dollars,6,342011.6
SQGDP9-1,24000,Maryland,2010Q1,Millions of chained 2017 dollars,6,347199.4
SQGDP9-1,24000,Maryland,2010Q2,Millions of chained 2017 dollars,6,351031.3
SQGDP9-1,24000,Maryland,2010Q3,Millions of chained 2017 dollars,6,353704.8
SQGDP9-1,24000,Maryland,2010Q4,Millions of chained 2017 dollars,6,358556.1
SQGDP9-1,24000,Maryland,2011Q1,Millions of chained 2017 dollars,6,356574.2
SQGDP9-1,24000,Maryland,2011Q2,Millions of chained 2017 dollars,6,360262.4
SQGDP9-1,24000,Maryland,2011Q3,Millions of chained 2017 dollars,6,360945.8
SQGDP9-1,24000,Maryland,2011Q4,Millions of chained 2017 dollars,6,362841.0
SQGDP9-1,24000,Maryland,2012Q1,Millions of chained 2017 dollars,6,363302.5
SQGDP9-1,24000,Maryland,2012Q2,Millions of chained 2017 dollars,6,360178.5
SQGDP9-1,24000,Maryland,2012Q3,Millions of chained 2017 dollars,6,363193.0
SQGDP9-1,24000,Maryland,2012Q4,Millions of chained 2017 dollars,6,359573.2
SQGDP9-1,24000,Maryland,2013Q1,Millions of chained 2017 dollars,6,364294.7
SQGDP9-1,24000,Maryland,2013Q2,Millions of chained 2017 dollars,6,362927.9
SQGDP9-1,24000,Maryland,2013Q3,Millions of chained 2017 dollars,6,365003.6
SQGDP9-1,24000,Maryland,2013Q4,Millions of chained 2017 dollars,6,366306.8
SQGDP9-1,24000,Maryland,2014Q1,Millions of chained 2017 dollars,6,365053.7
SQGDP9-1,24000,Maryland,2014Q2,Millions of chained 2017 dollars,6,370519.7
SQGDP9-1,24000,Maryland,2014Q3,Millions of chained 2017 dollars,6,373964.6
SQGDP9-1,24000,Maryland,2014Q4,Millions of chained 2017 dollars,6,371837.8
SQGDP9-1,24000,Maryland,2015Q1,Millions of chained 2017 dollars,6,376581.3
SQGDP9-1,24000,Maryland,2015Q2,Millions of chained 2017 dollars,6,377179.1
SQGDP9-1,24000,Maryland,2015Q3,Millions of chained 2017 dollars,6,379438.8
SQGDP9-1,24000,Maryland,2015Q4,Millions of chained 2017 dollars,6,381784.4
SQGDP9-1,24000,Maryland,2016Q1,Millions of chained 2017 dollars,6,386352.7
SQGDP9-1,24000,Maryland,2016Q2,Millions of chained 2017 dollars,6,390599.1
SQGDP9-1,24000,Maryland,2016Q3,Millions of chained 2017 dollars,6,393758.7
SQGDP9-1,24000,Maryland,2016Q4,Millions of chained 2017 dollars,6,397093.3
SQGDP9-1,24000,Maryland,2017Q1,Millions of chained 2017 dollars,6,396293.5
SQGDP9-1,24000,Maryland,2017Q2,Millions of chained 2017 dollars,6,398024.3
SQGDP9-1,24000,Maryland,2017Q3,Millions of chained 2017 dollars,6,400397.6
SQGDP9-1,24000,Maryland,2017Q4,Millions of chained 2017 dollars,6,404142.7
SQGDP9-1,24000,Maryland,2018Q1,Millions of chained 2017 dollars,6,401387.7
SQGDP9-1,24000,Maryland,2018Q2,Millions of chained 2017 dollars,6,402903.9
SQGDP9-1,24000,Maryland,2018Q3,Millions of chained 2017 dollars,6,402950.9
SQGDP9-1,24000,Maryland,2018Q4,Millions of chained 2017 dollars,6,402681.0
SQGDP9-1,24000,Maryland,2019Q1,Millions of chained 2017 dollars,6,397378.6
SQGDP9-1,24000,Maryland,2019Q2,Millions of chained 2017 dollars,6,401766.7
SQGDP9-1,24000,Maryland,2019Q3,Millions of chained 2017 dollars,6,404411.1
SQGDP9-1,24000,Maryland,2019Q4,Millions of chained 2017 dollars,6,406468.6
SQGDP9-1,24000,Maryland,2020Q1,Millions of chained 2017 dollars,6,395815.6
SQGDP9-1,24000,Maryland,2020Q2,Millions of chained 2017 dollars,6,370573.7
SQGDP9-1,24000,Maryland,2020Q3,Millions of chained 2017 dollars,6,394480.4
SQGDP9-1,24000,Maryland,2020Q4,Millions of chained 2017 dollars,6,395844.8
SQGDP9-1,24000,Maryland,2021Q1,Millions of chained 2017 dollars,6,407569.4
SQGDP9-1,24000,Maryland,2021Q2,Millions of chained 2017 dollars,6,404274.7
SQGDP9-1,24000,Maryland,2021Q3,Millions of chained 2017 dollars,6,405909.0
SQGDP9-1,24000,Maryland,2021Q4,Millions of chained 2017 dollars,6,410887.3
SQGDP9-1,24000,Maryland,2022Q1,Millions of chained 2017 dollars,6,410997.3
SQGDP9-1,24000,Maryland,2022Q2,Millions of chained 2017 dollars,6,412214.9
SQGDP9-1,24000,Maryland,2022Q3,Millions of chained 2017 dollars,6,413488.9
SQGDP9-1,24000,Maryland,2022Q4,Millions of chained 2017 dollars,6,413981.5
SQGDP9-1,24000,Maryland,2023Q1,Millions of chained 2017 dollars,6,416584.5
SQGDP9-1,24000,Maryland,2023Q2,Millions of chained 2017 dollars,6,417401.6
SQGDP9-1,24000,Maryland,2023Q3,Millions of chained 2017 dollars,6,423457.9
SQGDP9-1,24000,Maryland,2023Q4,Millions of chained 2017 dollars,6,424787.8
SQGDP9-1,24000,Maryland,2024Q1,Millions of chained 2017 dollars,6,430281.1
SQGDP9-1,24000,Maryland,2024Q2,Millions of chained 2017 dollars,6,430637.0
SQGDP9-1,24000,Maryland,2024Q3,Millions of chained 2017 dollars,6,435229.4
SQGDP9-1,24000,Maryland,2024Q4,Millions of chained 2017 dollars,6,436276.0
SQGDP9-1,24000,Maryland,2025Q1,Millions of chained 2017 dollars,6,433932.2
SQGDP9-1,24000,Maryland,2025Q2,Millions of chained 2017 dollars,6,435433.9
SQGDP9-1,24000,Maryland,2025Q3,Millions of chained 2017 dollars,6,439504.9
SQGDP9-1,24000,Maryland,2025Q4,Millions of chained 2017 dollars,6,435816.9
SQGDP9-1,24000,Maryland,2026Q1,Millions of chained 2017 dollars,6,437403.7
SQGDP9-1,25000,Massachusetts,2005Q1,Millions of chained 2017 dollars,6,413546.1
SQGDP9-1,25000,Massachusetts,2005Q2,Millions of chained 2017 dollars,6,414641.1
SQGDP9-1,25000,Massachusetts,2005Q3,Millions of chained 2017 dollars,6,419380.5
SQGDP9-1,25000,Massachusetts,2005Q4,Millions of chained 2017 dollars,6,420734.7
SQGDP9-1,25000,Massachusetts,2006Q1,Millions of chained 2017 dollars,6,423923.8
SQGDP9-1,25000,Massachusetts,2006Q2,Millions of chained 2017 dollars,6,426093.3
SQGDP9-1,25000,Massachusetts,2006Q3,Millions of chained 2017 dollars,6,424725.5
SQGDP9-1,25000,Massachusetts,2006Q4,Millions of chained 2017 dollars,6,432961.9
SQGDP9-1,25000,Massachusetts,2007Q1,Millions of chained 2017 dollars,6,433482.3
SQGDP9-1,25000,Massachusetts,2007Q2,Millions of chained 2017 dollars,6,437340.7
SQGDP9-1,25000,Massachusetts,2007Q3,Millions of chained 2017 dollars,6,442939.9
SQGDP9-1,25000,Massachusetts,2007Q4,Millions of chained 2017 dollars,6,447732.5
SQGDP9-1,25000,Massachusetts,2008Q1,Millions of chained 2017 dollars,6,450163.5
SQGDP9-1,25000,Massachusetts,2008Q2,Millions of chained 2017 dollars,6,453733.0
SQGDP9-1,25000,Massachusetts,2008Q3,Millions of chained 2017 dollars,6,447911.8
SQGDP9-1,25000,Massachusetts,2008Q4,Millions of chained 2017 dollars,6,438298.8
SQGDP9-1,25000,Massachusetts,2009Q1,Millions of chained 2017 dollars,6,438454.7
SQGDP9-1,25000,Massachusetts,2009Q2,Millions of chained 2017 dollars,6,438429.8
SQGDP9-1,25000,Massachusetts,2009Q3,Millions of chained 2017 dollars,6,441959.4
SQGDP9-1,25000,Massachusetts,2009Q4,Millions of chained 2017 dollars,6,446386.4
SQGDP9-1,25000,Massachusetts,2010Q1,Millions of chained 2017 dollars,6,453493.8
SQGDP9-1,25000,Massachusetts,2010Q2,Millions of chained 2017 dollars,6,460133.8
SQGDP9-1,25000,Massachusetts,2010Q3,Millions of chained 2017 dollars,6,467871.2
SQGDP9-1,25000,Massachusetts,2010Q4,Millions of chained 2017 dollars,6,467824.2
SQGDP9-1,25000,Massachusetts,2011Q1,Millions of chained 2017 dollars,6,463082.3
SQGDP9-1,25000,Massachusetts,2011Q2,Millions of chained 2017 dollars,6,477695.9
SQGDP9-1,25000,Massachusetts,2011Q3,Millions of chained 2017 dollars,6,471180.6
SQGDP9-1,25000,Massachusetts,2011Q4,Millions of chained 2017 dollars,6,478698.2
SQGDP9-1,25000,Massachusetts,2012Q1,Millions of chained 2017 dollars,6,479865.9
SQGDP9-1,25000,Massachusetts,2012Q2,Millions of chained 2017 dollars,6,484438.4
SQGDP9-1,25000,Massachusetts,2012Q3,Millions of chained 2017 dollars,6,485580.5
SQGDP9-1,25000,Massachusetts,2012Q4,Millions of chained 2017 dollars,6,483260.5
SQGDP9-1,25000,Massachusetts,2013Q1,Millions of chained 2017 dollars,6,484140.0
SQGDP9-1,25000,Massachusetts,2013Q2,Millions of chained 2017 dollars,6,484452.2
SQGDP9-1,25000,Massachusetts,2013Q3,Millions of chained 2017 dollars,6,488789.7
SQGDP9-1,25000,Massachusetts,2013Q4,Millions of chained 2017 dollars,6,490585.2
SQGDP9-1,25000,Massachusetts,2014Q1,Millions of chained 2017 dollars,6,487401.1
SQGDP9-1,25000,Massachusetts,2014Q2,Millions of chained 2017 dollars,6,491619.4
SQGDP9-1,25000,Massachusetts,2014Q3,Millions of chained 2017 dollars,6,499519.7
SQGDP9-1,25000,Massachusetts,2014Q4,Millions of chained 2017 dollars,6,506463.5
SQGDP9-1,25000,Massachusetts,2015Q1,Millions of chained 2017 dollars,6,509447.8
SQGDP9-1,25000,Massachusetts,2015Q2,Millions of chained 2017 dollars,6,515058.7
SQGDP9-1,25000,Massachusetts,2015Q3,Millions of chained 2017 dollars,6,514004.1
SQGDP9-1,25000,Massachusetts,2015Q4,Millions of chained 2017 dollars,6,519084.4
SQGDP9-1,25000,Massachusetts,2016Q1,Millions of chained 2017 dollars,6,517436.5
SQGDP9-1,25000,Massachusetts,2016Q2,Millions of chained 2017 dollars,6,520488.2
SQGDP9-1,25000,Massachusetts,2016Q3,Millions of chained 2017 dollars,6,525355.3
SQGDP9-1,25000,Massachusetts,2016Q4,Millions of chained 2017 dollars,6,523371.1
SQGDP9-1,25000,Massachusetts,2017Q1,Millions of chained 2017 dollars,6,523363.0
SQGDP9-1,25000,Massachusetts,2017Q2,Millions of chained 2017 dollars,6,527240.0
SQGDP9-1,25000,Massachusetts,2017Q3,Millions of chained 2017 dollars,6,532282.4
SQGDP9-1,25000,Massachusetts,2017Q4,Millions of chained 2017 dollars,6,537632.4
SQGDP9-1,25000,Massachusetts,2018Q1,Millions of chained 2017 dollars,6,544255.9
SQGDP9-1,25000,Massachusetts,2018Q2,Millions of chained 2017 dollars,6,548661.1
SQGDP9-1,25000,Massachusetts,2018Q3,Millions of chained 2017 dollars,6,551199.4
SQGDP9-1,25000,Massachusetts,2018Q4,Millions of chained 2017 dollars,6,552931.8
SQGDP9-1,25000,Massachusetts,2019Q1,Millions of chained 2017 dollars,6,559139.1
SQGDP9-1,25000,Massachusetts,2019Q2,Millions of chained 2017 dollars,6,562866.6
SQGDP9-1,25000,Massachusetts,2019Q3,Millions of chained 2017 dollars,6,569870.3
SQGDP9-1,25000,Massachusetts,2019Q4,Millions of chained 2017 dollars,6,573431.2
SQGDP9-1,25000,Massachusetts,2020Q1,Millions of chained 2017 dollars,6,573469.4
SQGDP9-1,25000,Massachusetts,2020Q2,Millions of chained 2017 dollars,6,526485.9
SQGDP9-1,25000,Massachusetts,2020Q3,Millions of chained 2017 dollars,6,564617.0
SQGDP9-1,25000,Massachusetts,2020Q4,Millions of chained 2017 dollars,6,577010.9
SQGDP9-1,25000,Massachusetts,2021Q1,Millions of chained 2017 dollars,6,581795.0
SQGDP9-1,25000,Massachusetts,2021Q2,Millions of chained 2017 dollars,6,594783.2
SQGDP9-1,25000,Massachusetts,2021Q3,Millions of chained 2017 dollars,6,604845.1
SQGDP9-1,25000,Massachusetts,2021Q4,Millions of chained 2017 dollars,6,608256.7
SQGDP9-1,25000,Massachusetts,2022Q1,Millions of chained 2017 dollars,6,603109.6
SQGDP9-1,25000,Massachusetts,2022Q2,Millions of chained 2017 dollars,6,605391.1
SQGDP9-1,25000,Massachusetts,2022Q3,Millions of chained 2017 dollars,6,604341.1
SQGDP9-1,25000,Massachusetts,2022Q4,Millions of chained 2017 dollars,6,617040.7
SQGDP9-1,25000,Massachusetts,2023Q1,Millions of chained 2017 dollars,6,609329.1
SQGDP9-1,25000,Massachusetts,2023Q2,Millions of chained 2017 dollars,6,611693.0
SQGDP9-1,25000,Massachusetts,2023Q3,Millions of chained 2017 dollars,6,616341.5
SQGDP9-1,25000,Massachusetts,2023Q4,Millions of chained 2017 dollars,6,621780.9
SQGDP9-1,25000,Massachusetts,2024Q1,Millions of chained 2017 dollars,6,623365.8
SQGDP9-1,25000,Massachusetts,2024Q2,Millions of chained 2017 dollars,6,629680.6
SQGDP9-1,25000,Massachusetts,2024Q3,Millions of chained 2017 dollars,6,632839.7
SQGDP9-1,25000,Massachusetts,2024Q4,Millions of chained 2017 dollars,6,629261.6
SQGDP9-1,25000,Massachusetts,2025Q1,Millions of chained 2017 dollars,6,635775.7
SQGDP9-1,25000,Massachusetts,2025Q2,Millions of chained 2017 dollars,6,642813.7
SQGDP9-1,25000,Massachusetts,2025Q3,Millions of chained 2017 dollars,6,648082.1
SQGDP9-1,25000,Massachusetts,2025Q4,Millions of chained 2017 dollars,6,650043.7
SQGDP9-1,25000,Massachusetts,2026Q1,Millions of chained 2017 dollars,6,653909.8
SQGDP9-1,26000,Michigan,2005Q1,Millions of chained 2017 dollars,6,495295.8
SQGDP9-1,26000,Michigan,2005Q2,Millions of chained 2017 dollars,6,496170.7
SQGDP9-1,26000,Michigan,2005Q3,Millions of chained 2017 dollars,6,491933.7
SQGDP9-1,26000,Michigan,2005Q4,Millions of chained 2017 dollars,6,491784.8
SQGDP9-1,26000,Michigan,2006Q1,Millions of chained 2017 dollars,6,485281.5
SQGDP9-1,26000,Michigan,2006Q2,Millions of chained 2017 dollars,6,485943.5
SQGDP9-1,26000,Michigan,2006Q3,Millions of chained 2017 dollars,6,483215.1
SQGDP9-1,26000,Michigan,2006Q4,Millions of chained 2017 dollars,6,480614.3
SQGDP9-1,26000,Michigan,2007Q1,Millions of chained 2017 dollars,6,485185.1
SQGDP9-1,26000,Michigan,2007Q2,Millions of chained 2017 dollars,6,485490.4
SQGDP9-1,26000,Michigan,2007Q3,Millions of chained 2017 dollars,6,485339.9
SQGDP9-1,26000,Michigan,2007Q4,Millions of chained 2017 dollars,6,475724.9
SQGDP9-1,26000,Michigan,2008Q1,Millions of chained 2017 dollars,6,467558.9
SQGDP9-1,26000,Michigan,2008Q2,Millions of chained 2017 dollars,6,463418.3
SQGDP9-1,26000,Michigan,2008Q3,Millions of chained 2017 dollars,6,451749.4
SQGDP9-1,26000,Michigan,2008Q4,Millions of chained 2017 dollars,6,438300.1
SQGDP9-1,26000,Michigan,2009Q1,Millions of chained 2017 dollars,6,411064.1
SQGDP9-1,26000,Michigan,2009Q2,Millions of chained 2017 dollars,6,413803.9
SQGDP9-1,26000,Michigan,2009Q3,Millions of chained 2017 dollars,6,415778.7
SQGDP9-1,26000,Michigan,2009Q4,Millions of chained 2017 dollars,6,424541.5
SQGDP9-1,26000,Michigan,2010Q1,Millions of chained 2017 dollars,6,426056.2
SQGDP9-1,26000,Michigan,2010Q2,Millions of chained 2017 dollars,6,439940.6
SQGDP9-1,26000,Michigan,2010Q3,Millions of chained 2017 dollars,6,450232.9
SQGDP9-1,26000,Michigan,2010Q4,Millions of chained 2017 dollars,6,448856.3
SQGDP9-1,26000,Michigan,2011Q1,Millions of chained 2017 dollars,6,451041.3
SQGDP9-1,26000,Michigan,2011Q2,Millions of chained 2017 dollars,6,449938.0
SQGDP9-1,26000,Michigan,2011Q3,Millions of chained 2017 dollars,6,451636.2
SQGDP9-1,26000,Michigan,2011Q4,Millions of chained 2017 dollars,6,463340.8
SQGDP9-1,26000,Michigan,2012Q1,Millions of chained 2017 dollars,6,462320.0
SQGDP9-1,26000,Michigan,2012Q2,Millions of chained 2017 dollars,6,463293.0
SQGDP9-1,26000,Michigan,2012Q3,Millions of chained 2017 dollars,6,464423.9
SQGDP9-1,26000,Michigan,2012Q4,Millions of chained 2017 dollars,6,463173.4
SQGDP9-1,26000,Michigan,2013Q1,Millions of chained 2017 dollars,6,471261.3
SQGDP9-1,26000,Michigan,2013Q2,Millions of chained 2017 dollars,6,471049.9
SQGDP9-1,26000,Michigan,2013Q3,Millions of chained 2017 dollars,6,473816.6
SQGDP9-1,26000,Michigan,2013Q4,Millions of chained 2017 dollars,6,474991.7
SQGDP9-1,26000,Michigan,2014Q1,Millions of chained 2017 dollars,6,472767.2
SQGDP9-1,26000,Michigan,2014Q2,Millions of chained 2017 dollars,6,479783.7
SQGDP9-1,26000,Michigan,2014Q3,Millions of chained 2017 dollars,6,483288.7
SQGDP9-1,26000,Michigan,2014Q4,Millions of chained 2017 dollars,6,482300.1
SQGDP9-1,26000,Michigan,2015Q1,Millions of chained 2017 dollars,6,485874.8
SQGDP9-1,26000,Michigan,2015Q2,Millions of chained 2017 dollars,6,490429.4
SQGDP9-1,26000,Michigan,2015Q3,Millions of chained 2017 dollars,6,492803.4
SQGDP9-1,26000,Michigan,2015Q4,Millions of chained 2017 dollars,6,493367.2
SQGDP9-1,26000,Michigan,2016Q1,Millions of chained 2017 dollars,6,494035.7
SQGDP9-1,26000,Michigan,2016Q2,Millions of chained 2017 dollars,6,500885.4
SQGDP9-1,26000,Michigan,2016Q3,Millions of chained 2017 dollars,6,501228.5
SQGDP9-1,26000,Michigan,2016Q4,Millions of chained 2017 dollars,6,504488.6
SQGDP9-1,26000,Michigan,2017Q1,Millions of chained 2017 dollars,6,502333.0
SQGDP9-1,26000,Michigan,2017Q2,Millions of chained 2017 dollars,6,504804.5
SQGDP9-1,26000,Michigan,2017Q3,Millions of chained 2017 dollars,6,504297.9
SQGDP9-1,26000,Michigan,2017Q4,Millions of chained 2017 dollars,6,508970.7
SQGDP9-1,26000,Michigan,2018Q1,Millions of chained 2017 dollars,6,516834.2
SQGDP9-1,26000,Michigan,2018Q2,Millions of chained 2017 dollars,6,517627.3
SQGDP9-1,26000,Michigan,2018Q3,Millions of chained 2017 dollars,6,517394.4
SQGDP9-1,26000,Michigan,2018Q4,Millions of chained 2017 dollars,6,515516.0
SQGDP9-1,26000,Michigan,2019Q1,Millions of chained 2017 dollars,6,514034.2
SQGDP9-1,26000,Michigan,2019Q2,Millions of chained 2017 dollars,6,518378.8
SQGDP9-1,26000,Michigan,2019Q3,Millions of chained 2017 dollars,6,524474.7
SQGDP9-1,26000,Michigan,2019Q4,Millions of chained 2017 dollars,6,527452.4
SQGDP9-1,26000,Michigan,2020Q1,Millions of chained 2017 dollars,6,518254.2
SQGDP9-1,26000,Michigan,2020Q2,Millions of chained 2017 dollars,6,456535.1
SQGDP9-1,26000,Michigan,2020Q3,Millions of chained 2017 dollars,6,515571.1
SQGDP9-1,26000,Michigan,2020Q4,Millions of chained 2017 dollars,6,520128.8
SQGDP9-1,26000,Michigan,2021Q1,Millions of chained 2017 dollars,6,520204.4
SQGDP9-1,26000,Michigan,2021Q2,Millions of chained 2017 dollars,6,530890.9
SQGDP9-1,26000,Michigan,2021Q3,Millions of chained 2017 dollars,6,530175.4
SQGDP9-1,26000,Michigan,2021Q4,Millions of chained 2017 dollars,6,533536.4
SQGDP9-1,26000,Michigan,2022Q1,Millions of chained 2017 dollars,6,537786.5
SQGDP9-1,26000,Michigan,2022Q2,Millions of chained 2017 dollars,6,537571.4
SQGDP9-1,26000,Michigan,2022Q3,Millions of chained 2017 dollars,6,540574.6
SQGDP9-1,26000,Michigan,2022Q4,Millions of chained 2017 dollars,6,543297.4
SQGDP9-1,26000,Michigan,2023Q1,Millions of chained 2017 dollars,6,548359.7
SQGDP9-1,26000,Michigan,2023Q2,Millions of chained 2017 dollars,6,552386.1
SQGDP9-1,26000,Michigan,2023Q3,Millions of chained 2017 dollars,6,558469.8
SQGDP9-1,26000,Michigan,2023Q4,Millions of chained 2017 dollars,6,559009.3
SQGDP9-1,26000,Michigan,2024Q1,Millions of chained 2017 dollars,6,557328.7
SQGDP9-1,26000,Michigan,2024Q2,Millions of chained 2017 dollars,6,563996.1
SQGDP9-1,26000,Michigan,2024Q3,Millions of chained 2017 dollars,6,562756.7
SQGDP9-1,26000,Michigan,2024Q4,Millions of chained 2017 dollars,6,564629.0
SQGDP9-1,26000,Michigan,2025Q1,Millions of chained 2017 dollars,6,561025.8
SQGDP9-1,26000,Michigan,2025Q2,Millions of chained 2017 dollars,6,566019.2
SQGDP9-1,26000,Michigan,2025Q3,Millions of chained 2017 dollars,6,573120.2
SQGDP9-1,26000,Michigan,2025Q4,Millions of chained 2017 dollars,6,575297.6
SQGDP9-1,26000,Michigan,2026Q1,Millions of chained 2017 dollars,6,575812.1
SQGDP9-1,27000,Minnesota,2005Q1,Millions of chained 2017 dollars,6,299491.4
SQGDP9-1,27000,Minnesota,2005Q2,Millions of chained 2017 dollars,6,299933.8
SQGDP9-1,27000,Minnesota,2005Q3,Millions of chained 2017 dollars,6,304936.0
SQGDP9-1,27000,Minnesota,2005Q4,Millions of chained 2017 dollars,6,302683.7
SQGDP9-1,27000,Minnesota,2006Q1,Millions of chained 2017 dollars,6,303182.1
SQGDP9-1,27000,Minnesota,2006Q2,Millions of chained 2017 dollars,6,305491.4
SQGDP9-1,27000,Minnesota,2006Q3,Millions of chained 2017 dollars,6,300116.4
SQGDP9-1,27000,Minnesota,2006Q4,Millions of chained 2017 dollars,6,300300.9
SQGDP9-1,27000,Minnesota,2007Q1,Millions of chained 2017 dollars,6,300125.0
SQGDP9-1,27000,Minnesota,2007Q2,Millions of chained 2017 dollars,6,304862.0
SQGDP9-1,27000,Minnesota,2007Q3,Millions of chained 2017 dollars,6,304533.5
SQGDP9-1,27000,Minnesota,2007Q4,Millions of chained 2017 dollars,6,307311.5
SQGDP9-1,27000,Minnesota,2008Q1,Millions of chained 2017 dollars,6,310307.7
SQGDP9-1,27000,Minnesota,2008Q2,Millions of chained 2017 dollars,6,310758.7
SQGDP9-1,27000,Minnesota,2008Q3,Millions of chained 2017 dollars,6,313375.3
SQGDP9-1,27000,Minnesota,2008Q4,Millions of chained 2017 dollars,6,302719.8
SQGDP9-1,27000,Minnesota,2009Q1,Millions of chained 2017 dollars,6,296080.6
SQGDP9-1,27000,Minnesota,2009Q2,Millions of chained 2017 dollars,6,295035.8
SQGDP9-1,27000,Minnesota,2009Q3,Millions of chained 2017 dollars,6,295782.0
SQGDP9-1,27000,Minnesota,2009Q4,Millions of chained 2017 dollars,6,300602.5
SQGDP9-1,27000,Minnesota,2010Q1,Millions of chained 2017 dollars,6,301025.2
SQGDP9-1,27000,Minnesota,2010Q2,Millions of chained 2017 dollars,6,305072.4
SQGDP9-1,27000,Minnesota,2010Q3,Millions of chained 2017 dollars,6,309866.6
SQGDP9-1,27000,Minnesota,2010Q4,Millions of chained 2017 dollars,6,316403.2
SQGDP9-1,27000,Minnesota,2011Q1,Millions of chained 2017 dollars,6,311827.5
SQGDP9-1,27000,Minnesota,2011Q2,Millions of chained 2017 dollars,6,317343.8
SQGDP9-1,27000,Minnesota,2011Q3,Millions of chained 2017 dollars,6,315004.8
SQGDP9-1,27000,Minnesota,2011Q4,Millions of chained 2017 dollars,6,316677.2
SQGDP9-1,27000,Minnesota,2012Q1,Millions of chained 2017 dollars,6,320691.2
SQGDP9-1,27000,Minnesota,2012Q2,Millions of chained 2017 dollars,6,320660.5
SQGDP9-1,27000,Minnesota,2012Q3,Millions of chained 2017 dollars,6,322096.0
SQGDP9-1,27000,Minnesota,2012Q4,Millions of chained 2017 dollars,6,320767.6
SQGDP9-1,27000,Minnesota,2013Q1,Millions of chained 2017 dollars,6,324710.0
SQGDP9-1,27000,Minnesota,2013Q2,Millions of chained 2017 dollars,6,327180.0
SQGDP9-1,27000,Minnesota,2013Q3,Millions of chained 2017 dollars,6,333101.2
SQGDP9-1,27000,Minnesota,2013Q4,Millions of chained 2017 dollars,6,334106.8
SQGDP9-1,27000,Minnesota,2014Q1,Millions of chained 2017 dollars,6,332424.6
SQGDP9-1,27000,Minnesota,2014Q2,Millions of chained 2017 dollars,6,337987.2
SQGDP9-1,27000,Minnesota,2014Q3,Millions of chained 2017 dollars,6,342642.0
SQGDP9-1,27000,Minnesota,2014Q4,Millions of chained 2017 dollars,6,341441.8
SQGDP9-1,27000,Minnesota,2015Q1,Millions of chained 2017 dollars,6,345361.8
SQGDP9-1,27000,Minnesota,2015Q2,Millions of chained 2017 dollars,6,343996.2
SQGDP9-1,27000,Minnesota,2015Q3,Millions of chained 2017 dollars,6,345331.1
SQGDP9-1,27000,Minnesota,2015Q4,Millions of chained 2017 dollars,6,347135.9
SQGDP9-1,27000,Minnesota,2016Q1,Millions of chained 2017 dollars,6,346601.0
SQGDP9-1,27000,Minnesota,2016Q2,Millions of chained 2017 dollars,6,348006.1
SQGDP9-1,27000,Minnesota,2016Q3,Millions of chained 2017 dollars,6,353955.8
SQGDP9-1,27000,Minnesota,2016Q4,Millions of chained 2017 dollars,6,353851.5
SQGDP9-1,27000,Minnesota,2017Q1,Millions of chained 2017 dollars,6,356459.9
SQGDP9-1,27000,Minnesota,2017Q2,Millions of chained 2017 dollars,6,354121.3
SQGDP9-1,27000,Minnesota,2017Q3,Millions of chained 2017 dollars,6,352183.8
SQGDP9-1,27000,Minnesota,2017Q4,Millions of chained 2017 dollars,6,356122.5
SQGDP9-1,27000,Minnesota,2018Q1,Millions of chained 2017 dollars,6,361044.1
SQGDP9-1,27000,Minnesota,2018Q2,Millions of chained 2017 dollars,6,363643.2
SQGDP9-1,27000,Minnesota,2018Q3,Millions of chained 2017 dollars,6,366978.9
SQGDP9-1,27000,Minnesota,2018Q4,Millions of chained 2017 dollars,6,367532.6
SQGDP9-1,27000,Minnesota,2019Q1,Millions of chained 2017 dollars,6,365533.0
SQGDP9-1,27000,Minnesota,2019Q2,Millions of chained 2017 dollars,6,367627.0
SQGDP9-1,27000,Minnesota,2019Q3,Millions of chained 2017 dollars,6,371869.3
SQGDP9-1,27000,Minnesota,2019Q4,Millions of chained 2017 dollars,6,373440.2
SQGDP9-1,27000,Minnesota,2020Q1,Millions of chained 2017 dollars,6,365684.4
SQGDP9-1,27000,Minnesota,2020Q2,Millions of chained 2017 dollars,6,338101.1
SQGDP9-1,27000,Minnesota,2020Q3,Millions of chained 2017 dollars,6,361128.7
SQGDP9-1,27000,Minnesota,2020Q4,Millions of chained 2017 dollars,6,366411.9
SQGDP9-1,27000,Minnesota,2021Q1,Millions of chained 2017 dollars,6,371706.8
SQGDP9-1,27000,Minnesota,2021Q2,Millions of chained 2017 dollars,6,380592.0
SQGDP9-1,27000,Minnesota,2021Q3,Millions of chained 2017 dollars,6,377716.0
SQGDP9-1,27000,Minnesota,2021Q4,Millions of chained 2017 dollars,6,381888.4
SQGDP9-1,27000,Minnesota,2022Q1,Millions of chained 2017 dollars,6,381472.3
SQGDP9-1,27000,Minnesota,2022Q2,Millions of chained 2017 dollars,6,385791.6
SQGDP9-1,27000,Minnesota,2022Q3,Millions of chained 2017 dollars,6,389255.7
SQGDP9-1,27000,Minnesota,2022Q4,Millions of chained 2017 dollars,6,387167.4
SQGDP9-1,27000,Minnesota,2023Q1,Millions of chained 2017 dollars,6,386979.8
SQGDP9-1,27000,Minnesota,2023Q2,Millions of chained 2017 dollars,6,387306.6
SQGDP9-1,27000,Minnesota,2023Q3,Millions of chained 2017 dollars,6,390451.9
SQGDP9-1,27000,Minnesota,2023Q4,Millions of chained 2017 dollars,6,394719.7
SQGDP9-1,27000,Minnesota,2024Q1,Millions of chained 2017 dollars,6,394496.9
SQGDP9-1,27000,Minnesota,2024Q2,Millions of chained 2017 dollars,6,397452.3
SQGDP9-1,27000,Minnesota,2024Q3,Millions of chained 2017 dollars,6,402551.0
SQGDP9-1,27000,Minnesota,2024Q4,Millions of chained 2017 dollars,6,402513.1
SQGDP9-1,27000,Minnesota,2025Q1,Millions of chained 2017 dollars,6,401421.6
SQGDP9-1,27000,Minnesota,2025Q2,Millions of chained 2017 dollars,6,404755.7
SQGDP9-1,27000,Minnesota,2025Q3,Millions of chained 2017 dollars,6,407467.0
SQGDP9-1,27000,Minnesota,2025Q4,Millions of chained 2017 dollars,6,409700.0
SQGDP9-1,27000,Minnesota,2026Q1,Millions of chained 2017 dollars,6,409971.5
SQGDP9-1,28000,Mississippi,2005Q1,Millions of chained 2017 dollars,6,102595.1
SQGDP9-1,28000,Mississippi,2005Q2,Millions of chained 2017 dollars,6,102673.2
SQGDP9-1,28000,Mississippi,2005Q3,Millions of chained 2017 dollars,6,103088.0
SQGDP9-1,28000,Mississippi,2005Q4,Millions of chained 2017 dollars,6,106410.7
SQGDP9-1,28000,Mississippi,2006Q1,Millions of chained 2017 dollars,6,104563.0
SQGDP9-1,28000,Mississippi,2006Q2,Millions of chained 2017 dollars,6,106159.5
SQGDP9-1,28000,Mississippi,2006Q3,Millions of chained 2017 dollars,6,106036.3
SQGDP9-1,28000,Mississippi,2006Q4,Millions of chained 2017 dollars,6,106760.8
SQGDP9-1,28000,Mississippi,2007Q1,Millions of chained 2017 dollars,6,106494.9
SQGDP9-1,28000,Mississippi,2007Q2,Millions of chained 2017 dollars,6,106645.6
SQGDP9-1,28000,Mississippi,2007Q3,Millions of chained 2017 dollars,6,108214.5
SQGDP9-1,28000,Mississippi,2007Q4,Millions of chained 2017 dollars,6,109500.5
SQGDP9-1,28000,Mississippi,2008Q1,Millions of chained 2017 dollars,6,109873.6
SQGDP9-1,28000,Mississippi,2008Q2,Millions of chained 2017 dollars,6,111201.9
SQGDP9-1,28000,Mississippi,2008Q3,Millions of chained 2017 dollars,6,109553.6
SQGDP9-1,28000,Mississippi,2008Q4,Millions of chained 2017 dollars,6,107107.0
SQGDP9-1,28000,Mississippi,2009Q1,Millions of chained 2017 dollars,6,105739.1
SQGDP9-1,28000,Mississippi,2009Q2,Millions of chained 2017 dollars,6,105436.0
SQGDP9-1,28000,Mississippi,2009Q3,Millions of chained 2017 dollars,6,105044.0
SQGDP9-1,28000,Mississippi,2009Q4,Millions of chained 2017 dollars,6,105220.9
SQGDP9-1,28000,Mississippi,2010Q1,Millions of chained 2017 dollars,6,105854.1
SQGDP9-1,28000,Mississippi,2010Q2,Millions of chained 2017 dollars,6,106816.8
SQGDP9-1,28000,Mississippi,2010Q3,Millions of chained 2017 dollars,6,107258.3
SQGDP9-1,28000,Mississippi,2010Q4,Millions of chained 2017 dollars,6,106917.9
SQGDP9-1,28000,Mississippi,2011Q1,Millions of chained 2017 dollars,6,105782.4
SQGDP9-1,28000,Mississippi,2011Q2,Millions of chained 2017 dollars,6,106060.7
SQGDP9-1,28000,Mississippi,2011Q3,Millions of chained 2017 dollars,6,106303.5
SQGDP9-1,28000,Mississippi,2011Q4,Millions of chained 2017 dollars,6,107817.7
SQGDP9-1,28000,Mississippi,2012Q1,Millions of chained 2017 dollars,6,109763.5
SQGDP9-1,28000,Mississippi,2012Q2,Millions of chained 2017 dollars,6,109540.8
SQGDP9-1,28000,Mississippi,2012Q3,Millions of chained 2017 dollars,6,108502.2
SQGDP9-1,28000,Mississippi,2012Q4,Millions of chained 2017 dollars,6,106779.3
SQGDP9-1,28000,Mississippi,2013Q1,Millions of chained 2017 dollars,6,109425.6
SQGDP9-1,28000,Mississippi,2013Q2,Millions of chained 2017 dollars,6,107946.6
SQGDP9-1,28000,Mississippi,2013Q3,Millions of chained 2017 dollars,6,110130.8
SQGDP9-1,28000,Mississippi,2013Q4,Millions of chained 2017 dollars,6,108627.7
SQGDP9-1,28000,Mississippi,2014Q1,Millions of chained 2017 dollars,6,108009.5
SQGDP9-1,28000,Mississippi,2014Q2,Millions of chained 2017 dollars,6,110003.8
SQGDP9-1,28000,Mississippi,2014Q3,Millions of chained 2017 dollars,6,109578.2
SQGDP9-1,28000,Mississippi,2014Q4,Millions of chained 2017 dollars,6,109606.8
SQGDP9-1,28000,Mississippi,2015Q1,Millions of chained 2017 dollars,6,108806.3
SQGDP9-1,28000,Mississippi,2015Q2,Millions of chained 2017 dollars,6,109428.8
SQGDP9-1,28000,Mississippi,2015Q3,Millions of chained 2017 dollars,6,109782.8
SQGDP9-1,28000,Mississippi,2015Q4,Millions of chained 2017 dollars,6,109588.9
SQGDP9-1,28000,Mississippi,2016Q1,Millions of chained 2017 dollars,6,110382.5
SQGDP9-1,28000,Mississippi,2016Q2,Millions of chained 2017 dollars,6,109873.0
SQGDP9-1,28000,Mississippi,2016Q3,Millions of chained 2017 dollars,6,109590.4
SQGDP9-1,28000,Mississippi,2016Q4,Millions of chained 2017 dollars,6,109798.2
SQGDP9-1,28000,Mississippi,2017Q1,Millions of chained 2017 dollars,6,110781.6
SQGDP9-1,28000,Mississippi,2017Q2,Millions of chained 2017 dollars,6,110037.7
SQGDP9-1,28000,Mississippi,2017Q3,Millions of chained 2017 dollars,6,110052.1
SQGDP9-1,28000,Mississippi,2017Q4,Millions of chained 2017 dollars,6,110254.3
SQGDP9-1,28000,Mississippi,2018Q1,Millions of chained 2017 dollars,6,110109.5
SQGDP9-1,28000,Mississippi,2018Q2,Millions of chained 2017 dollars,6,110597.5
SQGDP9-1,28000,Mississippi,2018Q3,Millions of chained 2017 dollars,6,110112.7
SQGDP9-1,28000,Mississippi,2018Q4,Millions of chained 2017 dollars,6,109879.4
SQGDP9-1,28000,Mississippi,2019Q1,Millions of chained 2017 dollars,6,109403.6
SQGDP9-1,28000,Mississippi,2019Q2,Millions of chained 2017 dollars,6,110093.0
SQGDP9-1,28000,Mississippi,2019Q3,Millions of chained 2017 dollars,6,111734.2
SQGDP9-1,28000,Mississippi,2019Q4,Millions of chained 2017 dollars,6,113600.4
SQGDP9-1,28000,Mississippi,2020Q1,Millions of chained 2017 dollars,6,113481.4
SQGDP9-1,28000,Mississippi,2020Q2,Millions of chained 2017 dollars,6,103486.6
SQGDP9-1,28000,Mississippi,2020Q3,Millions of chained 2017 dollars,6,113401.7
SQGDP9-1,28000,Mississippi,2020Q4,Millions of chained 2017 dollars,6,114410.4
SQGDP9-1,28000,Mississippi,2021Q1,Millions of chained 2017 dollars,6,116393.1
SQGDP9-1,28000,Mississippi,2021Q2,Millions of chained 2017 dollars,6,116221.0
SQGDP9-1,28000,Mississippi,2021Q3,Millions of chained 2017 dollars,6,115679.9
SQGDP9-1,28000,Mississippi,2021Q4,Millions of chained 2017 dollars,6,116019.4
SQGDP9-1,28000,Mississippi,2022Q1,Millions of chained 2017 dollars,6,115312.8
SQGDP9-1,28000,Mississippi,2022Q2,Millions of chained 2017 dollars,6,114788.7
SQGDP9-1,28000,Mississippi,2022Q3,Millions of chained 2017 dollars,6,115519.1
SQGDP9-1,28000,Mississippi,2022Q4,Millions of chained 2017 dollars,6,117180.8
SQGDP9-1,28000,Mississippi,2023Q1,Millions of chained 2017 dollars,6,117895.2
SQGDP9-1,28000,Mississippi,2023Q2,Millions of chained 2017 dollars,6,118610.5
SQGDP9-1,28000,Mississippi,2023Q3,Millions of chained 2017 dollars,6,119913.4
SQGDP9-1,28000,Mississippi,2023Q4,Millions of chained 2017 dollars,6,121397.7
SQGDP9-1,28000,Mississippi,2024Q1,Millions of chained 2017 dollars,6,121687.7
SQGDP9-1,28000,Mississippi,2024Q2,Millions of chained 2017 dollars,6,122953.4
SQGDP9-1,28000,Mississippi,2024Q3,Millions of chained 2017 dollars,6,124259.7
SQGDP9-1,28000,Mississippi,2024Q4,Millions of chained 2017 dollars,6,124776.4
SQGDP9-1,28000,Mississippi,2025Q1,Millions of chained 2017 dollars,6,124952.5
SQGDP9-1,28000,Mississippi,2025Q2,Millions of chained 2017 dollars,6,124683.8
SQGDP9-1,28000,Mississippi,2025Q3,Millions of chained 2017 dollars,6,126162.2
SQGDP9-1,28000,Mississippi,2025Q4,Millions of chained 2017 dollars,6,125629.3
SQGDP9-1,28000,Mississippi,2026Q1,Millions of chained 2017 dollars,6,126403.5
SQGDP9-1,29000,Missouri,2005Q1,Millions of chained 2017 dollars,6,283225.2
SQGDP9-1,29000,Missouri,2005Q2,Millions of chained 2017 dollars,6,285138.2
SQGDP9-1,29000,Missouri,2005Q3,Millions of chained 2017 dollars,6,285894.4
SQGDP9-1,29000,Missouri,2005Q4,Millions of chained 2017 dollars,6,287109.1
SQGDP9-1,29000,Missouri,2006Q1,Millions of chained 2017 dollars,6,286626.5
SQGDP9-1,29000,Missouri,2006Q2,Millions of chained 2017 dollars,6,288256.2
SQGDP9-1,29000,Missouri,2006Q3,Millions of chained 2017 dollars,6,285549.0
SQGDP9-1,29000,Missouri,2006Q4,Millions of chained 2017 dollars,6,285801.5
SQGDP9-1,29000,Missouri,2007Q1,Millions of chained 2017 dollars,6,282683.5
SQGDP9-1,29000,Missouri,2007Q2,Millions of chained 2017 dollars,6,287473.3
SQGDP9-1,29000,Missouri,2007Q3,Millions of chained 2017 dollars,6,289950.4
SQGDP9-1,29000,Missouri,2007Q4,Millions of chained 2017 dollars,6,293176.2
SQGDP9-1,29000,Missouri,2008Q1,Millions of chained 2017 dollars,6,295021.9
SQGDP9-1,29000,Missouri,2008Q2,Millions of chained 2017 dollars,6,300985.0
SQGDP9-1,29000,Missouri,2008Q3,Millions of chained 2017 dollars,6,295923.5
SQGDP9-1,29000,Missouri,2008Q4,Millions of chained 2017 dollars,6,299596.7
SQGDP9-1,29000,Missouri,2009Q1,Millions of chained 2017 dollars,6,289656.2
SQGDP9-1,29000,Missouri,2009Q2,Millions of chained 2017 dollars,6,288063.4
SQGDP9-1,29000,Missouri,2009Q3,Millions of chained 2017 dollars,6,289559.9
SQGDP9-1,29000,Missouri,2009Q4,Millions of chained 2017 dollars,6,290987.7
SQGDP9-1,29000,Missouri,2010Q1,Millions of chained 2017 dollars,6,295108.1
SQGDP9-1,29000,Missouri,2010Q2,Millions of chained 2017 dollars,6,295922.3
SQGDP9-1,29000,Missouri,2010Q3,Millions of chained 2017 dollars,6,296912.9
SQGDP9-1,29000,Missouri,2010Q4,Millions of chained 2017 dollars,6,296002.5
SQGDP9-1,29000,Missouri,2011Q1,Millions of chained 2017 dollars,6,291686.4
SQGDP9-1,29000,Missouri,2011Q2,Millions of chained 2017 dollars,6,292631.0
SQGDP9-1,29000,Missouri,2011Q3,Millions of chained 2017 dollars,6,292476.0
SQGDP9-1,29000,Missouri,2011Q4,Millions of chained 2017 dollars,6,295143.6
SQGDP9-1,29000,Missouri,2012Q1,Millions of chained 2017 dollars,6,297174.2
SQGDP9-1,29000,Missouri,2012Q2,Millions of chained 2017 dollars,6,297130.2
SQGDP9-1,29000,Missouri,2012Q3,Millions of chained 2017 dollars,6,295762.5
SQGDP9-1,29000,Missouri,2012Q4,Millions of chained 2017 dollars,6,295990.2
SQGDP9-1,29000,Missouri,2013Q1,Millions of chained 2017 dollars,6,301962.5
SQGDP9-1,29000,Missouri,2013Q2,Millions of chained 2017 dollars,6,301564.3
SQGDP9-1,29000,Missouri,2013Q3,Millions of chained 2017 dollars,6,302165.9
SQGDP9-1,29000,Missouri,2013Q4,Millions of chained 2017 dollars,6,302409.9
SQGDP9-1,29000,Missouri,2014Q1,Millions of chained 2017 dollars,6,299091.2
SQGDP9-1,29000,Missouri,2014Q2,Millions of chained 2017 dollars,6,302437.6
SQGDP9-1,29000,Missouri,2014Q3,Millions of chained 2017 dollars,6,305669.8
SQGDP9-1,29000,Missouri,2014Q4,Millions of chained 2017 dollars,6,307272.8
SQGDP9-1,29000,Missouri,2015Q1,Millions of chained 2017 dollars,6,307430.2
SQGDP9-1,29000,Missouri,2015Q2,Millions of chained 2017 dollars,6,308764.1
SQGDP9-1,29000,Missouri,2015Q3,Millions of chained 2017 dollars,6,309245.8
SQGDP9-1,29000,Missouri,2015Q4,Millions of chained 2017 dollars,6,306599.6
SQGDP9-1,29000,Missouri,2016Q1,Millions of chained 2017 dollars,6,308293.8
SQGDP9-1,29000,Missouri,2016Q2,Millions of chained 2017 dollars,6,307446.8
SQGDP9-1,29000,Missouri,2016Q3,Millions of chained 2017 dollars,6,307698.5
SQGDP9-1,29000,Missouri,2016Q4,Millions of chained 2017 dollars,6,310254.1
SQGDP9-1,29000,Missouri,2017Q1,Millions of chained 2017 dollars,6,308978.8
SQGDP9-1,29000,Missouri,2017Q2,Millions of chained 2017 dollars,6,311063.5
SQGDP9-1,29000,Missouri,2017Q3,Millions of chained 2017 dollars,6,311440.1
SQGDP9-1,29000,Missouri,2017Q4,Millions of chained 2017 dollars,6,313612.6
SQGDP9-1,29000,Missouri,2018Q1,Millions of chained 2017 dollars,6,311738.5
SQGDP9-1,29000,Missouri,2018Q2,Millions of chained 2017 dollars,6,314187.3
SQGDP9-1,29000,Missouri,2018Q3,Millions of chained 2017 dollars,6,314970.5
SQGDP9-1,29000,Missouri,2018Q4,Millions of chained 2017 dollars,6,315833.3
SQGDP9-1,29000,Missouri,2019Q1,Millions of chained 2017 dollars,6,316716.3
SQGDP9-1,29000,Missouri,2019Q2,Millions of chained 2017 dollars,6,319361.9
SQGDP9-1,29000,Missouri,2019Q3,Millions of chained 2017 dollars,6,323476.0
SQGDP9-1,29000,Missouri,2019Q4,Millions of chained 2017 dollars,6,325762.1
SQGDP9-1,29000,Missouri,2020Q1,Millions of chained 2017 dollars,6,320973.3
SQGDP9-1,29000,Missouri,2020Q2,Millions of chained 2017 dollars,6,296881.3
SQGDP9-1,29000,Missouri,2020Q3,Millions of chained 2017 dollars,6,320474.7
SQGDP9-1,29000,Missouri,2020Q4,Millions of chained 2017 dollars,6,326305.0
SQGDP9-1,29000,Missouri,2021Q1,Millions of chained 2017 dollars,6,327706.8
SQGDP9-1,29000,Missouri,2021Q2,Millions of chained 2017 dollars,6,332682.9
SQGDP9-1,29000,Missouri,2021Q3,Millions of chained 2017 dollars,6,332092.2
SQGDP9-1,29000,Missouri,2021Q4,Millions of chained 2017 dollars,6,333829.9
SQGDP9-1,29000,Missouri,2022Q1,Millions of chained 2017 dollars,6,334486.3
SQGDP9-1,29000,Missouri,2022Q2,Millions of chained 2017 dollars,6,336350.1
SQGDP9-1,29000,Missouri,2022Q3,Millions of chained 2017 dollars,6,338202.0
SQGDP9-1,29000,Missouri,2022Q4,Millions of chained 2017 dollars,6,339863.4
SQGDP9-1,29000,Missouri,2023Q1,Millions of chained 2017 dollars,6,342704.9
SQGDP9-1,29000,Missouri,2023Q2,Millions of chained 2017 dollars,6,345488.5
SQGDP9-1,29000,Missouri,2023Q3,Millions of chained 2017 dollars,6,348291.3
SQGDP9-1,29000,Missouri,2023Q4,Millions of chained 2017 dollars,6,351096.5
SQGDP9-1,29000,Missouri,2024Q1,Millions of chained 2017 dollars,6,350720.9
SQGDP9-1,29000,Missouri,2024Q2,Millions of chained 2017 dollars,6,352152.3
SQGDP9-1,29000,Missouri,2024Q3,Millions of chained 2017 dollars,6,354653.7
SQGDP9-1,29000,Missouri,2024Q4,Millions of chained 2017 dollars,6,355702.8
SQGDP9-1,29000,Missouri,2025Q1,Millions of chained 2017 dollars,6,353763.2
SQGDP9-1,29000,Missouri,2025Q2,Millions of chained 2017 dollars,6,356516.6
SQGDP9-1,29000,Missouri,2025Q3,Millions of chained 2017 dollars,6,360442.2
SQGDP9-1,29000,Missouri,2025Q4,Millions of chained 2017 dollars,6,361141.4
SQGDP9-1,29000,Missouri,2026Q1,Millions of chained 2017 dollars,6,361717.5
SQGDP9-1,30000,Montana,2005Q1,Millions of chained 2017 dollars,6,38821.2
SQGDP9-1,30000,Montana,2005Q2,Millions of chained 2017 dollars,6,38591.1
SQGDP9-1,30000,Montana,2005Q3,Millions of chained 2017 dollars,6,38743.1
SQGDP9-1,30000,Montana,2005Q4,Millions of chained 2017 dollars,6,39240.5
SQGDP9-1,30000,Montana,2006Q1,Millions of chained 2017 dollars,6,39350.1
SQGDP9-1,30000,Montana,2006Q2,Millions of chained 2017 dollars,6,39828.0
SQGDP9-1,30000,Montana,2006Q3,Millions of chained 2017 dollars,6,40321.7
SQGDP9-1,30000,Montana,2006Q4,Millions of chained 2017 dollars,6,40720.3
SQGDP9-1,30000,Montana,2007Q1,Millions of chained 2017 dollars,6,41571.2
SQGDP9-1,30000,Montana,2007Q2,Millions of chained 2017 dollars,6,42088.4
SQGDP9-1,30000,Montana,2007Q3,Millions of chained 2017 dollars,6,42121.0
SQGDP9-1,30000,Montana,2007Q4,Millions of chained 2017 dollars,6,42450.1
SQGDP9-1,30000,Montana,2008Q1,Millions of chained 2017 dollars,6,42475.5
SQGDP9-1,30000,Montana,2008Q2,Millions of chained 2017 dollars,6,42253.9
SQGDP9-1,30000,Montana,2008Q3,Millions of chained 2017 dollars,6,42033.8
SQGDP9-1,30000,Montana,2008Q4,Millions of chained 2017 dollars,6,41434.1
SQGDP9-1,30000,Montana,2009Q1,Millions of chained 2017 dollars,6,41126.3
SQGDP9-1,30000,Montana,2009Q2,Millions of chained 2017 dollars,6,40609.3
SQGDP9-1,30000,Montana,2009Q3,Millions of chained 2017 dollars,6,41098.8
SQGDP9-1,30000,Montana,2009Q4,Millions of chained 2017 dollars,6,40919.3
SQGDP9-1,30000,Montana,2010Q1,Millions of chained 2017 dollars,6,42122.2
SQGDP9-1,30000,Montana,2010Q2,Millions of chained 2017 dollars,6,42332.3
SQGDP9-1,30000,Montana,2010Q3,Millions of chained 2017 dollars,6,42610.1
SQGDP9-1,30000,Montana,2010Q4,Millions of chained 2017 dollars,6,42814.6
SQGDP9-1,30000,Montana,2011Q1,Millions of chained 2017 dollars,6,43255.5
SQGDP9-1,30000,Montana,2011Q2,Millions of chained 2017 dollars,6,43300.8
SQGDP9-1,30000,Montana,2011Q3,Millions of chained 2017 dollars,6,43314.0
SQGDP9-1,30000,Montana,2011Q4,Millions of chained 2017 dollars,6,44258.4
SQGDP9-1,30000,Montana,2012Q1,Millions of chained 2017 dollars,6,44426.8
SQGDP9-1,30000,Montana,2012Q2,Millions of chained 2017 dollars,6,44177.9
SQGDP9-1,30000,Montana,2012Q3,Millions of chained 2017 dollars,6,44375.3
SQGDP9-1,30000,Montana,2012Q4,Millions of chained 2017 dollars,6,44336.3
SQGDP9-1,30000,Montana,2013Q1,Millions of chained 2017 dollars,6,44914.9
SQGDP9-1,30000,Montana,2013Q2,Millions of chained 2017 dollars,6,44987.9
SQGDP9-1,30000,Montana,2013Q3,Millions of chained 2017 dollars,6,45190.6
SQGDP9-1,30000,Montana,2013Q4,Millions of chained 2017 dollars,6,45365.4
SQGDP9-1,30000,Montana,2014Q1,Millions of chained 2017 dollars,6,45480.3
SQGDP9-1,30000,Montana,2014Q2,Millions of chained 2017 dollars,6,46013.4
SQGDP9-1,30000,Montana,2014Q3,Millions of chained 2017 dollars,6,46369.0
SQGDP9-1,30000,Montana,2014Q4,Millions of chained 2017 dollars,6,46804.0
SQGDP9-1,30000,Montana,2015Q1,Millions of chained 2017 dollars,6,47709.8
SQGDP9-1,30000,Montana,2015Q2,Millions of chained 2017 dollars,6,47904.8
SQGDP9-1,30000,Montana,2015Q3,Millions of chained 2017 dollars,6,48090.3
SQGDP9-1,30000,Montana,2015Q4,Millions of chained 2017 dollars,6,47357.5
SQGDP9-1,30000,Montana,2016Q1,Millions of chained 2017 dollars,6,47078.9
SQGDP9-1,30000,Montana,2016Q2,Millions of chained 2017 dollars,6,46616.0
SQGDP9-1,30000,Montana,2016Q3,Millions of chained 2017 dollars,6,47088.8
SQGDP9-1,30000,Montana,2016Q4,Millions of chained 2017 dollars,6,47974.8
SQGDP9-1,30000,Montana,2017Q1,Millions of chained 2017 dollars,6,48109.5
SQGDP9-1,30000,Montana,2017Q2,Millions of chained 2017 dollars,6,48795.2
SQGDP9-1,30000,Montana,2017Q3,Millions of chained 2017 dollars,6,48618.3
SQGDP9-1,30000,Montana,2017Q4,Millions of chained 2017 dollars,6,48359.1
SQGDP9-1,30000,Montana,2018Q1,Millions of chained 2017 dollars,6,49453.7
SQGDP9-1,30000,Montana,2018Q2,Millions of chained 2017 dollars,6,49473.8
SQGDP9-1,30000,Montana,2018Q3,Millions of chained 2017 dollars,6,49333.5
SQGDP9-1,30000,Montana,2018Q4,Millions of chained 2017 dollars,6,49558.8
SQGDP9-1,30000,Montana,2019Q1,Millions of chained 2017 dollars,6,49745.2
SQGDP9-1,30000,Montana,2019Q2,Millions of chained 2017 dollars,6,49826.1
SQGDP9-1,30000,Montana,2019Q3,Millions of chained 2017 dollars,6,50719.0
SQGDP9-1,30000,Montana,2019Q4,Millions of chained 2017 dollars,6,50763.6
SQGDP9-1,30000,Montana,2020Q1,Millions of chained 2017 dollars,6,49774.3
SQGDP9-1,30000,Montana,2020Q2,Millions of chained 2017 dollars,6,47215.0
SQGDP9-1,30000,Montana,2020Q3,Millions of chained 2017 dollars,6,51222.9
SQGDP9-1,30000,Montana,2020Q4,Millions of chained 2017 dollars,6,52039.5
SQGDP9-1,30000,Montana,2021Q1,Millions of chained 2017 dollars,6,52683.6
SQGDP9-1,30000,Montana,2021Q2,Millions of chained 2017 dollars,6,53586.4
SQGDP9-1,30000,Montana,2021Q3,Millions of chained 2017 dollars,6,53178.2
SQGDP9-1,30000,Montana,2021Q4,Millions of chained 2017 dollars,6,53935.4
SQGDP9-1,30000,Montana,2022Q1,Millions of chained 2017 dollars,6,55915.4
SQGDP9-1,30000,Montana,2022Q2,Millions of chained 2017 dollars,6,55650.8
SQGDP9-1,30000,Montana,2022Q3,Millions of chained 2017 dollars,6,55569.4
SQGDP9-1,30000,Montana,2022Q4,Millions of chained 2017 dollars,6,56092.0
SQGDP9-1,30000,Montana,2023Q1,Millions of chained 2017 dollars,6,57643.3
SQGDP9-1,30000,Montana,2023Q2,Millions of chained 2017 dollars,6,58264.6
SQGDP9-1,30000,Montana,2023Q3,Millions of chained 2017 dollars,6,59043.7
SQGDP9-1,30000,Montana,2023Q4,Millions of chained 2017 dollars,6,59467.9
SQGDP9-1,30000,Montana,2024Q1,Millions of chained 2017 dollars,6,59568.2
SQGDP9-1,30000,Montana,2024Q2,Millions of chained 2017 dollars,6,60262.4
SQGDP9-1,30000,Montana,2024Q3,Millions of chained 2017 dollars,6,60860.8
SQGDP9-1,30000,Montana,2024Q4,Millions of chained 2017 dollars,6,61731.4
SQGDP9-1,30000,Montana,2025Q1,Millions of chained 2017 dollars,6,61102.1
SQGDP9-1,30000,Montana,2025Q2,Millions of chained 2017 dollars,6,61636.4
SQGDP9-1,30000,Montana,2025Q3,Millions of chained 2017 dollars,6,62412.5
SQGDP9-1,30000,Montana,2025Q4,Millions of chained 2017 dollars,6,62607.6
SQGDP9-1,30000,Montana,2026Q1,Millions of chained 2017 dollars,6,62772.1
SQGDP9-1,31000,Nebraska,2005Q1,Millions of chained 2017 dollars,6,92727.9
SQGDP9-1,31000,Nebraska,2005Q2,Millions of chained 2017 dollars,6,93695.0
SQGDP9-1,31000,Nebraska,2005Q3,Millions of chained 2017 dollars,6,95030.2
SQGDP9-1,31000,Nebraska,2005Q4,Millions of chained 2017 dollars,6,96770.7
SQGDP9-1,31000,Nebraska,2006Q1,Millions of chained 2017 dollars,6,95798.7
SQGDP9-1,31000,Nebraska,2006Q2,Millions of chained 2017 dollars,6,99248.2
SQGDP9-1,31000,Nebraska,2006Q3,Millions of chained 2017 dollars,6,96903.4
SQGDP9-1,31000,Nebraska,2006Q4,Millions of chained 2017 dollars,6,97340.9
SQGDP9-1,31000,Nebraska,2007Q1,Millions of chained 2017 dollars,6,99389.5
SQGDP9-1,31000,Nebraska,2007Q2,Millions of chained 2017 dollars,6,99528.2
SQGDP9-1,31000,Nebraska,2007Q3,Millions of chained 2017 dollars,6,99336.5
SQGDP9-1,31000,Nebraska,2007Q4,Millions of chained 2017 dollars,6,100868.8
SQGDP9-1,31000,Nebraska,2008Q1,Millions of chained 2017 dollars,6,100655.9
SQGDP9-1,31000,Nebraska,2008Q2,Millions of chained 2017 dollars,6,101892.3
SQGDP9-1,31000,Nebraska,2008Q3,Millions of chained 2017 dollars,6,100487.4
SQGDP9-1,31000,Nebraska,2008Q4,Millions of chained 2017 dollars,6,96404.8
SQGDP9-1,31000,Nebraska,2009Q1,Millions of chained 2017 dollars,6,99454.2
SQGDP9-1,31000,Nebraska,2009Q2,Millions of chained 2017 dollars,6,98679.8
SQGDP9-1,31000,Nebraska,2009Q3,Millions of chained 2017 dollars,6,100122.4
SQGDP9-1,31000,Nebraska,2009Q4,Millions of chained 2017 dollars,6,101689.1
SQGDP9-1,31000,Nebraska,2010Q1,Millions of chained 2017 dollars,6,102213.4
SQGDP9-1,31000,Nebraska,2010Q2,Millions of chained 2017 dollars,6,104002.5
SQGDP9-1,31000,Nebraska,2010Q3,Millions of chained 2017 dollars,6,104853.3
SQGDP9-1,31000,Nebraska,2010Q4,Millions of chained 2017 dollars,6,104694.0
SQGDP9-1,31000,Nebraska,2011Q1,Millions of chained 2017 dollars,6,109540.6
SQGDP9-1,31000,Nebraska,2011Q2,Millions of chained 2017 dollars,6,109209.3
SQGDP9-1,31000,Nebraska,2011Q3,Millions of chained 2017 dollars,6,108889.8
SQGDP9-1,31000,Nebraska,2011Q4,Millions of chained 2017 dollars,6,111297.1
SQGDP9-1,31000,Nebraska,2012Q1,Millions of chained 2017 dollars,6,109510.2
SQGDP9-1,31000,Nebraska,2012Q2,Millions of chained 2017 dollars,6,110481.6
SQGDP9-1,31000,Nebraska,2012Q3,Millions of chained 2017 dollars,6,109316.1
SQGDP9-1,31000,Nebraska,2012Q4,Millions of chained 2017 dollars,6,109437.3
SQGDP9-1,31000,Nebraska,2013Q1,Millions of chained 2017 dollars,6,111419.4
SQGDP9-1,31000,Nebraska,2013Q2,Millions of chained 2017 dollars,6,111088.8
SQGDP9-1,31000,Nebraska,2013Q3,Millions of chained 2017 dollars,6,111801.7
SQGDP9-1,31000,Nebraska,2013Q4,Millions of chained 2017 dollars,6,111219.0
SQGDP9-1,31000,Nebraska,2014Q1,Millions of chained 2017 dollars,6,114001.1
SQGDP9-1,31000,Nebraska,2014Q2,Millions of chained 2017 dollars,6,115948.7
SQGDP9-1,31000,Nebraska,2014Q3,Millions of chained 2017 dollars,6,115937.6
SQGDP9-1,31000,Nebraska,2014Q4,Millions of chained 2017 dollars,6,116720.3
SQGDP9-1,31000,Nebraska,2015Q1,Millions of chained 2017 dollars,6,118409.6
SQGDP9-1,31000,Nebraska,2015Q2,Millions of chained 2017 dollars,6,119734.9
SQGDP9-1,31000,Nebraska,2015Q3,Millions of chained 2017 dollars,6,120205.4
SQGDP9-1,31000,Nebraska,2015Q4,Millions of chained 2017 dollars,6,120213.5
SQGDP9-1,31000,Nebraska,2016Q1,Millions of chained 2017 dollars,6,119365.9
SQGDP9-1,31000,Nebraska,2016Q2,Millions of chained 2017 dollars,6,120225.7
SQGDP9-1,31000,Nebraska,2016Q3,Millions of chained 2017 dollars,6,121946.1
SQGDP9-1,31000,Nebraska,2016Q4,Millions of chained 2017 dollars,6,123674.7
SQGDP9-1,31000,Nebraska,2017Q1,Millions of chained 2017 dollars,6,121940.4
SQGDP9-1,31000,Nebraska,2017Q2,Millions of chained 2017 dollars,6,123301.6
SQGDP9-1,31000,Nebraska,2017Q3,Millions of chained 2017 dollars,6,123207.0
SQGDP9-1,31000,Nebraska,2017Q4,Millions of chained 2017 dollars,6,124430.5
SQGDP9-1,31000,Nebraska,2018Q1,Millions of chained 2017 dollars,6,126088.4
SQGDP9-1,31000,Nebraska,2018Q2,Millions of chained 2017 dollars,6,124965.7
SQGDP9-1,31000,Nebraska,2018Q3,Millions of chained 2017 dollars,6,125057.4
SQGDP9-1,31000,Nebraska,2018Q4,Millions of chained 2017 dollars,6,126062.3
SQGDP9-1,31000,Nebraska,2019Q1,Millions of chained 2017 dollars,6,125377.5
SQGDP9-1,31000,Nebraska,2019Q2,Millions of chained 2017 dollars,6,126155.4
SQGDP9-1,31000,Nebraska,2019Q3,Millions of chained 2017 dollars,6,128147.2
SQGDP9-1,31000,Nebraska,2019Q4,Millions of chained 2017 dollars,6,130595.3
SQGDP9-1,31000,Nebraska,2020Q1,Millions of chained 2017 dollars,6,126910.5
SQGDP9-1,31000,Nebraska,2020Q2,Millions of chained 2017 dollars,6,119685.1
SQGDP9-1,31000,Nebraska,2020Q3,Millions of chained 2017 dollars,6,128859.3
SQGDP9-1,31000,Nebraska,2020Q4,Millions of chained 2017 dollars,6,131390.1
SQGDP9-1,31000,Nebraska,2021Q1,Millions of chained 2017 dollars,6,133228.5
SQGDP9-1,31000,Nebraska,2021Q2,Millions of chained 2017 dollars,6,135815.4
SQGDP9-1,31000,Nebraska,2021Q3,Millions of chained 2017 dollars,6,135812.5
SQGDP9-1,31000,Nebraska,2021Q4,Millions of chained 2017 dollars,6,135809.0
SQGDP9-1,31000,Nebraska,2022Q1,Millions of chained 2017 dollars,6,139190.8
SQGDP9-1,31000,Nebraska,2022Q2,Millions of chained 2017 dollars,6,139108.9
SQGDP9-1,31000,Nebraska,2022Q3,Millions of chained 2017 dollars,6,141014.4
SQGDP9-1,31000,Nebraska,2022Q4,Millions of chained 2017 dollars,6,140198.3
SQGDP9-1,31000,Nebraska,2023Q1,Millions of chained 2017 dollars,6,146251.6
SQGDP9-1,31000,Nebraska,2023Q2,Millions of chained 2017 dollars,6,146414.2
SQGDP9-1,31000,Nebraska,2023Q3,Millions of chained 2017 dollars,6,147292.1
SQGDP9-1,31000,Nebraska,2023Q4,Millions of chained 2017 dollars,6,148628.2
SQGDP9-1,31000,Nebraska,2024Q1,Millions of chained 2017 dollars,6,147200.0
SQGDP9-1,31000,Nebraska,2024Q2,Millions of chained 2017 dollars,6,148608.0
SQGDP9-1,31000,Nebraska,2024Q3,Millions of chained 2017 dollars,6,148189.2
SQGDP9-1,31000,Nebraska,2024Q4,Millions of chained 2017 dollars,6,148414.1
SQGDP9-1,31000,Nebraska,2025Q1,Millions of chained 2017 dollars,6,147789.8
SQGDP9-1,31000,Nebraska,2025Q2,Millions of chained 2017 dollars,6,149665.7
SQGDP9-1,31000,Nebraska,2025Q3,Millions of chained 2017 dollars,6,151506.6
SQGDP9-1,31000,Nebraska,2025Q4,Millions of chained 2017 dollars,6,151887.5
SQGDP9-1,31000,Nebraska,2026Q1,Millions of chained 2017 dollars,6,151540.9
SQGDP9-1,32000,Nevada,2005Q1,Millions of chained 2017 dollars,6,147407.4
SQGDP9-1,32000,Nevada,2005Q2,Millions of chained 2017 dollars,6,152044.4
SQGDP9-1,32000,Nevada,2005Q3,Millions of chained 2017 dollars,6,150993.3
SQGDP9-1,32000,Nevada,2005Q4,Millions of chained 2017 dollars,6,152278.3
SQGDP9-1,32000,Nevada,2006Q1,Millions of chained 2017 dollars,6,154678.3
SQGDP9-1,32000,Nevada,2006Q2,Millions of chained 2017 dollars,6,156888.1
SQGDP9-1,32000,Nevada,2006Q3,Millions of chained 2017 dollars,6,156121.8
SQGDP9-1,32000,Nevada,2006Q4,Millions of chained 2017 dollars,6,157503.2
SQGDP9-1,32000,Nevada,2007Q1,Millions of chained 2017 dollars,6,156876.1
SQGDP9-1,32000,Nevada,2007Q2,Millions of chained 2017 dollars,6,156783.8
SQGDP9-1,32000,Nevada,2007Q3,Millions of chained 2017 dollars,6,157527.6
SQGDP9-1,32000,Nevada,2007Q4,Millions of chained 2017 dollars,6,159749.8
SQGDP9-1,32000,Nevada,2008Q1,Millions of chained 2017 dollars,6,155910.3
SQGDP9-1,32000,Nevada,2008Q2,Millions of chained 2017 dollars,6,153816.1
SQGDP9-1,32000,Nevada,2008Q3,Millions of chained 2017 dollars,6,152907.6
SQGDP9-1,32000,Nevada,2008Q4,Millions of chained 2017 dollars,6,148348.4
SQGDP9-1,32000,Nevada,2009Q1,Millions of chained 2017 dollars,6,143218.9
SQGDP9-1,32000,Nevada,2009Q2,Millions of chained 2017 dollars,6,140143.4
SQGDP9-1,32000,Nevada,2009Q3,Millions of chained 2017 dollars,6,138674.0
SQGDP9-1,32000,Nevada,2009Q4,Millions of chained 2017 dollars,6,139181.0
SQGDP9-1,32000,Nevada,2010Q1,Millions of chained 2017 dollars,6,139689.3
SQGDP9-1,32000,Nevada,2010Q2,Millions of chained 2017 dollars,6,142042.3
SQGDP9-1,32000,Nevada,2010Q3,Millions of chained 2017 dollars,6,144001.1
SQGDP9-1,32000,Nevada,2010Q4,Millions of chained 2017 dollars,6,144723.9
SQGDP9-1,32000,Nevada,2011Q1,Millions of chained 2017 dollars,6,143001.2
SQGDP9-1,32000,Nevada,2011Q2,Millions of chained 2017 dollars,6,145703.0
SQGDP9-1,32000,Nevada,2011Q3,Millions of chained 2017 dollars,6,144410.0
SQGDP9-1,32000,Nevada,2011Q4,Millions of chained 2017 dollars,6,144250.6
SQGDP9-1,32000,Nevada,2012Q1,Millions of chained 2017 dollars,6,143864.7
SQGDP9-1,32000,Nevada,2012Q2,Millions of chained 2017 dollars,6,143238.9
SQGDP9-1,32000,Nevada,2012Q3,Millions of chained 2017 dollars,6,142934.6
SQGDP9-1,32000,Nevada,2012Q4,Millions of chained 2017 dollars,6,141906.1
SQGDP9-1,32000,Nevada,2013Q1,Millions of chained 2017 dollars,6,144167.6
SQGDP9-1,32000,Nevada,2013Q2,Millions of chained 2017 dollars,6,143484.8
SQGDP9-1,32000,Nevada,2013Q3,Millions of chained 2017 dollars,6,144467.7
SQGDP9-1,32000,Nevada,2013Q4,Millions of chained 2017 dollars,6,146077.0
SQGDP9-1,32000,Nevada,2014Q1,Millions of chained 2017 dollars,6,143523.1
SQGDP9-1,32000,Nevada,2014Q2,Millions of chained 2017 dollars,6,144371.3
SQGDP9-1,32000,Nevada,2014Q3,Millions of chained 2017 dollars,6,145775.9
SQGDP9-1,32000,Nevada,2014Q4,Millions of chained 2017 dollars,6,147544.0
SQGDP9-1,32000,Nevada,2015Q1,Millions of chained 2017 dollars,6,148414.9
SQGDP9-1,32000,Nevada,2015Q2,Millions of chained 2017 dollars,6,150694.0
SQGDP9-1,32000,Nevada,2015Q3,Millions of chained 2017 dollars,6,151743.3
SQGDP9-1,32000,Nevada,2015Q4,Millions of chained 2017 dollars,6,153371.3
SQGDP9-1,32000,Nevada,2016Q1,Millions of chained 2017 dollars,6,153211.7
SQGDP9-1,32000,Nevada,2016Q2,Millions of chained 2017 dollars,6,154219.3
SQGDP9-1,32000,Nevada,2016Q3,Millions of chained 2017 dollars,6,158272.5
SQGDP9-1,32000,Nevada,2016Q4,Millions of chained 2017 dollars,6,158326.1
SQGDP9-1,32000,Nevada,2017Q1,Millions of chained 2017 dollars,6,161418.9
SQGDP9-1,32000,Nevada,2017Q2,Millions of chained 2017 dollars,6,162573.2
SQGDP9-1,32000,Nevada,2017Q3,Millions of chained 2017 dollars,6,164735.4
SQGDP9-1,32000,Nevada,2017Q4,Millions of chained 2017 dollars,6,164068.8
SQGDP9-1,32000,Nevada,2018Q1,Millions of chained 2017 dollars,6,167517.3
SQGDP9-1,32000,Nevada,2018Q2,Millions of chained 2017 dollars,6,167927.6
SQGDP9-1,32000,Nevada,2018Q3,Millions of chained 2017 dollars,6,168470.2
SQGDP9-1,32000,Nevada,2018Q4,Millions of chained 2017 dollars,6,170639.0
SQGDP9-1,32000,Nevada,2019Q1,Millions of chained 2017 dollars,6,173525.4
SQGDP9-1,32000,Nevada,2019Q2,Millions of chained 2017 dollars,6,174565.5
SQGDP9-1,32000,Nevada,2019Q3,Millions of chained 2017 dollars,6,176929.3
SQGDP9-1,32000,Nevada,2019Q4,Millions of chained 2017 dollars,6,179098.7
SQGDP9-1,32000,Nevada,2020Q1,Millions of chained 2017 dollars,6,176889.9
SQGDP9-1,32000,Nevada,2020Q2,Millions of chained 2017 dollars,6,149943.6
SQGDP9-1,32000,Nevada,2020Q3,Millions of chained 2017 dollars,6,167210.6
SQGDP9-1,32000,Nevada,2020Q4,Millions of chained 2017 dollars,6,169655.2
SQGDP9-1,32000,Nevada,2021Q1,Millions of chained 2017 dollars,6,173346.5
SQGDP9-1,32000,Nevada,2021Q2,Millions of chained 2017 dollars,6,181517.6
SQGDP9-1,32000,Nevada,2021Q3,Millions of chained 2017 dollars,6,186395.5
SQGDP9-1,32000,Nevada,2021Q4,Millions of chained 2017 dollars,6,189213.7
SQGDP9-1,32000,Nevada,2022Q1,Millions of chained 2017 dollars,6,190600.5
SQGDP9-1,32000,Nevada,2022Q2,Millions of chained 2017 dollars,6,194866.1
SQGDP9-1,32000,Nevada,2022Q3,Millions of chained 2017 dollars,6,195614.0
SQGDP9-1,32000,Nevada,2022Q4,Millions of chained 2017 dollars,6,196775.1
SQGDP9-1,32000,Nevada,2023Q1,Millions of chained 2017 dollars,6,198464.9
SQGDP9-1,32000,Nevada,2023Q2,Millions of chained 2017 dollars,6,199726.2
SQGDP9-1,32000,Nevada,2023Q3,Millions of chained 2017 dollars,6,202425.1
SQGDP9-1,32000,Nevada,2023Q4,Millions of chained 2017 dollars,6,204018.2
SQGDP9-1,32000,Nevada,2024Q1,Millions of chained 2017 dollars,6,205489.1
SQGDP9-1,32000,Nevada,2024Q2,Millions of chained 2017 dollars,6,206299.0
SQGDP9-1,32000,Nevada,2024Q3,Millions of chained 2017 dollars,6,208007.9
SQGDP9-1,32000,Nevada,2024Q4,Millions of chained 2017 dollars,6,209611.4
SQGDP9-1,32000,Nevada,2025Q1,Millions of chained 2017 dollars,6,208448.8
SQGDP9-1,32000,Nevada,2025Q2,Millions of chained 2017 dollars,6,210269.9
SQGDP9-1,32000,Nevada,2025Q3,Millions of chained 2017 dollars,6,212406.9
SQGDP9-1,32000,Nevada,2025Q4,Millions of chained 2017 dollars,6,212531.8
SQGDP9-1,32000,Nevada,2026Q1,Millions of chained 2017 dollars,6,214036.6
SQGDP9-1,33000,New Hampshire,2005Q1,Millions of chained 2017 dollars,6,68917.4
SQGDP9-1,33000,New Hampshire,2005Q2,Millions of chained 2017 dollars,6,69542.1
SQGDP9-1,33000,New Hampshire,2005Q3,Millions of chained 2017 dollars,6,69893.3
SQGDP9-1,33000,New Hampshire,2005Q4,Millions of chained 2017 dollars,6,69871.8
SQGDP9-1,33000,New Hampshire,2006Q1,Millions of chained 2017 dollars,6,70346.9
SQGDP9-1,33000,New Hampshire,2006Q2,Millions of chained 2017 dollars,6,70480.4
SQGDP9-1,33000,New Hampshire,2006Q3,Millions of chained 2017 dollars,6,71204.3
SQGDP9-1,33000,New Hampshire,2006Q4,Millions of chained 2017 dollars,6,73666.4
SQGDP9-1,33000,New Hampshire,2007Q1,Millions of chained 2017 dollars,6,71120.0
SQGDP9-1,33000,New Hampshire,2007Q2,Millions of chained 2017 dollars,6,72853.0
SQGDP9-1,33000,New Hampshire,2007Q3,Millions of chained 2017 dollars,6,71797.9
SQGDP9-1,33000,New Hampshire,2007Q4,Millions of chained 2017 dollars,6,72003.1
SQGDP9-1,33000,New Hampshire,2008Q1,Millions of chained 2017 dollars,6,72142.1
SQGDP9-1,33000,New Hampshire,2008Q2,Millions of chained 2017 dollars,6,71916.7
SQGDP9-1,33000,New Hampshire,2008Q3,Millions of chained 2017 dollars,6,71339.2
SQGDP9-1,33000,New Hampshire,2008Q4,Millions of chained 2017 dollars,6,69384.5
SQGDP9-1,33000,New Hampshire,2009Q1,Millions of chained 2017 dollars,6,69455.9
SQGDP9-1,33000,New Hampshire,2009Q2,Millions of chained 2017 dollars,6,69518.0
SQGDP9-1,33000,New Hampshire,2009Q3,Millions of chained 2017 dollars,6,71395.1
SQGDP9-1,33000,New Hampshire,2009Q4,Millions of chained 2017 dollars,6,71625.3
SQGDP9-1,33000,New Hampshire,2010Q1,Millions of chained 2017 dollars,6,71513.3
SQGDP9-1,33000,New Hampshire,2010Q2,Millions of chained 2017 dollars,6,73405.9
SQGDP9-1,33000,New Hampshire,2010Q3,Millions of chained 2017 dollars,6,73476.3
SQGDP9-1,33000,New Hampshire,2010Q4,Millions of chained 2017 dollars,6,73406.0
SQGDP9-1,33000,New Hampshire,2011Q1,Millions of chained 2017 dollars,6,72372.7
SQGDP9-1,33000,New Hampshire,2011Q2,Millions of chained 2017 dollars,6,73686.9
SQGDP9-1,33000,New Hampshire,2011Q3,Millions of chained 2017 dollars,6,73314.4
SQGDP9-1,33000,New Hampshire,2011Q4,Millions of chained 2017 dollars,6,74485.9
SQGDP9-1,33000,New Hampshire,2012Q1,Millions of chained 2017 dollars,6,73397.5
SQGDP9-1,33000,New Hampshire,2012Q2,Millions of chained 2017 dollars,6,73704.2
SQGDP9-1,33000,New Hampshire,2012Q3,Millions of chained 2017 dollars,6,74239.8
SQGDP9-1,33000,New Hampshire,2012Q4,Millions of chained 2017 dollars,6,74989.7
SQGDP9-1,33000,New Hampshire,2013Q1,Millions of chained 2017 dollars,6,75177.1
SQGDP9-1,33000,New Hampshire,2013Q2,Millions of chained 2017 dollars,6,75228.9
SQGDP9-1,33000,New Hampshire,2013Q3,Millions of chained 2017 dollars,6,75694.2
SQGDP9-1,33000,New Hampshire,2013Q4,Millions of chained 2017 dollars,6,75913.5
SQGDP9-1,33000,New Hampshire,2014Q1,Millions of chained 2017 dollars,6,75236.0
SQGDP9-1,33000,New Hampshire,2014Q2,Millions of chained 2017 dollars,6,77041.7
SQGDP9-1,33000,New Hampshire,2014Q3,Millions of chained 2017 dollars,6,76718.0
SQGDP9-1,33000,New Hampshire,2014Q4,Millions of chained 2017 dollars,6,78349.2
SQGDP9-1,33000,New Hampshire,2015Q1,Millions of chained 2017 dollars,6,77645.7
SQGDP9-1,33000,New Hampshire,2015Q2,Millions of chained 2017 dollars,6,79127.8
SQGDP9-1,33000,New Hampshire,2015Q3,Millions of chained 2017 dollars,6,79405.4
SQGDP9-1,33000,New Hampshire,2015Q4,Millions of chained 2017 dollars,6,81098.4
SQGDP9-1,33000,New Hampshire,2016Q1,Millions of chained 2017 dollars,6,80185.8
SQGDP9-1,33000,New Hampshire,2016Q2,Millions of chained 2017 dollars,6,80729.7
SQGDP9-1,33000,New Hampshire,2016Q3,Millions of chained 2017 dollars,6,81280.8
SQGDP9-1,33000,New Hampshire,2016Q4,Millions of chained 2017 dollars,6,80748.2
SQGDP9-1,33000,New Hampshire,2017Q1,Millions of chained 2017 dollars,6,80634.5
SQGDP9-1,33000,New Hampshire,2017Q2,Millions of chained 2017 dollars,6,80570.2
SQGDP9-1,33000,New Hampshire,2017Q3,Millions of chained 2017 dollars,6,81878.1
SQGDP9-1,33000,New Hampshire,2017Q4,Millions of chained 2017 dollars,6,81635.4
SQGDP9-1,33000,New Hampshire,2018Q1,Millions of chained 2017 dollars,6,82406.5
SQGDP9-1,33000,New Hampshire,2018Q2,Millions of chained 2017 dollars,6,82141.5
SQGDP9-1,33000,New Hampshire,2018Q3,Millions of chained 2017 dollars,6,82367.1
SQGDP9-1,33000,New Hampshire,2018Q4,Millions of chained 2017 dollars,6,82162.9
SQGDP9-1,33000,New Hampshire,2019Q1,Millions of chained 2017 dollars,6,84347.2
SQGDP9-1,33000,New Hampshire,2019Q2,Millions of chained 2017 dollars,6,84175.4
SQGDP9-1,33000,New Hampshire,2019Q3,Millions of chained 2017 dollars,6,84688.6
SQGDP9-1,33000,New Hampshire,2019Q4,Millions of chained 2017 dollars,6,84541.5
SQGDP9-1,33000,New Hampshire,2020Q1,Millions of chained 2017 dollars,6,85518.6
SQGDP9-1,33000,New Hampshire,2020Q2,Millions of chained 2017 dollars,6,77594.6
SQGDP9-1,33000,New Hampshire,2020Q3,Millions of chained 2017 dollars,6,84964.7
SQGDP9-1,33000,New Hampshire,2020Q4,Millions of chained 2017 dollars,6,86653.6
SQGDP9-1,33000,New Hampshire,2021Q1,Millions of chained 2017 dollars,6,86137.6
SQGDP9-1,33000,New Hampshire,2021Q2,Millions of chained 2017 dollars,6,90589.1
SQGDP9-1,33000,New Hampshire,2021Q3,Millions of chained 2017 dollars,6,91143.8
SQGDP9-1,33000,New Hampshire,2021Q4,Millions of chained 2017 dollars,6,93316.3
SQGDP9-1,33000,New Hampshire,2022Q1,Millions of chained 2017 dollars,6,90291.4
SQGDP9-1,33000,New Hampshire,2022Q2,Millions of chained 2017 dollars,6,91670.8
SQGDP9-1,33000,New Hampshire,2022Q3,Millions of chained 2017 dollars,6,92264.2
SQGDP9-1,33000,New Hampshire,2022Q4,Millions of chained 2017 dollars,6,92582.0
SQGDP9-1,33000,New Hampshire,2023Q1,Millions of chained 2017 dollars,6,92688.2
SQGDP9-1,33000,New Hampshire,2023Q2,Millions of chained 2017 dollars,6,93229.1
SQGDP9-1,33000,New Hampshire,2023Q3,Millions of chained 2017 dollars,6,93931.1
SQGDP9-1,33000,New Hampshire,2023Q4,Millions of chained 2017 dollars,6,94734.8
SQGDP9-1,33000,New Hampshire,2024Q1,Millions of chained 2017 dollars,6,94423.0
SQGDP9-1,33000,New Hampshire,2024Q2,Millions of chained 2017 dollars,6,94929.1
SQGDP9-1,33000,New Hampshire,2024Q3,Millions of chained 2017 dollars,6,95037.4
SQGDP9-1,33000,New Hampshire,2024Q4,Millions of chained 2017 dollars,6,95314.5
SQGDP9-1,33000,New Hampshire,2025Q1,Millions of chained 2017 dollars,6,95782.4
SQGDP9-1,33000,New Hampshire,2025Q2,Millions of chained 2017 dollars,6,96255.0
SQGDP9-1,33000,New Hampshire,2025Q3,Millions of chained 2017 dollars,6,97541.6
SQGDP9-1,33000,New Hampshire,2025Q4,Millions of chained 2017 dollars,6,97920.2
SQGDP9-1,33000,New Hampshire,2026Q1,Millions of chained 2017 dollars,6,98359.4
SQGDP9-1,34000,New Jersey,2005Q1,Millions of chained 2017 dollars,6,540897.9
SQGDP9-1,34000,New Jersey,2005Q2,Millions of chained 2017 dollars,6,544331.1
SQGDP9-1,34000,New Jersey,2005Q3,Millions of chained 2017 dollars,6,550017.5
SQGDP9-1,34000,New Jersey,2005Q4,Millions of chained 2017 dollars,6,550184.6
SQGDP9-1,34000,New Jersey,2006Q1,Millions of chained 2017 dollars,6,551207.6
SQGDP9-1,34000,New Jersey,2006Q2,Millions of chained 2017 dollars,6,557455.4
SQGDP9-1,34000,New Jersey,2006Q3,Millions of chained 2017 dollars,6,553845.3
SQGDP9-1,34000,New Jersey,2006Q4,Millions of chained 2017 dollars,6,558335.6
SQGDP9-1,34000,New Jersey,2007Q1,Millions of chained 2017 dollars,6,551520.3
SQGDP9-1,34000,New Jersey,2007Q2,Millions of chained 2017 dollars,6,559983.5
SQGDP9-1,34000,New Jersey,2007Q3,Millions of chained 2017 dollars,6,561221.4
SQGDP9-1,34000,New Jersey,2007Q4,Millions of chained 2017 dollars,6,570570.0
SQGDP9-1,34000,New Jersey,2008Q1,Millions of chained 2017 dollars,6,578686.9
SQGDP9-1,34000,New Jersey,2008Q2,Millions of chained 2017 dollars,6,579775.9
SQGDP9-1,34000,New Jersey,2008Q3,Millions of chained 2017 dollars,6,575112.0
SQGDP9-1,34000,New Jersey,2008Q4,Millions of chained 2017 dollars,6,559235.8
SQGDP9-1,34000,New Jersey,2009Q1,Millions of chained 2017 dollars,6,546192.7
SQGDP9-1,34000,New Jersey,2009Q2,Millions of chained 2017 dollars,6,541793.9
SQGDP9-1,34000,New Jersey,2009Q3,Millions of chained 2017 dollars,6,546084.9
SQGDP9-1,34000,New Jersey,2009Q4,Millions of chained 2017 dollars,6,551377.2
SQGDP9-1,34000,New Jersey,2010Q1,Millions of chained 2017 dollars,6,555460.2
SQGDP9-1,34000,New Jersey,2010Q2,Millions of chained 2017 dollars,6,553984.9
SQGDP9-1,34000,New Jersey,2010Q3,Millions of chained 2017 dollars,6,556727.5
SQGDP9-1,34000,New Jersey,2010Q4,Millions of chained 2017 dollars,6,552884.8
SQGDP9-1,34000,New Jersey,2011Q1,Millions of chained 2017 dollars,6,543477.7
SQGDP9-1,34000,New Jersey,2011Q2,Millions of chained 2017 dollars,6,547738.9
SQGDP9-1,34000,New Jersey,2011Q3,Millions of chained 2017 dollars,6,547471.3
SQGDP9-1,34000,New Jersey,2011Q4,Millions of chained 2017 dollars,6,555229.5
SQGDP9-1,34000,New Jersey,2012Q1,Millions of chained 2017 dollars,6,560766.1
SQGDP9-1,34000,New Jersey,2012Q2,Millions of chained 2017 dollars,6,559920.6
SQGDP9-1,34000,New Jersey,2012Q3,Millions of chained 2017 dollars,6,564709.5
SQGDP9-1,34000,New Jersey,2012Q4,Millions of chained 2017 dollars,6,557522.7
SQGDP9-1,34000,New Jersey,2013Q1,Millions of chained 2017 dollars,6,573238.9
SQGDP9-1,34000,New Jersey,2013Q2,Millions of chained 2017 dollars,6,569459.5
SQGDP9-1,34000,New Jersey,2013Q3,Millions of chained 2017 dollars,6,569486.0
SQGDP9-1,34000,New Jersey,2013Q4,Millions of chained 2017 dollars,6,571625.3
SQGDP9-1,34000,New Jersey,2014Q1,Millions of chained 2017 dollars,6,565498.4
SQGDP9-1,34000,New Jersey,2014Q2,Millions of chained 2017 dollars,6,570165.3
SQGDP9-1,34000,New Jersey,2014Q3,Millions of chained 2017 dollars,6,572942.7
SQGDP9-1,34000,New Jersey,2014Q4,Millions of chained 2017 dollars,6,574179.2
SQGDP9-1,34000,New Jersey,2015Q1,Millions of chained 2017 dollars,6,578172.1
SQGDP9-1,34000,New Jersey,2015Q2,Millions of chained 2017 dollars,6,582408.9
SQGDP9-1,34000,New Jersey,2015Q3,Millions of chained 2017 dollars,6,583172.5
SQGDP9-1,34000,New Jersey,2015Q4,Millions of chained 2017 dollars,6,581906.3
SQGDP9-1,34000,New Jersey,2016Q1,Millions of chained 2017 dollars,6,586460.2
SQGDP9-1,34000,New Jersey,2016Q2,Millions of chained 2017 dollars,6,585580.8
SQGDP9-1,34000,New Jersey,2016Q3,Millions of chained 2017 dollars,6,587739.1
SQGDP9-1,34000,New Jersey,2016Q4,Millions of chained 2017 dollars,6,588418.5
SQGDP9-1,34000,New Jersey,2017Q1,Millions of chained 2017 dollars,6,585056.5
SQGDP9-1,34000,New Jersey,2017Q2,Millions of chained 2017 dollars,6,588174.0
SQGDP9-1,34000,New Jersey,2017Q3,Millions of chained 2017 dollars,6,591717.0
SQGDP9-1,34000,New Jersey,2017Q4,Millions of chained 2017 dollars,6,595399.5
SQGDP9-1,34000,New Jersey,2018Q1,Millions of chained 2017 dollars,6,602636.5
SQGDP9-1,34000,New Jersey,2018Q2,Millions of chained 2017 dollars,6,604530.5
SQGDP9-1,34000,New Jersey,2018Q3,Millions of chained 2017 dollars,6,608602.2
SQGDP9-1,34000,New Jersey,2018Q4,Millions of chained 2017 dollars,6,611799.6
SQGDP9-1,34000,New Jersey,2019Q1,Millions of chained 2017 dollars,6,613573.3
SQGDP9-1,34000,New Jersey,2019Q2,Millions of chained 2017 dollars,6,615760.2
SQGDP9-1,34000,New Jersey,2019Q3,Millions of chained 2017 dollars,6,621655.5
SQGDP9-1,34000,New Jersey,2019Q4,Millions of chained 2017 dollars,6,623774.9
SQGDP9-1,34000,New Jersey,2020Q1,Millions of chained 2017 dollars,6,620694.8
SQGDP9-1,34000,New Jersey,2020Q2,Millions of chained 2017 dollars,6,555839.9
SQGDP9-1,34000,New Jersey,2020Q3,Millions of chained 2017 dollars,6,604973.8
SQGDP9-1,34000,New Jersey,2020Q4,Millions of chained 2017 dollars,6,612416.6
SQGDP9-1,34000,New Jersey,2021Q1,Millions of chained 2017 dollars,6,622420.4
SQGDP9-1,34000,New Jersey,2021Q2,Millions of chained 2017 dollars,6,623921.5
SQGDP9-1,34000,New Jersey,2021Q3,Millions of chained 2017 dollars,6,631954.7
SQGDP9-1,34000,New Jersey,2021Q4,Millions of chained 2017 dollars,6,646336.5
SQGDP9-1,34000,New Jersey,2022Q1,Millions of chained 2017 dollars,6,642797.0
SQGDP9-1,34000,New Jersey,2022Q2,Millions of chained 2017 dollars,6,647380.3
SQGDP9-1,34000,New Jersey,2022Q3,Millions of chained 2017 dollars,6,650538.2
SQGDP9-1,34000,New Jersey,2022Q4,Millions of chained 2017 dollars,6,653334.2
SQGDP9-1,34000,New Jersey,2023Q1,Millions of chained 2017 dollars,6,655462.8
SQGDP9-1,34000,New Jersey,2023Q2,Millions of chained 2017 dollars,6,657089.9
SQGDP9-1,34000,New Jersey,2023Q3,Millions of chained 2017 dollars,6,666061.5
SQGDP9-1,34000,New Jersey,2023Q4,Millions of chained 2017 dollars,6,670666.4
SQGDP9-1,34000,New Jersey,2024Q1,Millions of chained 2017 dollars,6,670598.3
SQGDP9-1,34000,New Jersey,2024Q2,Millions of chained 2017 dollars,6,674302.6
SQGDP9-1,34000,New Jersey,2024Q3,Millions of chained 2017 dollars,6,678139.3
SQGDP9-1,34000,New Jersey,2024Q4,Millions of chained 2017 dollars,6,680550.1
SQGDP9-1,34000,New Jersey,2025Q1,Millions of chained 2017 dollars,6,681313.1
SQGDP9-1,34000,New Jersey,2025Q2,Millions of chained 2017 dollars,6,686018.8
SQGDP9-1,34000,New Jersey,2025Q3,Millions of chained 2017 dollars,6,691824.1
SQGDP9-1,34000,New Jersey,2025Q4,Millions of chained 2017 dollars,6,693339.8
SQGDP9-1,34000,New Jersey,2026Q1,Millions of chained 2017 dollars,6,694785.2
SQGDP9-1,35000,New Mexico,2005Q1,Millions of chained 2017 dollars,6,86709.4
SQGDP9-1,35000,New Mexico,2005Q2,Millions of chained 2017 dollars,6,86828.5
SQGDP9-1,35000,New Mexico,2005Q3,Millions of chained 2017 dollars,6,85759.8
SQGDP9-1,35000,New Mexico,2005Q4,Millions of chained 2017 dollars,6,85886.0
SQGDP9-1,35000,New Mexico,2006Q1,Millions of chained 2017 dollars,6,88052.7
SQGDP9-1,35000,New Mexico,2006Q2,Millions of chained 2017 dollars,6,88389.6
SQGDP9-1,35000,New Mexico,2006Q3,Millions of chained 2017 dollars,6,88618.0
SQGDP9-1,35000,New Mexico,2006Q4,Millions of chained 2017 dollars,6,89157.6
SQGDP9-1,35000,New Mexico,2007Q1,Millions of chained 2017 dollars,6,88907.6
SQGDP9-1,35000,New Mexico,2007Q2,Millions of chained 2017 dollars,6,89621.4
SQGDP9-1,35000,New Mexico,2007Q3,Millions of chained 2017 dollars,6,90119.6
SQGDP9-1,35000,New Mexico,2007Q4,Millions of chained 2017 dollars,6,88920.8
SQGDP9-1,35000,New Mexico,2008Q1,Millions of chained 2017 dollars,6,87745.8
SQGDP9-1,35000,New Mexico,2008Q2,Millions of chained 2017 dollars,6,88034.5
SQGDP9-1,35000,New Mexico,2008Q3,Millions of chained 2017 dollars,6,88691.8
SQGDP9-1,35000,New Mexico,2008Q4,Millions of chained 2017 dollars,6,91579.3
SQGDP9-1,35000,New Mexico,2009Q1,Millions of chained 2017 dollars,6,91369.2
SQGDP9-1,35000,New Mexico,2009Q2,Millions of chained 2017 dollars,6,90526.9
SQGDP9-1,35000,New Mexico,2009Q3,Millions of chained 2017 dollars,6,90742.8
SQGDP9-1,35000,New Mexico,2009Q4,Millions of chained 2017 dollars,6,90677.8
SQGDP9-1,35000,New Mexico,2010Q1,Millions of chained 2017 dollars,6,89966.0
SQGDP9-1,35000,New Mexico,2010Q2,Millions of chained 2017 dollars,6,90196.1
SQGDP9-1,35000,New Mexico,2010Q3,Millions of chained 2017 dollars,6,90480.6
SQGDP9-1,35000,New Mexico,2010Q4,Millions of chained 2017 dollars,6,92241.4
SQGDP9-1,35000,New Mexico,2011Q1,Millions of chained 2017 dollars,6,89099.1
SQGDP9-1,35000,New Mexico,2011Q2,Millions of chained 2017 dollars,6,90588.5
SQGDP9-1,35000,New Mexico,2011Q3,Millions of chained 2017 dollars,6,90749.4
SQGDP9-1,35000,New Mexico,2011Q4,Millions of chained 2017 dollars,6,91772.2
SQGDP9-1,35000,New Mexico,2012Q1,Millions of chained 2017 dollars,6,90951.9
SQGDP9-1,35000,New Mexico,2012Q2,Millions of chained 2017 dollars,6,91981.3
SQGDP9-1,35000,New Mexico,2012Q3,Millions of chained 2017 dollars,6,90670.9
SQGDP9-1,35000,New Mexico,2012Q4,Millions of chained 2017 dollars,6,89445.4
SQGDP9-1,35000,New Mexico,2013Q1,Millions of chained 2017 dollars,6,89795.6
SQGDP9-1,35000,New Mexico,2013Q2,Millions of chained 2017 dollars,6,89810.3
SQGDP9-1,35000,New Mexico,2013Q3,Millions of chained 2017 dollars,6,89958.7
SQGDP9-1,35000,New Mexico,2013Q4,Millions of chained 2017 dollars,6,90851.6
SQGDP9-1,35000,New Mexico,2014Q1,Millions of chained 2017 dollars,6,90615.4
SQGDP9-1,35000,New Mexico,2014Q2,Millions of chained 2017 dollars,6,91792.5
SQGDP9-1,35000,New Mexico,2014Q3,Millions of chained 2017 dollars,6,93212.1
SQGDP9-1,35000,New Mexico,2014Q4,Millions of chained 2017 dollars,6,94864.3
SQGDP9-1,35000,New Mexico,2015Q1,Millions of chained 2017 dollars,6,93986.5
SQGDP9-1,35000,New Mexico,2015Q2,Millions of chained 2017 dollars,6,93478.5
SQGDP9-1,35000,New Mexico,2015Q3,Millions of chained 2017 dollars,6,93441.1
SQGDP9-1,35000,New Mexico,2015Q4,Millions of chained 2017 dollars,6,93109.4
SQGDP9-1,35000,New Mexico,2016Q1,Millions of chained 2017 dollars,6,93294.1
SQGDP9-1,35000,New Mexico,2016Q2,Millions of chained 2017 dollars,6,93211.4
SQGDP9-1,35000,New Mexico,2016Q3,Millions of chained 2017 dollars,6,92739.2
SQGDP9-1,35000,New Mexico,2016Q4,Millions of chained 2017 dollars,6,92929.3
SQGDP9-1,35000,New Mexico,2017Q1,Millions of chained 2017 dollars,6,92535.1
SQGDP9-1,35000,New Mexico,2017Q2,Millions of chained 2017 dollars,6,92937.1
SQGDP9-1,35000,New Mexico,2017Q3,Millions of chained 2017 dollars,6,93508.3
SQGDP9-1,35000,New Mexico,2017Q4,Millions of chained 2017 dollars,6,93859.7
SQGDP9-1,35000,New Mexico,2018Q1,Millions of chained 2017 dollars,6,94891.4
SQGDP9-1,35000,New Mexico,2018Q2,Millions of chained 2017 dollars,6,96006.7
SQGDP9-1,35000,New Mexico,2018Q3,Millions of chained 2017 dollars,6,96381.6
SQGDP9-1,35000,New Mexico,2018Q4,Millions of chained 2017 dollars,6,97028.4
SQGDP9-1,35000,New Mexico,2019Q1,Millions of chained 2017 dollars,6,98030.7
SQGDP9-1,35000,New Mexico,2019Q2,Millions of chained 2017 dollars,6,99652.6
SQGDP9-1,35000,New Mexico,2019Q3,Millions of chained 2017 dollars,6,101756.4
SQGDP9-1,35000,New Mexico,2019Q4,Millions of chained 2017 dollars,6,101929.1
SQGDP9-1,35000,New Mexico,2020Q1,Millions of chained 2017 dollars,6,101469.8
SQGDP9-1,35000,New Mexico,2020Q2,Millions of chained 2017 dollars,6,93196.9
SQGDP9-1,35000,New Mexico,2020Q3,Millions of chained 2017 dollars,6,98469.1
SQGDP9-1,35000,New Mexico,2020Q4,Millions of chained 2017 dollars,6,98880.3
SQGDP9-1,35000,New Mexico,2021Q1,Millions of chained 2017 dollars,6,100362.7
SQGDP9-1,35000,New Mexico,2021Q2,Millions of chained 2017 dollars,6,100729.3
SQGDP9-1,35000,New Mexico,2021Q3,Millions of chained 2017 dollars,6,101956.1
SQGDP9-1,35000,New Mexico,2021Q4,Millions of chained 2017 dollars,6,102948.7
SQGDP9-1,35000,New Mexico,2022Q1,Millions of chained 2017 dollars,6,102533.1
SQGDP9-1,35000,New Mexico,2022Q2,Millions of chained 2017 dollars,6,102084.1
SQGDP9-1,35000,New Mexico,2022Q3,Millions of chained 2017 dollars,6,104784.9
SQGDP9-1,35000,New Mexico,2022Q4,Millions of chained 2017 dollars,6,107449.3
SQGDP9-1,35000,New Mexico,2023Q1,Millions of chained 2017 dollars,6,110087.2
SQGDP9-1,35000,New Mexico,2023Q2,Millions of chained 2017 dollars,6,113863.9
SQGDP9-1,35000,New Mexico,2023Q3,Millions of chained 2017 dollars,6,115007.4
SQGDP9-1,35000,New Mexico,2023Q4,Millions of chained 2017 dollars,6,117278.3
SQGDP9-1,35000,New Mexico,2024Q1,Millions of chained 2017 dollars,6,116928.0
SQGDP9-1,35000,New Mexico,2024Q2,Millions of chained 2017 dollars,6,118784.8
SQGDP9-1,35000,New Mexico,2024Q3,Millions of chained 2017 dollars,6,119850.2
SQGDP9-1,35000,New Mexico,2024Q4,Millions of chained 2017 dollars,6,120614.9
SQGDP9-1,35000,New Mexico,2025Q1,Millions of chained 2017 dollars,6,119098.8
SQGDP9-1,35000,New Mexico,2025Q2,Millions of chained 2017 dollars,6,120775.1
SQGDP9-1,35000,New Mexico,2025Q3,Millions of chained 2017 dollars,6,121924.7
SQGDP9-1,35000,New Mexico,2025Q4,Millions of chained 2017 dollars,6,121608.9
SQGDP9-1,35000,New Mexico,2026Q1,Millions of chained 2017 dollars,6,122529.3
SQGDP9-1,36000,New York,2005Q1,Millions of chained 2017 dollars,6,1276644.5
SQGDP9-1,36000,New York,2005Q2,Millions of chained 2017 dollars,6,1288086.5
SQGDP9-1,36000,New York,2005Q3,Millions of chained 2017 dollars,6,1310064.5
SQGDP9-1,36000,New York,2005Q4,Millions of chained 2017 dollars,6,1330956.6
SQGDP9-1,36000,New York,2006Q1,Millions of chained 2017 dollars,6,1345654.7
SQGDP9-1,36000,New York,2006Q2,Millions of chained 2017 dollars,6,1334401.1
SQGDP9-1,36000,New York,2006Q3,Millions of chained 2017 dollars,6,1330729.5
SQGDP9-1,36000,New York,2006Q4,Millions of chained 2017 dollars,6,1347488.8
SQGDP9-1,36000,New York,2007Q1,Millions of chained 2017 dollars,6,1382845.7
SQGDP9-1,36000,New York,2007Q2,Millions of chained 2017 dollars,6,1346675.2
SQGDP9-1,36000,New York,2007Q3,Millions of chained 2017 dollars,6,1348699.5
SQGDP9-1,36000,New York,2007Q4,Millions of chained 2017 dollars,6,1336975.3
SQGDP9-1,36000,New York,2008Q1,Millions of chained 2017 dollars,6,1338711.4
SQGDP9-1,36000,New York,2008Q2,Millions of chained 2017 dollars,6,1329041.3
SQGDP9-1,36000,New York,2008Q3,Millions of chained 2017 dollars,6,1336299.0
SQGDP9-1,36000,New York,2008Q4,Millions of chained 2017 dollars,6,1308331.1
SQGDP9-1,36000,New York,2009Q1,Millions of chained 2017 dollars,6,1319111.6
SQGDP9-1,36000,New York,2009Q2,Millions of chained 2017 dollars,6,1381244.1
SQGDP9-1,36000,New York,2009Q3,Millions of chained 2017 dollars,6,1397375.5
SQGDP9-1,36000,New York,2009Q4,Millions of chained 2017 dollars,6,1420287.1
SQGDP9-1,36000,New York,2010Q1,Millions of chained 2017 dollars,6,1427785.2
SQGDP9-1,36000,New York,2010Q2,Millions of chained 2017 dollars,6,1450765.0
SQGDP9-1,36000,New York,2010Q3,Millions of chained 2017 dollars,6,1428292.0
SQGDP9-1,36000,New York,2010Q4,Millions of chained 2017 dollars,6,1419653.9
SQGDP9-1,36000,New York,2011Q1,Millions of chained 2017 dollars,6,1448482.9
SQGDP9-1,36000,New York,2011Q2,Millions of chained 2017 dollars,6,1434551.8
SQGDP9-1,36000,New York,2011Q3,Millions of chained 2017 dollars,6,1431819.6
SQGDP9-1,36000,New York,2011Q4,Millions of chained 2017 dollars,6,1446532.9
SQGDP9-1,36000,New York,2012Q1,Millions of chained 2017 dollars,6,1467075.0
SQGDP9-1,36000,New York,2012Q2,Millions of chained 2017 dollars,6,1490188.6
SQGDP9-1,36000,New York,2012Q3,Millions of chained 2017 dollars,6,1505473.3
SQGDP9-1,36000,New York,2012Q4,Millions of chained 2017 dollars,6,1522383.6
SQGDP9-1,36000,New York,2013Q1,Millions of chained 2017 dollars,6,1487125.7
SQGDP9-1,36000,New York,2013Q2,Millions of chained 2017 dollars,6,1495170.0
SQGDP9-1,36000,New York,2013Q3,Millions of chained 2017 dollars,6,1502382.7
SQGDP9-1,36000,New York,2013Q4,Millions of chained 2017 dollars,6,1522593.8
SQGDP9-1,36000,New York,2014Q1,Millions of chained 2017 dollars,6,1512163.3
SQGDP9-1,36000,New York,2014Q2,Millions of chained 2017 dollars,6,1523669.4
SQGDP9-1,36000,New York,2014Q3,Millions of chained 2017 dollars,6,1544034.7
SQGDP9-1,36000,New York,2014Q4,Millions of chained 2017 dollars,6,1561636.4
SQGDP9-1,36000,New York,2015Q1,Millions of chained 2017 dollars,6,1555233.7
SQGDP9-1,36000,New York,2015Q2,Millions of chained 2017 dollars,6,1574206.0
SQGDP9-1,36000,New York,2015Q3,Millions of chained 2017 dollars,6,1575760.8
SQGDP9-1,36000,New York,2015Q4,Millions of chained 2017 dollars,6,1558140.2
SQGDP9-1,36000,New York,2016Q1,Millions of chained 2017 dollars,6,1590076.8
SQGDP9-1,36000,New York,2016Q2,Millions of chained 2017 dollars,6,1592969.3
SQGDP9-1,36000,New York,2016Q3,Millions of chained 2017 dollars,6,1584141.5
SQGDP9-1,36000,New York,2016Q4,Millions of chained 2017 dollars,6,1595083.6
SQGDP9-1,36000,New York,2017Q1,Millions of chained 2017 dollars,6,1615882.9
SQGDP9-1,36000,New York,2017Q2,Millions of chained 2017 dollars,6,1610484.9
SQGDP9-1,36000,New York,2017Q3,Millions of chained 2017 dollars,6,1621581.1
SQGDP9-1,36000,New York,2017Q4,Millions of chained 2017 dollars,6,1651253.8
SQGDP9-1,36000,New York,2018Q1,Millions of chained 2017 dollars,6,1657126.1
SQGDP9-1,36000,New York,2018Q2,Millions of chained 2017 dollars,6,1667068.7
SQGDP9-1,36000,New York,2018Q3,Millions of chained 2017 dollars,6,1674704.9
SQGDP9-1,36000,New York,2018Q4,Millions of chained 2017 dollars,6,1661847.4
SQGDP9-1,36000,New York,2019Q1,Millions of chained 2017 dollars,6,1684004.1
SQGDP9-1,36000,New York,2019Q2,Millions of chained 2017 dollars,6,1703063.6
SQGDP9-1,36000,New York,2019Q3,Millions of chained 2017 dollars,6,1708092.1
SQGDP9-1,36000,New York,2019Q4,Millions of chained 2017 dollars,6,1722297.4
SQGDP9-1,36000,New York,2020Q1,Millions of chained 2017 dollars,6,1717092.4
SQGDP9-1,36000,New York,2020Q2,Millions of chained 2017 dollars,6,1568908.7
SQGDP9-1,36000,New York,2020Q3,Millions of chained 2017 dollars,6,1681124.4
SQGDP9-1,36000,New York,2020Q4,Millions of chained 2017 dollars,6,1701813.8
SQGDP9-1,36000,New York,2021Q1,Millions of chained 2017 dollars,6,1701533.0
SQGDP9-1,36000,New York,2021Q2,Millions of chained 2017 dollars,6,1737086.5
SQGDP9-1,36000,New York,2021Q3,Millions of chained 2017 dollars,6,1757033.2
SQGDP9-1,36000,New York,2021Q4,Millions of chained 2017 dollars,6,1806552.0
SQGDP9-1,36000,New York,2022Q1,Millions of chained 2017 dollars,6,1790691.3
SQGDP9-1,36000,New York,2022Q2,Millions of chained 2017 dollars,6,1772220.7
SQGDP9-1,36000,New York,2022Q3,Millions of chained 2017 dollars,6,1781588.5
SQGDP9-1,36000,New York,2022Q4,Millions of chained 2017 dollars,6,1781715.9
SQGDP9-1,36000,New York,2023Q1,Millions of chained 2017 dollars,6,1780588.2
SQGDP9-1,36000,New York,2023Q2,Millions of chained 2017 dollars,6,1783263.4
SQGDP9-1,36000,New York,2023Q3,Millions of chained 2017 dollars,6,1805581.3
SQGDP9-1,36000,New York,2023Q4,Millions of chained 2017 dollars,6,1804105.1
SQGDP9-1,36000,New York,2024Q1,Millions of chained 2017 dollars,6,1810915.8
SQGDP9-1,36000,New York,2024Q2,Millions of chained 2017 dollars,6,1837211.2
SQGDP9-1,36000,New York,2024Q3,Millions of chained 2017 dollars,6,1852487.3
SQGDP9-1,36000,New York,2024Q4,Millions of chained 2017 dollars,6,1859622.8
SQGDP9-1,36000,New York,2025Q1,Millions of chained 2017 dollars,6,1869034.2
SQGDP9-1,36000,New York,2025Q2,Millions of chained 2017 dollars,6,1887393.8
SQGDP9-1,36000,New York,2025Q3,Millions of chained 2017 dollars,6,1908449.9
SQGDP9-1,36000,New York,2025Q4,Millions of chained 2017 dollars,6,1912200.5
SQGDP9-1,36000,New York,2026Q1,Millions of chained 2017 dollars,6,1916464.9
SQGDP9-1,37000,North Carolina,2005Q1,Millions of chained 2017 dollars,6,440757.4
SQGDP9-1,37000,North Carolina,2005Q2,Millions of chained 2017 dollars,6,438119.7
SQGDP9-1,37000,North Carolina,2005Q3,Millions of chained 2017 dollars,6,442871.6
SQGDP9-1,37000,North Carolina,2005Q4,Millions of chained 2017 dollars,6,447473.9
SQGDP9-1,37000,North Carolina,2006Q1,Millions of chained 2017 dollars,6,468292.2
SQGDP9-1,37000,North Carolina,2006Q2,Millions of chained 2017 dollars,6,469774.6
SQGDP9-1,37000,North Carolina,2006Q3,Millions of chained 2017 dollars,6,470160.2
SQGDP9-1,37000,North Carolina,2006Q4,Millions of chained 2017 dollars,6,474428.4
SQGDP9-1,37000,North Carolina,2007Q1,Millions of chained 2017 dollars,6,479782.3
SQGDP9-1,37000,North Carolina,2007Q2,Millions of chained 2017 dollars,6,476116.2
SQGDP9-1,37000,North Carolina,2007Q3,Millions of chained 2017 dollars,6,475307.2
SQGDP9-1,37000,North Carolina,2007Q4,Millions of chained 2017 dollars,6,480477.3
SQGDP9-1,37000,North Carolina,2008Q1,Millions of chained 2017 dollars,6,495030.3
SQGDP9-1,37000,North Carolina,2008Q2,Millions of chained 2017 dollars,6,498917.5
SQGDP9-1,37000,North Carolina,2008Q3,Millions of chained 2017 dollars,6,495280.3
SQGDP9-1,37000,North Carolina,2008Q4,Millions of chained 2017 dollars,6,481527.0
SQGDP9-1,37000,North Carolina,2009Q1,Millions of chained 2017 dollars,6,463126.3
SQGDP9-1,37000,North Carolina,2009Q2,Millions of chained 2017 dollars,6,469385.5
SQGDP9-1,37000,North Carolina,2009Q3,Millions of chained 2017 dollars,6,477022.2
SQGDP9-1,37000,North Carolina,2009Q4,Millions of chained 2017 dollars,6,484907.9
SQGDP9-1,37000,North Carolina,2010Q1,Millions of chained 2017 dollars,6,479007.9
SQGDP9-1,37000,North Carolina,2010Q2,Millions of chained 2017 dollars,6,480678.3
SQGDP9-1,37000,North Carolina,2010Q3,Millions of chained 2017 dollars,6,481637.6
SQGDP9-1,37000,North Carolina,2010Q4,Millions of chained 2017 dollars,6,486797.7
SQGDP9-1,37000,North Carolina,2011Q1,Millions of chained 2017 dollars,6,483557.4
SQGDP9-1,37000,North Carolina,2011Q2,Millions of chained 2017 dollars,6,488490.2
SQGDP9-1,37000,North Carolina,2011Q3,Millions of chained 2017 dollars,6,482134.4
SQGDP9-1,37000,North Carolina,2011Q4,Millions of chained 2017 dollars,6,482619.1
SQGDP9-1,37000,North Carolina,2012Q1,Millions of chained 2017 dollars,6,491460.8
SQGDP9-1,37000,North Carolina,2012Q2,Millions of chained 2017 dollars,6,486857.3
SQGDP9-1,37000,North Carolina,2012Q3,Millions of chained 2017 dollars,6,488931.6
SQGDP9-1,37000,North Carolina,2012Q4,Millions of chained 2017 dollars,6,485256.4
SQGDP9-1,37000,North Carolina,2013Q1,Millions of chained 2017 dollars,6,491907.8
SQGDP9-1,37000,North Carolina,2013Q2,Millions of chained 2017 dollars,6,493993.6
SQGDP9-1,37000,North Carolina,2013Q3,Millions of chained 2017 dollars,6,500493.5
SQGDP9-1,37000,North Carolina,2013Q4,Millions of chained 2017 dollars,6,503431.4
SQGDP9-1,37000,North Carolina,2014Q1,Millions of chained 2017 dollars,6,504890.1
SQGDP9-1,37000,North Carolina,2014Q2,Millions of chained 2017 dollars,6,507070.4
SQGDP9-1,37000,North Carolina,2014Q3,Millions of chained 2017 dollars,6,513173.9
SQGDP9-1,37000,North Carolina,2014Q4,Millions of chained 2017 dollars,6,513995.2
SQGDP9-1,37000,North Carolina,2015Q1,Millions of chained 2017 dollars,6,522756.8
SQGDP9-1,37000,North Carolina,2015Q2,Millions of chained 2017 dollars,6,525187.5
SQGDP9-1,37000,North Carolina,2015Q3,Millions of chained 2017 dollars,6,526393.0
SQGDP9-1,37000,North Carolina,2015Q4,Millions of chained 2017 dollars,6,526579.2
SQGDP9-1,37000,North Carolina,2016Q1,Millions of chained 2017 dollars,6,533356.0
SQGDP9-1,37000,North Carolina,2016Q2,Millions of chained 2017 dollars,6,532587.6
SQGDP9-1,37000,North Carolina,2016Q3,Millions of chained 2017 dollars,6,536861.7
SQGDP9-1,37000,North Carolina,2016Q4,Millions of chained 2017 dollars,6,542428.7
SQGDP9-1,37000,North Carolina,2017Q1,Millions of chained 2017 dollars,6,544009.1
SQGDP9-1,37000,North Carolina,2017Q2,Millions of chained 2017 dollars,6,544149.4
SQGDP9-1,37000,North Carolina,2017Q3,Millions of chained 2017 dollars,6,546259.7
SQGDP9-1,37000,North Carolina,2017Q4,Millions of chained 2017 dollars,6,552822.4
SQGDP9-1,37000,North Carolina,2018Q1,Millions of chained 2017 dollars,6,553013.9
SQGDP9-1,37000,North Carolina,2018Q2,Millions of chained 2017 dollars,6,557124.0
SQGDP9-1,37000,North Carolina,2018Q3,Millions of chained 2017 dollars,6,556826.7
SQGDP9-1,37000,North Carolina,2018Q4,Millions of chained 2017 dollars,6,559330.2
SQGDP9-1,37000,North Carolina,2019Q1,Millions of chained 2017 dollars,6,561115.0
SQGDP9-1,37000,North Carolina,2019Q2,Millions of chained 2017 dollars,6,564031.8
SQGDP9-1,37000,North Carolina,2019Q3,Millions of chained 2017 dollars,6,570485.7
SQGDP9-1,37000,North Carolina,2019Q4,Millions of chained 2017 dollars,6,576267.6
SQGDP9-1,37000,North Carolina,2020Q1,Millions of chained 2017 dollars,6,572529.9
SQGDP9-1,37000,North Carolina,2020Q2,Millions of chained 2017 dollars,6,531379.9
SQGDP9-1,37000,North Carolina,2020Q3,Millions of chained 2017 dollars,6,574366.0
SQGDP9-1,37000,North Carolina,2020Q4,Millions of chained 2017 dollars,6,578839.2
SQGDP9-1,37000,North Carolina,2021Q1,Millions of chained 2017 dollars,6,587210.7
SQGDP9-1,37000,North Carolina,2021Q2,Millions of chained 2017 dollars,6,596720.2
SQGDP9-1,37000,North Carolina,2021Q3,Millions of chained 2017 dollars,6,600810.4
SQGDP9-1,37000,North Carolina,2021Q4,Millions of chained 2017 dollars,6,612434.1
SQGDP9-1,37000,North Carolina,2022Q1,Millions of chained 2017 dollars,6,617819.7
SQGDP9-1,37000,North Carolina,2022Q2,Millions of chained 2017 dollars,6,616179.4
SQGDP9-1,37000,North Carolina,2022Q3,Millions of chained 2017 dollars,6,619953.9
SQGDP9-1,37000,North Carolina,2022Q4,Millions of chained 2017 dollars,6,628712.8
SQGDP9-1,37000,North Carolina,2023Q1,Millions of chained 2017 dollars,6,636600.2
SQGDP9-1,37000,North Carolina,2023Q2,Millions of chained 2017 dollars,6,636038.1
SQGDP9-1,37000,North Carolina,2023Q3,Millions of chained 2017 dollars,6,646402.0
SQGDP9-1,37000,North Carolina,2023Q4,Millions of chained 2017 dollars,6,653142.8
SQGDP9-1,37000,North Carolina,2024Q1,Millions of chained 2017 dollars,6,654803.4
SQGDP9-1,37000,North Carolina,2024Q2,Millions of chained 2017 dollars,6,661170.6
SQGDP9-1,37000,North Carolina,2024Q3,Millions of chained 2017 dollars,6,667951.1
SQGDP9-1,37000,North Carolina,2024Q4,Millions of chained 2017 dollars,6,672601.4
SQGDP9-1,37000,North Carolina,2025Q1,Millions of chained 2017 dollars,6,672679.3
SQGDP9-1,37000,North Carolina,2025Q2,Millions of chained 2017 dollars,6,678859.5
SQGDP9-1,37000,North Carolina,2025Q3,Millions of chained 2017 dollars,6,688091.1
SQGDP9-1,37000,North Carolina,2025Q4,Millions of chained 2017 dollars,6,689942.9
SQGDP9-1,37000,North Carolina,2026Q1,Millions of chained 2017 dollars,6,695438.5
SQGDP9-1,38000,North Dakota,2005Q1,Millions of chained 2017 dollars,6,29633.8
SQGDP9-1,38000,North Dakota,2005Q2,Millions of chained 2017 dollars,6,29650.0
SQGDP9-1,38000,North Dakota,2005Q3,Millions of chained 2017 dollars,6,29492.2
SQGDP9-1,38000,North Dakota,2005Q4,Millions of chained 2017 dollars,6,29740.1
SQGDP9-1,38000,North Dakota,2006Q1,Millions of chained 2017 dollars,6,30338.2
SQGDP9-1,38000,North Dakota,2006Q2,Millions of chained 2017 dollars,6,31063.0
SQGDP9-1,38000,North Dakota,2006Q3,Millions of chained 2017 dollars,6,30916.4
SQGDP9-1,38000,North Dakota,2006Q4,Millions of chained 2017 dollars,6,31327.9
SQGDP9-1,38000,North Dakota,2007Q1,Millions of chained 2017 dollars,6,31836.3
SQGDP9-1,38000,North Dakota,2007Q2,Millions of chained 2017 dollars,6,32259.7
SQGDP9-1,38000,North Dakota,2007Q3,Millions of chained 2017 dollars,6,32637.8
SQGDP9-1,38000,North Dakota,2007Q4,Millions of chained 2017 dollars,6,33382.1
SQGDP9-1,38000,North Dakota,2008Q1,Millions of chained 2017 dollars,6,34535.4
SQGDP9-1,38000,North Dakota,2008Q2,Millions of chained 2017 dollars,6,34821.3
SQGDP9-1,38000,North Dakota,2008Q3,Millions of chained 2017 dollars,6,35372.7
SQGDP9-1,38000,North Dakota,2008Q4,Millions of chained 2017 dollars,6,35392.1
SQGDP9-1,38000,North Dakota,2009Q1,Millions of chained 2017 dollars,6,35716.2
SQGDP9-1,38000,North Dakota,2009Q2,Millions of chained 2017 dollars,6,35509.3
SQGDP9-1,38000,North Dakota,2009Q3,Millions of chained 2017 dollars,6,36327.3
SQGDP9-1,38000,North Dakota,2009Q4,Millions of chained 2017 dollars,6,36332.3
SQGDP9-1,38000,North Dakota,2010Q1,Millions of chained 2017 dollars,6,37266.3
SQGDP9-1,38000,North Dakota,2010Q2,Millions of chained 2017 dollars,6,38412.8
SQGDP9-1,38000,North Dakota,2010Q3,Millions of chained 2017 dollars,6,39134.4
SQGDP9-1,38000,North Dakota,2010Q4,Millions of chained 2017 dollars,6,39976.0
SQGDP9-1,38000,North Dakota,2011Q1,Millions of chained 2017 dollars,6,40638.1
SQGDP9-1,38000,North Dakota,2011Q2,Millions of chained 2017 dollars,6,41946.0
SQGDP9-1,38000,North Dakota,2011Q3,Millions of chained 2017 dollars,6,43540.8
SQGDP9-1,38000,North Dakota,2011Q4,Millions of chained 2017 dollars,6,47076.8
SQGDP9-1,38000,North Dakota,2012Q1,Millions of chained 2017 dollars,6,50273.3
SQGDP9-1,38000,North Dakota,2012Q2,Millions of chained 2017 dollars,6,53448.6
SQGDP9-1,38000,North Dakota,2012Q3,Millions of chained 2017 dollars,6,54585.7
SQGDP9-1,38000,North Dakota,2012Q4,Millions of chained 2017 dollars,6,54999.6
SQGDP9-1,38000,North Dakota,2013Q1,Millions of chained 2017 dollars,6,53075.0
SQGDP9-1,38000,North Dakota,2013Q2,Millions of chained 2017 dollars,6,54024.9
SQGDP9-1,38000,North Dakota,2013Q3,Millions of chained 2017 dollars,6,55490.6
SQGDP9-1,38000,North Dakota,2013Q4,Millions of chained 2017 dollars,6,56173.2
SQGDP9-1,38000,North Dakota,2014Q1,Millions of chained 2017 dollars,6,57305.2
SQGDP9-1,38000,North Dakota,2014Q2,Millions of chained 2017 dollars,6,59839.6
SQGDP9-1,38000,North Dakota,2014Q3,Millions of chained 2017 dollars,6,61096.0
SQGDP9-1,38000,North Dakota,2014Q4,Millions of chained 2017 dollars,6,62531.0
SQGDP9-1,38000,North Dakota,2015Q1,Millions of chained 2017 dollars,6,61258.3
SQGDP9-1,38000,North Dakota,2015Q2,Millions of chained 2017 dollars,6,58668.0
SQGDP9-1,38000,North Dakota,2015Q3,Millions of chained 2017 dollars,6,57694.1
SQGDP9-1,38000,North Dakota,2015Q4,Millions of chained 2017 dollars,6,57157.4
SQGDP9-1,38000,North Dakota,2016Q1,Millions of chained 2017 dollars,6,55676.8
SQGDP9-1,38000,North Dakota,2016Q2,Millions of chained 2017 dollars,6,54117.2
SQGDP9-1,38000,North Dakota,2016Q3,Millions of chained 2017 dollars,6,54534.5
SQGDP9-1,38000,North Dakota,2016Q4,Millions of chained 2017 dollars,6,54695.6
SQGDP9-1,38000,North Dakota,2017Q1,Millions of chained 2017 dollars,6,55448.6
SQGDP9-1,38000,North Dakota,2017Q2,Millions of chained 2017 dollars,6,56940.3
SQGDP9-1,38000,North Dakota,2017Q3,Millions of chained 2017 dollars,6,56872.5
SQGDP9-1,38000,North Dakota,2017Q4,Millions of chained 2017 dollars,6,56859.5
SQGDP9-1,38000,North Dakota,2018Q1,Millions of chained 2017 dollars,6,57826.1
SQGDP9-1,38000,North Dakota,2018Q2,Millions of chained 2017 dollars,6,58556.6
SQGDP9-1,38000,North Dakota,2018Q3,Millions of chained 2017 dollars,6,59025.6
SQGDP9-1,38000,North Dakota,2018Q4,Millions of chained 2017 dollars,6,58657.0
SQGDP9-1,38000,North Dakota,2019Q1,Millions of chained 2017 dollars,6,59158.2
SQGDP9-1,38000,North Dakota,2019Q2,Millions of chained 2017 dollars,6,59579.3
SQGDP9-1,38000,North Dakota,2019Q3,Millions of chained 2017 dollars,6,59806.0
SQGDP9-1,38000,North Dakota,2019Q4,Millions of chained 2017 dollars,6,59090.3
SQGDP9-1,38000,North Dakota,2020Q1,Millions of chained 2017 dollars,6,58843.2
SQGDP9-1,38000,North Dakota,2020Q2,Millions of chained 2017 dollars,6,54639.3
SQGDP9-1,38000,North Dakota,2020Q3,Millions of chained 2017 dollars,6,56500.2
SQGDP9-1,38000,North Dakota,2020Q4,Millions of chained 2017 dollars,6,56428.7
SQGDP9-1,38000,North Dakota,2021Q1,Millions of chained 2017 dollars,6,57727.4
SQGDP9-1,38000,North Dakota,2021Q2,Millions of chained 2017 dollars,6,57730.1
SQGDP9-1,38000,North Dakota,2021Q3,Millions of chained 2017 dollars,6,57416.5
SQGDP9-1,38000,North Dakota,2021Q4,Millions of chained 2017 dollars,6,56531.4
SQGDP9-1,38000,North Dakota,2022Q1,Millions of chained 2017 dollars,6,56256.5
SQGDP9-1,38000,North Dakota,2022Q2,Millions of chained 2017 dollars,6,56283.4
SQGDP9-1,38000,North Dakota,2022Q3,Millions of chained 2017 dollars,6,57066.8
SQGDP9-1,38000,North Dakota,2022Q4,Millions of chained 2017 dollars,6,58517.5
SQGDP9-1,38000,North Dakota,2023Q1,Millions of chained 2017 dollars,6,59909.0
SQGDP9-1,38000,North Dakota,2023Q2,Millions of chained 2017 dollars,6,61882.9
SQGDP9-1,38000,North Dakota,2023Q3,Millions of chained 2017 dollars,6,62867.1
SQGDP9-1,38000,North Dakota,2023Q4,Millions of chained 2017 dollars,6,63800.0
SQGDP9-1,38000,North Dakota,2024Q1,Millions of chained 2017 dollars,6,63281.4
SQGDP9-1,38000,North Dakota,2024Q2,Millions of chained 2017 dollars,6,63561.3
SQGDP9-1,38000,North Dakota,2024Q3,Millions of chained 2017 dollars,6,63283.3
SQGDP9-1,38000,North Dakota,2024Q4,Millions of chained 2017 dollars,6,63339.4
SQGDP9-1,38000,North Dakota,2025Q1,Millions of chained 2017 dollars,6,62531.3
SQGDP9-1,38000,North Dakota,2025Q2,Millions of chained 2017 dollars,6,63643.8
SQGDP9-1,38000,North Dakota,2025Q3,Millions of chained 2017 dollars,6,63710.4
SQGDP9-1,38000,North Dakota,2025Q4,Millions of chained 2017 dollars,6,64314.8
SQGDP9-1,38000,North Dakota,2026Q1,Millions of chained 2017 dollars,6,64324.7
SQGDP9-1,39000,Ohio,2005Q1,Millions of chained 2017 dollars,6,580513.9
SQGDP9-1,39000,Ohio,2005Q2,Millions of chained 2017 dollars,6,583627.7
SQGDP9-1,39000,Ohio,2005Q3,Millions of chained 2017 dollars,6,587807.9
SQGDP9-1,39000,Ohio,2005Q4,Millions of chained 2017 dollars,6,587521.2
SQGDP9-1,39000,Ohio,2006Q1,Millions of chained 2017 dollars,6,583452.2
SQGDP9-1,39000,Ohio,2006Q2,Millions of chained 2017 dollars,6,583638.6
SQGDP9-1,39000,Ohio,2006Q3,Millions of chained 2017 dollars,6,581738.7
SQGDP9-1,39000,Ohio,2006Q4,Millions of chained 2017 dollars,6,581720.9
SQGDP9-1,39000,Ohio,2007Q1,Millions of chained 2017 dollars,6,583443.3
SQGDP9-1,39000,Ohio,2007Q2,Millions of chained 2017 dollars,6,584132.1
SQGDP9-1,39000,Ohio,2007Q3,Millions of chained 2017 dollars,6,586433.3
SQGDP9-1,39000,Ohio,2007Q4,Millions of chained 2017 dollars,6,587603.2
SQGDP9-1,39000,Ohio,2008Q1,Millions of chained 2017 dollars,6,588461.0
SQGDP9-1,39000,Ohio,2008Q2,Millions of chained 2017 dollars,6,591534.7
SQGDP9-1,39000,Ohio,2008Q3,Millions of chained 2017 dollars,6,582746.6
SQGDP9-1,39000,Ohio,2008Q4,Millions of chained 2017 dollars,6,558813.9
SQGDP9-1,39000,Ohio,2009Q1,Millions of chained 2017 dollars,6,555786.8
SQGDP9-1,39000,Ohio,2009Q2,Millions of chained 2017 dollars,6,547888.2
SQGDP9-1,39000,Ohio,2009Q3,Millions of chained 2017 dollars,6,548567.3
SQGDP9-1,39000,Ohio,2009Q4,Millions of chained 2017 dollars,6,551687.3
SQGDP9-1,39000,Ohio,2010Q1,Millions of chained 2017 dollars,6,555208.0
SQGDP9-1,39000,Ohio,2010Q2,Millions of chained 2017 dollars,6,560811.1
SQGDP9-1,39000,Ohio,2010Q3,Millions of chained 2017 dollars,6,568330.0
SQGDP9-1,39000,Ohio,2010Q4,Millions of chained 2017 dollars,6,570915.9
SQGDP9-1,39000,Ohio,2011Q1,Millions of chained 2017 dollars,6,572633.9
SQGDP9-1,39000,Ohio,2011Q2,Millions of chained 2017 dollars,6,577296.7
SQGDP9-1,39000,Ohio,2011Q3,Millions of chained 2017 dollars,6,581379.5
SQGDP9-1,39000,Ohio,2011Q4,Millions of chained 2017 dollars,6,589695.3
SQGDP9-1,39000,Ohio,2012Q1,Millions of chained 2017 dollars,6,585330.6
SQGDP9-1,39000,Ohio,2012Q2,Millions of chained 2017 dollars,6,588423.4
SQGDP9-1,39000,Ohio,2012Q3,Millions of chained 2017 dollars,6,587917.6
SQGDP9-1,39000,Ohio,2012Q4,Millions of chained 2017 dollars,6,584492.1
SQGDP9-1,39000,Ohio,2013Q1,Millions of chained 2017 dollars,6,598028.8
SQGDP9-1,39000,Ohio,2013Q2,Millions of chained 2017 dollars,6,599105.0
SQGDP9-1,39000,Ohio,2013Q3,Millions of chained 2017 dollars,6,604713.1
SQGDP9-1,39000,Ohio,2013Q4,Millions of chained 2017 dollars,6,610382.5
SQGDP9-1,39000,Ohio,2014Q1,Millions of chained 2017 dollars,6,613275.3
SQGDP9-1,39000,Ohio,2014Q2,Millions of chained 2017 dollars,6,623016.1
SQGDP9-1,39000,Ohio,2014Q3,Millions of chained 2017 dollars,6,631420.0
SQGDP9-1,39000,Ohio,2014Q4,Millions of chained 2017 dollars,6,632182.2
SQGDP9-1,39000,Ohio,2015Q1,Millions of chained 2017 dollars,6,630868.9
SQGDP9-1,39000,Ohio,2015Q2,Millions of chained 2017 dollars,6,634118.1
SQGDP9-1,39000,Ohio,2015Q3,Millions of chained 2017 dollars,6,632184.3
SQGDP9-1,39000,Ohio,2015Q4,Millions of chained 2017 dollars,6,635927.8
SQGDP9-1,39000,Ohio,2016Q1,Millions of chained 2017 dollars,6,631514.0
SQGDP9-1,39000,Ohio,2016Q2,Millions of chained 2017 dollars,6,636131.5
SQGDP9-1,39000,Ohio,2016Q3,Millions of chained 2017 dollars,6,640376.9
SQGDP9-1,39000,Ohio,2016Q4,Millions of chained 2017 dollars,6,644607.6
SQGDP9-1,39000,Ohio,2017Q1,Millions of chained 2017 dollars,6,649183.6
SQGDP9-1,39000,Ohio,2017Q2,Millions of chained 2017 dollars,6,652759.2
SQGDP9-1,39000,Ohio,2017Q3,Millions of chained 2017 dollars,6,653809.8
SQGDP9-1,39000,Ohio,2017Q4,Millions of chained 2017 dollars,6,652997.3
SQGDP9-1,39000,Ohio,2018Q1,Millions of chained 2017 dollars,6,652538.5
SQGDP9-1,39000,Ohio,2018Q2,Millions of chained 2017 dollars,6,653091.1
SQGDP9-1,39000,Ohio,2018Q3,Millions of chained 2017 dollars,6,657615.2
SQGDP9-1,39000,Ohio,2018Q4,Millions of chained 2017 dollars,6,661603.2
SQGDP9-1,39000,Ohio,2019Q1,Millions of chained 2017 dollars,6,665056.3
SQGDP9-1,39000,Ohio,2019Q2,Millions of chained 2017 dollars,6,670570.8
SQGDP9-1,39000,Ohio,2019Q3,Millions of chained 2017 dollars,6,678380.7
SQGDP9-1,39000,Ohio,2019Q4,Millions of chained 2017 dollars,6,682247.9
SQGDP9-1,39000,Ohio,2020Q1,Millions of chained 2017 dollars,6,668512.3
SQGDP9-1,39000,Ohio,2020Q2,Millions of chained 2017 dollars,6,611222.1
SQGDP9-1,39000,Ohio,2020Q3,Millions of chained 2017 dollars,6,667036.5
SQGDP9-1,39000,Ohio,2020Q4,Millions of chained 2017 dollars,6,676149.4
SQGDP9-1,39000,Ohio,2021Q1,Millions of chained 2017 dollars,6,680737.8
SQGDP9-1,39000,Ohio,2021Q2,Millions of chained 2017 dollars,6,689403.7
SQGDP9-1,39000,Ohio,2021Q3,Millions of chained 2017 dollars,6,692762.1
SQGDP9-1,39000,Ohio,2021Q4,Millions of chained 2017 dollars,6,703616.3
SQGDP9-1,39000,Ohio,2022Q1,Millions of chained 2017 dollars,6,694331.8
SQGDP9-1,39000,Ohio,2022Q2,Millions of chained 2017 dollars,6,693596.2
SQGDP9-1,39000,Ohio,2022Q3,Millions of chained 2017 dollars,6,693636.2
SQGDP9-1,39000,Ohio,2022Q4,Millions of chained 2017 dollars,6,696329.3
SQGDP9-1,39000,Ohio,2023Q1,Millions of chained 2017 dollars,6,700290.6
SQGDP9-1,39000,Ohio,2023Q2,Millions of chained 2017 dollars,6,703328.7
SQGDP9-1,39000,Ohio,2023Q3,Millions of chained 2017 dollars,6,711891.6
SQGDP9-1,39000,Ohio,2023Q4,Millions of chained 2017 dollars,6,716474.0
SQGDP9-1,39000,Ohio,2024Q1,Millions of chained 2017 dollars,6,714682.1
SQGDP9-1,39000,Ohio,2024Q2,Millions of chained 2017 dollars,6,721143.0
SQGDP9-1,39000,Ohio,2024Q3,Millions of chained 2017 dollars,6,724844.2
SQGDP9-1,39000,Ohio,2024Q4,Millions of chained 2017 dollars,6,727319.9
SQGDP9-1,39000,Ohio,2025Q1,Millions of chained 2017 dollars,6,724430.5
SQGDP9-1,39000,Ohio,2025Q2,Millions of chained 2017 dollars,6,731348.5
SQGDP9-1,39000,Ohio,2025Q3,Millions of chained 2017 dollars,6,740518.1
SQGDP9-1,39000,Ohio,2025Q4,Millions of chained 2017 dollars,6,741163.4
SQGDP9-1,39000,Ohio,2026Q1,Millions of chained 2017 dollars,6,744406.0
SQGDP9-1,40000,Oklahoma,2005Q1,Millions of chained 2017 dollars,6,139958.9
SQGDP9-1,40000,Oklahoma,2005Q2,Millions of chained 2017 dollars,6,141243.8
SQGDP9-1,40000,Oklahoma,2005Q3,Millions of chained 2017 dollars,6,140760.1
SQGDP9-1,40000,Oklahoma,2005Q4,Millions of chained 2017 dollars,6,139477.6
SQGDP9-1,40000,Oklahoma,2006Q1,Millions of chained 2017 dollars,6,154266.3
SQGDP9-1,40000,Oklahoma,2006Q2,Millions of chained 2017 dollars,6,148604.2
SQGDP9-1,40000,Oklahoma,2006Q3,Millions of chained 2017 dollars,6,147134.6
SQGDP9-1,40000,Oklahoma,2006Q4,Millions of chained 2017 dollars,6,147463.5
SQGDP9-1,40000,Oklahoma,2007Q1,Millions of chained 2017 dollars,6,150082.7
SQGDP9-1,40000,Oklahoma,2007Q2,Millions of chained 2017 dollars,6,152166.6
SQGDP9-1,40000,Oklahoma,2007Q3,Millions of chained 2017 dollars,6,154600.1
SQGDP9-1,40000,Oklahoma,2007Q4,Millions of chained 2017 dollars,6,154668.9
SQGDP9-1,40000,Oklahoma,2008Q1,Millions of chained 2017 dollars,6,154733.5
SQGDP9-1,40000,Oklahoma,2008Q2,Millions of chained 2017 dollars,6,158073.6
SQGDP9-1,40000,Oklahoma,2008Q3,Millions of chained 2017 dollars,6,158836.3
SQGDP9-1,40000,Oklahoma,2008Q4,Millions of chained 2017 dollars,6,164307.5
SQGDP9-1,40000,Oklahoma,2009Q1,Millions of chained 2017 dollars,6,159361.8
SQGDP9-1,40000,Oklahoma,2009Q2,Millions of chained 2017 dollars,6,156391.4
SQGDP9-1,40000,Oklahoma,2009Q3,Millions of chained 2017 dollars,6,156911.5
SQGDP9-1,40000,Oklahoma,2009Q4,Millions of chained 2017 dollars,6,154762.5
SQGDP9-1,40000,Oklahoma,2010Q1,Millions of chained 2017 dollars,6,154624.6
SQGDP9-1,40000,Oklahoma,2010Q2,Millions of chained 2017 dollars,6,158281.3
SQGDP9-1,40000,Oklahoma,2010Q3,Millions of chained 2017 dollars,6,159413.9
SQGDP9-1,40000,Oklahoma,2010Q4,Millions of chained 2017 dollars,6,160025.8
SQGDP9-1,40000,Oklahoma,2011Q1,Millions of chained 2017 dollars,6,157911.8
SQGDP9-1,40000,Oklahoma,2011Q2,Millions of chained 2017 dollars,6,162155.9
SQGDP9-1,40000,Oklahoma,2011Q3,Millions of chained 2017 dollars,6,165511.6
SQGDP9-1,40000,Oklahoma,2011Q4,Millions of chained 2017 dollars,6,169857.9
SQGDP9-1,40000,Oklahoma,2012Q1,Millions of chained 2017 dollars,6,170933.9
SQGDP9-1,40000,Oklahoma,2012Q2,Millions of chained 2017 dollars,6,172553.4
SQGDP9-1,40000,Oklahoma,2012Q3,Millions of chained 2017 dollars,6,171374.7
SQGDP9-1,40000,Oklahoma,2012Q4,Millions of chained 2017 dollars,6,173202.2
SQGDP9-1,40000,Oklahoma,2013Q1,Millions of chained 2017 dollars,6,175255.3
SQGDP9-1,40000,Oklahoma,2013Q2,Millions of chained 2017 dollars,6,174488.1
SQGDP9-1,40000,Oklahoma,2013Q3,Millions of chained 2017 dollars,6,175025.5
SQGDP9-1,40000,Oklahoma,2013Q4,Millions of chained 2017 dollars,6,179578.3
SQGDP9-1,40000,Oklahoma,2014Q1,Millions of chained 2017 dollars,6,179587.2
SQGDP9-1,40000,Oklahoma,2014Q2,Millions of chained 2017 dollars,6,183138.9
SQGDP9-1,40000,Oklahoma,2014Q3,Millions of chained 2017 dollars,6,190067.5
SQGDP9-1,40000,Oklahoma,2014Q4,Millions of chained 2017 dollars,6,193504.2
SQGDP9-1,40000,Oklahoma,2015Q1,Millions of chained 2017 dollars,6,193439.6
SQGDP9-1,40000,Oklahoma,2015Q2,Millions of chained 2017 dollars,6,191033.4
SQGDP9-1,40000,Oklahoma,2015Q3,Millions of chained 2017 dollars,6,195019.4
SQGDP9-1,40000,Oklahoma,2015Q4,Millions of chained 2017 dollars,6,195677.9
SQGDP9-1,40000,Oklahoma,2016Q1,Millions of chained 2017 dollars,6,191817.7
SQGDP9-1,40000,Oklahoma,2016Q2,Millions of chained 2017 dollars,6,190227.3
SQGDP9-1,40000,Oklahoma,2016Q3,Millions of chained 2017 dollars,6,189346.5
SQGDP9-1,40000,Oklahoma,2016Q4,Millions of chained 2017 dollars,6,188982.4
SQGDP9-1,40000,Oklahoma,2017Q1,Millions of chained 2017 dollars,6,189961.2
SQGDP9-1,40000,Oklahoma,2017Q2,Millions of chained 2017 dollars,6,192902.8
SQGDP9-1,40000,Oklahoma,2017Q3,Millions of chained 2017 dollars,6,193416.7
SQGDP9-1,40000,Oklahoma,2017Q4,Millions of chained 2017 dollars,6,193873.8
SQGDP9-1,40000,Oklahoma,2018Q1,Millions of chained 2017 dollars,6,194199.1
SQGDP9-1,40000,Oklahoma,2018Q2,Millions of chained 2017 dollars,6,195426.3
SQGDP9-1,40000,Oklahoma,2018Q3,Millions of chained 2017 dollars,6,196292.5
SQGDP9-1,40000,Oklahoma,2018Q4,Millions of chained 2017 dollars,6,198204.1
SQGDP9-1,40000,Oklahoma,2019Q1,Millions of chained 2017 dollars,6,198280.5
SQGDP9-1,40000,Oklahoma,2019Q2,Millions of chained 2017 dollars,6,198784.5
SQGDP9-1,40000,Oklahoma,2019Q3,Millions of chained 2017 dollars,6,202174.2
SQGDP9-1,40000,Oklahoma,2019Q4,Millions of chained 2017 dollars,6,201049.6
SQGDP9-1,40000,Oklahoma,2020Q1,Millions of chained 2017 dollars,6,196962.2
SQGDP9-1,40000,Oklahoma,2020Q2,Millions of chained 2017 dollars,6,182691.5
SQGDP9-1,40000,Oklahoma,2020Q3,Millions of chained 2017 dollars,6,193396.6
SQGDP9-1,40000,Oklahoma,2020Q4,Millions of chained 2017 dollars,6,192457.6
SQGDP9-1,40000,Oklahoma,2021Q1,Millions of chained 2017 dollars,6,193508.3
SQGDP9-1,40000,Oklahoma,2021Q2,Millions of chained 2017 dollars,6,195785.9
SQGDP9-1,40000,Oklahoma,2021Q3,Millions of chained 2017 dollars,6,194315.4
SQGDP9-1,40000,Oklahoma,2021Q4,Millions of chained 2017 dollars,6,196355.3
SQGDP9-1,40000,Oklahoma,2022Q1,Millions of chained 2017 dollars,6,191919.8
SQGDP9-1,40000,Oklahoma,2022Q2,Millions of chained 2017 dollars,6,191031.7
SQGDP9-1,40000,Oklahoma,2022Q3,Millions of chained 2017 dollars,6,194581.5
SQGDP9-1,40000,Oklahoma,2022Q4,Millions of chained 2017 dollars,6,199150.4
SQGDP9-1,40000,Oklahoma,2023Q1,Millions of chained 2017 dollars,6,203132.8
SQGDP9-1,40000,Oklahoma,2023Q2,Millions of chained 2017 dollars,6,206179.8
SQGDP9-1,40000,Oklahoma,2023Q3,Millions of chained 2017 dollars,6,208655.1
SQGDP9-1,40000,Oklahoma,2023Q4,Millions of chained 2017 dollars,6,210323.0
SQGDP9-1,40000,Oklahoma,2024Q1,Millions of chained 2017 dollars,6,208503.9
SQGDP9-1,40000,Oklahoma,2024Q2,Millions of chained 2017 dollars,6,209616.3
SQGDP9-1,40000,Oklahoma,2024Q3,Millions of chained 2017 dollars,6,211428.5
SQGDP9-1,40000,Oklahoma,2024Q4,Millions of chained 2017 dollars,6,211714.9
SQGDP9-1,40000,Oklahoma,2025Q1,Millions of chained 2017 dollars,6,210741.9
SQGDP9-1,40000,Oklahoma,2025Q2,Millions of chained 2017 dollars,6,212629.3
SQGDP9-1,40000,Oklahoma,2025Q3,Millions of chained 2017 dollars,6,215012.5
SQGDP9-1,40000,Oklahoma,2025Q4,Millions of chained 2017 dollars,6,215575.5
SQGDP9-1,40000,Oklahoma,2026Q1,Millions of chained 2017 dollars,6,216196.5
SQGDP9-1,41000,Oregon,2005Q1,Millions of chained 2017 dollars,6,166901.0
SQGDP9-1,41000,Oregon,2005Q2,Millions of chained 2017 dollars,6,166876.3
SQGDP9-1,41000,Oregon,2005Q3,Millions of chained 2017 dollars,6,169502.7
SQGDP9-1,41000,Oregon,2005Q4,Millions of chained 2017 dollars,6,171657.8
SQGDP9-1,41000,Oregon,2006Q1,Millions of chained 2017 dollars,6,176491.5
SQGDP9-1,41000,Oregon,2006Q2,Millions of chained 2017 dollars,6,175793.9
SQGDP9-1,41000,Oregon,2006Q3,Millions of chained 2017 dollars,6,177594.4
SQGDP9-1,41000,Oregon,2006Q4,Millions of chained 2017 dollars,6,179009.9
SQGDP9-1,41000,Oregon,2007Q1,Millions of chained 2017 dollars,6,176261.3
SQGDP9-1,41000,Oregon,2007Q2,Millions of chained 2017 dollars,6,179196.4
SQGDP9-1,41000,Oregon,2007Q3,Millions of chained 2017 dollars,6,182146.4
SQGDP9-1,41000,Oregon,2007Q4,Millions of chained 2017 dollars,6,185293.1
SQGDP9-1,41000,Oregon,2008Q1,Millions of chained 2017 dollars,6,185597.6
SQGDP9-1,41000,Oregon,2008Q2,Millions of chained 2017 dollars,6,186645.5
SQGDP9-1,41000,Oregon,2008Q3,Millions of chained 2017 dollars,6,186308.5
SQGDP9-1,41000,Oregon,2008Q4,Millions of chained 2017 dollars,6,180818.8
SQGDP9-1,41000,Oregon,2009Q1,Millions of chained 2017 dollars,6,178625.2
SQGDP9-1,41000,Oregon,2009Q2,Millions of chained 2017 dollars,6,176183.3
SQGDP9-1,41000,Oregon,2009Q3,Millions of chained 2017 dollars,6,176400.9
SQGDP9-1,41000,Oregon,2009Q4,Millions of chained 2017 dollars,6,176597.1
SQGDP9-1,41000,Oregon,2010Q1,Millions of chained 2017 dollars,6,180176.5
SQGDP9-1,41000,Oregon,2010Q2,Millions of chained 2017 dollars,6,179431.1
SQGDP9-1,41000,Oregon,2010Q3,Millions of chained 2017 dollars,6,181693.4
SQGDP9-1,41000,Oregon,2010Q4,Millions of chained 2017 dollars,6,181651.7
SQGDP9-1,41000,Oregon,2011Q1,Millions of chained 2017 dollars,6,185614.2
SQGDP9-1,41000,Oregon,2011Q2,Millions of chained 2017 dollars,6,186000.1
SQGDP9-1,41000,Oregon,2011Q3,Millions of chained 2017 dollars,6,184578.4
SQGDP9-1,41000,Oregon,2011Q4,Millions of chained 2017 dollars,6,187644.8
SQGDP9-1,41000,Oregon,2012Q1,Millions of chained 2017 dollars,6,188573.8
SQGDP9-1,41000,Oregon,2012Q2,Millions of chained 2017 dollars,6,188349.1
SQGDP9-1,41000,Oregon,2012Q3,Millions of chained 2017 dollars,6,187893.0
SQGDP9-1,41000,Oregon,2012Q4,Millions of chained 2017 dollars,6,184593.7
SQGDP9-1,41000,Oregon,2013Q1,Millions of chained 2017 dollars,6,187777.0
SQGDP9-1,41000,Oregon,2013Q2,Millions of chained 2017 dollars,6,188417.6
SQGDP9-1,41000,Oregon,2013Q3,Millions of chained 2017 dollars,6,190079.2
SQGDP9-1,41000,Oregon,2013Q4,Millions of chained 2017 dollars,6,192165.2
SQGDP9-1,41000,Oregon,2014Q1,Millions of chained 2017 dollars,6,192074.4
SQGDP9-1,41000,Oregon,2014Q2,Millions of chained 2017 dollars,6,194912.8
SQGDP9-1,41000,Oregon,2014Q3,Millions of chained 2017 dollars,6,197795.2
SQGDP9-1,41000,Oregon,2014Q4,Millions of chained 2017 dollars,6,198450.5
SQGDP9-1,41000,Oregon,2015Q1,Millions of chained 2017 dollars,6,203308.8
SQGDP9-1,41000,Oregon,2015Q2,Millions of chained 2017 dollars,6,204106.3
SQGDP9-1,41000,Oregon,2015Q3,Millions of chained 2017 dollars,6,207391.6
SQGDP9-1,41000,Oregon,2015Q4,Millions of chained 2017 dollars,6,207520.5
SQGDP9-1,41000,Oregon,2016Q1,Millions of chained 2017 dollars,6,212920.3
SQGDP9-1,41000,Oregon,2016Q2,Millions of chained 2017 dollars,6,213553.9
SQGDP9-1,41000,Oregon,2016Q3,Millions of chained 2017 dollars,6,214751.7
SQGDP9-1,41000,Oregon,2016Q4,Millions of chained 2017 dollars,6,217851.4
SQGDP9-1,41000,Oregon,2017Q1,Millions of chained 2017 dollars,6,221303.1
SQGDP9-1,41000,Oregon,2017Q2,Millions of chained 2017 dollars,6,224967.0
SQGDP9-1,41000,Oregon,2017Q3,Millions of chained 2017 dollars,6,226617.1
SQGDP9-1,41000,Oregon,2017Q4,Millions of chained 2017 dollars,6,229251.0
SQGDP9-1,41000,Oregon,2018Q1,Millions of chained 2017 dollars,6,232755.6
SQGDP9-1,41000,Oregon,2018Q2,Millions of chained 2017 dollars,6,233321.4
SQGDP9-1,41000,Oregon,2018Q3,Millions of chained 2017 dollars,6,235022.5
SQGDP9-1,41000,Oregon,2018Q4,Millions of chained 2017 dollars,6,236133.9
SQGDP9-1,41000,Oregon,2019Q1,Millions of chained 2017 dollars,6,236984.4
SQGDP9-1,41000,Oregon,2019Q2,Millions of chained 2017 dollars,6,237776.0
SQGDP9-1,41000,Oregon,2019Q3,Millions of chained 2017 dollars,6,240584.7
SQGDP9-1,41000,Oregon,2019Q4,Millions of chained 2017 dollars,6,243834.2
SQGDP9-1,41000,Oregon,2020Q1,Millions of chained 2017 dollars,6,242088.1
SQGDP9-1,41000,Oregon,2020Q2,Millions of chained 2017 dollars,6,223870.6
SQGDP9-1,41000,Oregon,2020Q3,Millions of chained 2017 dollars,6,238847.5
SQGDP9-1,41000,Oregon,2020Q4,Millions of chained 2017 dollars,6,241799.6
SQGDP9-1,41000,Oregon,2021Q1,Millions of chained 2017 dollars,6,248071.5
SQGDP9-1,41000,Oregon,2021Q2,Millions of chained 2017 dollars,6,250370.3
SQGDP9-1,41000,Oregon,2021Q3,Millions of chained 2017 dollars,6,249641.6
SQGDP9-1,41000,Oregon,2021Q4,Millions of chained 2017 dollars,6,255596.1
SQGDP9-1,41000,Oregon,2022Q1,Millions of chained 2017 dollars,6,255270.5
SQGDP9-1,41000,Oregon,2022Q2,Millions of chained 2017 dollars,6,253389.9
SQGDP9-1,41000,Oregon,2022Q3,Millions of chained 2017 dollars,6,253712.8
SQGDP9-1,41000,Oregon,2022Q4,Millions of chained 2017 dollars,6,254576.8
SQGDP9-1,41000,Oregon,2023Q1,Millions of chained 2017 dollars,6,257524.4
SQGDP9-1,41000,Oregon,2023Q2,Millions of chained 2017 dollars,6,255951.4
SQGDP9-1,41000,Oregon,2023Q3,Millions of chained 2017 dollars,6,259763.6
SQGDP9-1,41000,Oregon,2023Q4,Millions of chained 2017 dollars,6,258854.1
SQGDP9-1,41000,Oregon,2024Q1,Millions of chained 2017 dollars,6,258976.6
SQGDP9-1,41000,Oregon,2024Q2,Millions of chained 2017 dollars,6,262705.4
SQGDP9-1,41000,Oregon,2024Q3,Millions of chained 2017 dollars,6,265000.5
SQGDP9-1,41000,Oregon,2024Q4,Millions of chained 2017 dollars,6,266708.2
SQGDP9-1,41000,Oregon,2025Q1,Millions of chained 2017 dollars,6,262852.9
SQGDP9-1,41000,Oregon,2025Q2,Millions of chained 2017 dollars,6,264852.7
SQGDP9-1,41000,Oregon,2025Q3,Millions of chained 2017 dollars,6,267912.1
SQGDP9-1,41000,Oregon,2025Q4,Millions of chained 2017 dollars,6,268355.1
SQGDP9-1,41000,Oregon,2026Q1,Millions of chained 2017 dollars,6,269058.6
SQGDP9-1,42000,Pennsylvania,2005Q1,Millions of chained 2017 dollars,6,620327.8
SQGDP9-1,42000,Pennsylvania,2005Q2,Millions of chained 2017 dollars,6,624301.4
SQGDP9-1,42000,Pennsylvania,2005Q3,Millions of chained 2017 dollars,6,629653.9
SQGDP9-1,42000,Pennsylvania,2005Q4,Millions of chained 2017 dollars,6,630877.6
SQGDP9-1,42000,Pennsylvania,2006Q1,Millions of chained 2017 dollars,6,621047.7
SQGDP9-1,42000,Pennsylvania,2006Q2,Millions of chained 2017 dollars,6,624685.1
SQGDP9-1,42000,Pennsylvania,2006Q3,Millions of chained 2017 dollars,6,628496.9
SQGDP9-1,42000,Pennsylvania,2006Q4,Millions of chained 2017 dollars,6,632130.0
SQGDP9-1,42000,Pennsylvania,2007Q1,Millions of chained 2017 dollars,6,641564.8
SQGDP9-1,42000,Pennsylvania,2007Q2,Millions of chained 2017 dollars,6,643633.0
SQGDP9-1,42000,Pennsylvania,2007Q3,Millions of chained 2017 dollars,6,651351.8
SQGDP9-1,42000,Pennsylvania,2007Q4,Millions of chained 2017 dollars,6,662002.5
SQGDP9-1,42000,Pennsylvania,2008Q1,Millions of chained 2017 dollars,6,660225.1
SQGDP9-1,42000,Pennsylvania,2008Q2,Millions of chained 2017 dollars,6,675129.3
SQGDP9-1,42000,Pennsylvania,2008Q3,Millions of chained 2017 dollars,6,670147.9
SQGDP9-1,42000,Pennsylvania,2008Q4,Millions of chained 2017 dollars,6,655091.0
SQGDP9-1,42000,Pennsylvania,2009Q1,Millions of chained 2017 dollars,6,645566.6
SQGDP9-1,42000,Pennsylvania,2009Q2,Millions of chained 2017 dollars,6,640964.4
SQGDP9-1,42000,Pennsylvania,2009Q3,Millions of chained 2017 dollars,6,639894.9
SQGDP9-1,42000,Pennsylvania,2009Q4,Millions of chained 2017 dollars,6,654401.0
SQGDP9-1,42000,Pennsylvania,2010Q1,Millions of chained 2017 dollars,6,655101.2
SQGDP9-1,42000,Pennsylvania,2010Q2,Millions of chained 2017 dollars,6,663830.6
SQGDP9-1,42000,Pennsylvania,2010Q3,Millions of chained 2017 dollars,6,672692.6
SQGDP9-1,42000,Pennsylvania,2010Q4,Millions of chained 2017 dollars,6,675598.9
SQGDP9-1,42000,Pennsylvania,2011Q1,Millions of chained 2017 dollars,6,667135.7
SQGDP9-1,42000,Pennsylvania,2011Q2,Millions of chained 2017 dollars,6,675069.3
SQGDP9-1,42000,Pennsylvania,2011Q3,Millions of chained 2017 dollars,6,678405.7
SQGDP9-1,42000,Pennsylvania,2011Q4,Millions of chained 2017 dollars,6,685262.7
SQGDP9-1,42000,Pennsylvania,2012Q1,Millions of chained 2017 dollars,6,686853.8
SQGDP9-1,42000,Pennsylvania,2012Q2,Millions of chained 2017 dollars,6,690148.3
SQGDP9-1,42000,Pennsylvania,2012Q3,Millions of chained 2017 dollars,6,691893.3
SQGDP9-1,42000,Pennsylvania,2012Q4,Millions of chained 2017 dollars,6,687132.6
SQGDP9-1,42000,Pennsylvania,2013Q1,Millions of chained 2017 dollars,6,697434.1
SQGDP9-1,42000,Pennsylvania,2013Q2,Millions of chained 2017 dollars,6,703060.8
SQGDP9-1,42000,Pennsylvania,2013Q3,Millions of chained 2017 dollars,6,705730.5
SQGDP9-1,42000,Pennsylvania,2013Q4,Millions of chained 2017 dollars,6,710554.7
SQGDP9-1,42000,Pennsylvania,2014Q1,Millions of chained 2017 dollars,6,708065.8
SQGDP9-1,42000,Pennsylvania,2014Q2,Millions of chained 2017 dollars,6,716073.8
SQGDP9-1,42000,Pennsylvania,2014Q3,Millions of chained 2017 dollars,6,723666.6
SQGDP9-1,42000,Pennsylvania,2014Q4,Millions of chained 2017 dollars,6,726960.1
SQGDP9-1,42000,Pennsylvania,2015Q1,Millions of chained 2017 dollars,6,730994.4
SQGDP9-1,42000,Pennsylvania,2015Q2,Millions of chained 2017 dollars,6,733774.2
SQGDP9-1,42000,Pennsylvania,2015Q3,Millions of chained 2017 dollars,6,734544.4
SQGDP9-1,42000,Pennsylvania,2015Q4,Millions of chained 2017 dollars,6,737267.3
SQGDP9-1,42000,Pennsylvania,2016Q1,Millions of chained 2017 dollars,6,740175.2
SQGDP9-1,42000,Pennsylvania,2016Q2,Millions of chained 2017 dollars,6,741573.0
SQGDP9-1,42000,Pennsylvania,2016Q3,Millions of chained 2017 dollars,6,748357.2
SQGDP9-1,42000,Pennsylvania,2016Q4,Millions of chained 2017 dollars,6,749283.1
SQGDP9-1,42000,Pennsylvania,2017Q1,Millions of chained 2017 dollars,6,747054.0
SQGDP9-1,42000,Pennsylvania,2017Q2,Millions of chained 2017 dollars,6,750489.9
SQGDP9-1,42000,Pennsylvania,2017Q3,Millions of chained 2017 dollars,6,758542.3
SQGDP9-1,42000,Pennsylvania,2017Q4,Millions of chained 2017 dollars,6,761186.0
SQGDP9-1,42000,Pennsylvania,2018Q1,Millions of chained 2017 dollars,6,761154.9
SQGDP9-1,42000,Pennsylvania,2018Q2,Millions of chained 2017 dollars,6,762273.0
SQGDP9-1,42000,Pennsylvania,2018Q3,Millions of chained 2017 dollars,6,766164.3
SQGDP9-1,42000,Pennsylvania,2018Q4,Millions of chained 2017 dollars,6,765829.2
SQGDP9-1,42000,Pennsylvania,2019Q1,Millions of chained 2017 dollars,6,764379.1
SQGDP9-1,42000,Pennsylvania,2019Q2,Millions of chained 2017 dollars,6,769307.7
SQGDP9-1,42000,Pennsylvania,2019Q3,Millions of chained 2017 dollars,6,775429.1
SQGDP9-1,42000,Pennsylvania,2019Q4,Millions of chained 2017 dollars,6,778294.0
SQGDP9-1,42000,Pennsylvania,2020Q1,Millions of chained 2017 dollars,6,761831.4
SQGDP9-1,42000,Pennsylvania,2020Q2,Millions of chained 2017 dollars,6,687442.4
SQGDP9-1,42000,Pennsylvania,2020Q3,Millions of chained 2017 dollars,6,747711.2
SQGDP9-1,42000,Pennsylvania,2020Q4,Millions of chained 2017 dollars,6,755719.4
SQGDP9-1,42000,Pennsylvania,2021Q1,Millions of chained 2017 dollars,6,753905.9
SQGDP9-1,42000,Pennsylvania,2021Q2,Millions of chained 2017 dollars,6,763416.3
SQGDP9-1,42000,Pennsylvania,2021Q3,Millions of chained 2017 dollars,6,766967.5
SQGDP9-1,42000,Pennsylvania,2021Q4,Millions of chained 2017 dollars,6,780270.2
SQGDP9-1,42000,Pennsylvania,2022Q1,Millions of chained 2017 dollars,6,768071.8
SQGDP9-1,42000,Pennsylvania,2022Q2,Millions of chained 2017 dollars,6,771807.4
SQGDP9-1,42000,Pennsylvania,2022Q3,Millions of chained 2017 dollars,6,780195.8
SQGDP9-1,42000,Pennsylvania,2022Q4,Millions of chained 2017 dollars,6,787224.0
SQGDP9-1,42000,Pennsylvania,2023Q1,Millions of chained 2017 dollars,6,777975.8
SQGDP9-1,42000,Pennsylvania,2023Q2,Millions of chained 2017 dollars,6,784428.7
SQGDP9-1,42000,Pennsylvania,2023Q3,Millions of chained 2017 dollars,6,795548.9
SQGDP9-1,42000,Pennsylvania,2023Q4,Millions of chained 2017 dollars,6,801720.7
SQGDP9-1,42000,Pennsylvania,2024Q1,Millions of chained 2017 dollars,6,795496.5
SQGDP9-1,42000,Pennsylvania,2024Q2,Millions of chained 2017 dollars,6,801299.5
SQGDP9-1,42000,Pennsylvania,2024Q3,Millions of chained 2017 dollars,6,807092.9
SQGDP9-1,42000,Pennsylvania,2024Q4,Millions of chained 2017 dollars,6,809041.3
SQGDP9-1,42000,Pennsylvania,2025Q1,Millions of chained 2017 dollars,6,806786.5
SQGDP9-1,42000,Pennsylvania,2025Q2,Millions of chained 2017 dollars,6,814840.0
SQGDP9-1,42000,Pennsylvania,2025Q3,Millions of chained 2017 dollars,6,825997.1
SQGDP9-1,42000,Pennsylvania,2025Q4,Millions of chained 2017 dollars,6,827526.3
SQGDP9-1,42000,Pennsylvania,2026Q1,Millions of chained 2017 dollars,6,830939.6
SQGDP9-1,44000,Rhode Island,2005Q1,Millions of chained 2017 dollars,6,54998.2
SQGDP9-1,44000,Rhode Island,2005Q2,Millions of chained 2017 dollars,6,55836.4
SQGDP9-1,44000,Rhode Island,2005Q3,Millions of chained 2017 dollars,6,55942.5
SQGDP9-1,44000,Rhode Island,2005Q4,Millions of chained 2017 dollars,6,56766.6
SQGDP9-1,44000,Rhode Island,2006Q1,Millions of chained 2017 dollars,6,56165.1
SQGDP9-1,44000,Rhode Island,2006Q2,Millions of chained 2017 dollars,6,57617.3
SQGDP9-1,44000,Rhode Island,2006Q3,Millions of chained 2017 dollars,6,58319.3
SQGDP9-1,44000,Rhode Island,2006Q4,Millions of chained 2017 dollars,6,57561.6
SQGDP9-1,44000,Rhode Island,2007Q1,Millions of chained 2017 dollars,6,57111.6
SQGDP9-1,44000,Rhode Island,2007Q2,Millions of chained 2017 dollars,6,56292.5
SQGDP9-1,44000,Rhode Island,2007Q3,Millions of chained 2017 dollars,6,56076.4
SQGDP9-1,44000,Rhode Island,2007Q4,Millions of chained 2017 dollars,6,55441.8
SQGDP9-1,44000,Rhode Island,2008Q1,Millions of chained 2017 dollars,6,55482.9
SQGDP9-1,44000,Rhode Island,2008Q2,Millions of chained 2017 dollars,6,55244.8
SQGDP9-1,44000,Rhode Island,2008Q3,Millions of chained 2017 dollars,6,54724.8
SQGDP9-1,44000,Rhode Island,2008Q4,Millions of chained 2017 dollars,6,54455.7
SQGDP9-1,44000,Rhode Island,2009Q1,Millions of chained 2017 dollars,6,53520.5
SQGDP9-1,44000,Rhode Island,2009Q2,Millions of chained 2017 dollars,6,54210.8
SQGDP9-1,44000,Rhode Island,2009Q3,Millions of chained 2017 dollars,6,54818.1
SQGDP9-1,44000,Rhode Island,2009Q4,Millions of chained 2017 dollars,6,55376.4
SQGDP9-1,44000,Rhode Island,2010Q1,Millions of chained 2017 dollars,6,55323.8
SQGDP9-1,44000,Rhode Island,2010Q2,Millions of chained 2017 dollars,6,56005.9
SQGDP9-1,44000,Rhode Island,2010Q3,Millions of chained 2017 dollars,6,56484.4
SQGDP9-1,44000,Rhode Island,2010Q4,Millions of chained 2017 dollars,6,56388.2
SQGDP9-1,44000,Rhode Island,2011Q1,Millions of chained 2017 dollars,6,55032.7
SQGDP9-1,44000,Rhode Island,2011Q2,Millions of chained 2017 dollars,6,56512.1
SQGDP9-1,44000,Rhode Island,2011Q3,Millions of chained 2017 dollars,6,56206.3
SQGDP9-1,44000,Rhode Island,2011Q4,Millions of chained 2017 dollars,6,56355.1
SQGDP9-1,44000,Rhode Island,2012Q1,Millions of chained 2017 dollars,6,56529.9
SQGDP9-1,44000,Rhode Island,2012Q2,Millions of chained 2017 dollars,6,56665.2
SQGDP9-1,44000,Rhode Island,2012Q3,Millions of chained 2017 dollars,6,56640.5
SQGDP9-1,44000,Rhode Island,2012Q4,Millions of chained 2017 dollars,6,56113.8
SQGDP9-1,44000,Rhode Island,2013Q1,Millions of chained 2017 dollars,6,57096.4
SQGDP9-1,44000,Rhode Island,2013Q2,Millions of chained 2017 dollars,6,56676.4
SQGDP9-1,44000,Rhode Island,2013Q3,Millions of chained 2017 dollars,6,57187.9
SQGDP9-1,44000,Rhode Island,2013Q4,Millions of chained 2017 dollars,6,57188.1
SQGDP9-1,44000,Rhode Island,2014Q1,Millions of chained 2017 dollars,6,57126.7
SQGDP9-1,44000,Rhode Island,2014Q2,Millions of chained 2017 dollars,6,57340.2
SQGDP9-1,44000,Rhode Island,2014Q3,Millions of chained 2017 dollars,6,57701.0
SQGDP9-1,44000,Rhode Island,2014Q4,Millions of chained 2017 dollars,6,58242.7
SQGDP9-1,44000,Rhode Island,2015Q1,Millions of chained 2017 dollars,6,58087.5
SQGDP9-1,44000,Rhode Island,2015Q2,Millions of chained 2017 dollars,6,58459.9
SQGDP9-1,44000,Rhode Island,2015Q3,Millions of chained 2017 dollars,6,58282.1
SQGDP9-1,44000,Rhode Island,2015Q4,Millions of chained 2017 dollars,6,58722.3
SQGDP9-1,44000,Rhode Island,2016Q1,Millions of chained 2017 dollars,6,57867.1
SQGDP9-1,44000,Rhode Island,2016Q2,Millions of chained 2017 dollars,6,58389.0
SQGDP9-1,44000,Rhode Island,2016Q3,Millions of chained 2017 dollars,6,59304.1
SQGDP9-1,44000,Rhode Island,2016Q4,Millions of chained 2017 dollars,6,58959.7
SQGDP9-1,44000,Rhode Island,2017Q1,Millions of chained 2017 dollars,6,58237.1
SQGDP9-1,44000,Rhode Island,2017Q2,Millions of chained 2017 dollars,6,58530.8
SQGDP9-1,44000,Rhode Island,2017Q3,Millions of chained 2017 dollars,6,59384.8
SQGDP9-1,44000,Rhode Island,2017Q4,Millions of chained 2017 dollars,6,58933.6
SQGDP9-1,44000,Rhode Island,2018Q1,Millions of chained 2017 dollars,6,58665.1
SQGDP9-1,44000,Rhode Island,2018Q2,Millions of chained 2017 dollars,6,58674.1
SQGDP9-1,44000,Rhode Island,2018Q3,Millions of chained 2017 dollars,6,58524.2
SQGDP9-1,44000,Rhode Island,2018Q4,Millions of chained 2017 dollars,6,59097.2
SQGDP9-1,44000,Rhode Island,2019Q1,Millions of chained 2017 dollars,6,59828.0
SQGDP9-1,44000,Rhode Island,2019Q2,Millions of chained 2017 dollars,6,59971.4
SQGDP9-1,44000,Rhode Island,2019Q3,Millions of chained 2017 dollars,6,60092.5
SQGDP9-1,44000,Rhode Island,2019Q4,Millions of chained 2017 dollars,6,60738.5
SQGDP9-1,44000,Rhode Island,2020Q1,Millions of chained 2017 dollars,6,59908.4
SQGDP9-1,44000,Rhode Island,2020Q2,Millions of chained 2017 dollars,6,54118.7
SQGDP9-1,44000,Rhode Island,2020Q3,Millions of chained 2017 dollars,6,58876.9
SQGDP9-1,44000,Rhode Island,2020Q4,Millions of chained 2017 dollars,6,59625.2
SQGDP9-1,44000,Rhode Island,2021Q1,Millions of chained 2017 dollars,6,59023.8
SQGDP9-1,44000,Rhode Island,2021Q2,Millions of chained 2017 dollars,6,61072.5
SQGDP9-1,44000,Rhode Island,2021Q3,Millions of chained 2017 dollars,6,60588.0
SQGDP9-1,44000,Rhode Island,2021Q4,Millions of chained 2017 dollars,6,61955.7
SQGDP9-1,44000,Rhode Island,2022Q1,Millions of chained 2017 dollars,6,60825.5
SQGDP9-1,44000,Rhode Island,2022Q2,Millions of chained 2017 dollars,6,62269.1
SQGDP9-1,44000,Rhode Island,2022Q3,Millions of chained 2017 dollars,6,61667.5
SQGDP9-1,44000,Rhode Island,2022Q4,Millions of chained 2017 dollars,6,61307.1
SQGDP9-1,44000,Rhode Island,2023Q1,Millions of chained 2017 dollars,6,61460.5
SQGDP9-1,44000,Rhode Island,2023Q2,Millions of chained 2017 dollars,6,61499.9
SQGDP9-1,44000,Rhode Island,2023Q3,Millions of chained 2017 dollars,6,62797.4
SQGDP9-1,44000,Rhode Island,2023Q4,Millions of chained 2017 dollars,6,62719.3
SQGDP9-1,44000,Rhode Island,2024Q1,Millions of chained 2017 dollars,6,63147.0
SQGDP9-1,44000,Rhode Island,2024Q2,Millions of chained 2017 dollars,6,63149.0
SQGDP9-1,44000,Rhode Island,2024Q3,Millions of chained 2017 dollars,6,63700.3
SQGDP9-1,44000,Rhode Island,2024Q4,Millions of chained 2017 dollars,6,63840.1
SQGDP9-1,44000,Rhode Island,2025Q1,Millions of chained 2017 dollars,6,63789.3
SQGDP9-1,44000,Rhode Island,2025Q2,Millions of chained 2017 dollars,6,63870.2
SQGDP9-1,44000,Rhode Island,2025Q3,Millions of chained 2017 dollars,6,64561.3
SQGDP9-1,44000,Rhode Island,2025Q4,Millions of chained 2017 dollars,6,64499.5
SQGDP9-1,44000,Rhode Island,2026Q1,Millions of chained 2017 dollars,6,64738.0
SQGDP9-1,45000,South Carolina,2005Q1,Millions of chained 2017 dollars,6,182154.6
SQGDP9-1,45000,South Carolina,2005Q2,Millions of chained 2017 dollars,6,182863.4
SQGDP9-1,45000,South Carolina,2005Q3,Millions of chained 2017 dollars,6,183567.3
SQGDP9-1,45000,South Carolina,2005Q4,Millions of chained 2017 dollars,6,184484.8
SQGDP9-1,45000,South Carolina,2006Q1,Millions of chained 2017 dollars,6,186895.2
SQGDP9-1,45000,South Carolina,2006Q2,Millions of chained 2017 dollars,6,186943.6
SQGDP9-1,45000,South Carolina,2006Q3,Millions of chained 2017 dollars,6,186931.5
SQGDP9-1,45000,South Carolina,2006Q4,Millions of chained 2017 dollars,6,188774.0
SQGDP9-1,45000,South Carolina,2007Q1,Millions of chained 2017 dollars,6,189328.6
SQGDP9-1,45000,South Carolina,2007Q2,Millions of chained 2017 dollars,6,192613.2
SQGDP9-1,45000,South Carolina,2007Q3,Millions of chained 2017 dollars,6,195091.5
SQGDP9-1,45000,South Carolina,2007Q4,Millions of chained 2017 dollars,6,196512.9
SQGDP9-1,45000,South Carolina,2008Q1,Millions of chained 2017 dollars,6,194226.9
SQGDP9-1,45000,South Carolina,2008Q2,Millions of chained 2017 dollars,6,195497.7
SQGDP9-1,45000,South Carolina,2008Q3,Millions of chained 2017 dollars,6,193387.0
SQGDP9-1,45000,South Carolina,2008Q4,Millions of chained 2017 dollars,6,186876.9
SQGDP9-1,45000,South Carolina,2009Q1,Millions of chained 2017 dollars,6,183955.8
SQGDP9-1,45000,South Carolina,2009Q2,Millions of chained 2017 dollars,6,182724.2
SQGDP9-1,45000,South Carolina,2009Q3,Millions of chained 2017 dollars,6,183470.7
SQGDP9-1,45000,South Carolina,2009Q4,Millions of chained 2017 dollars,6,186174.6
SQGDP9-1,45000,South Carolina,2010Q1,Millions of chained 2017 dollars,6,186587.1
SQGDP9-1,45000,South Carolina,2010Q2,Millions of chained 2017 dollars,6,188397.9
SQGDP9-1,45000,South Carolina,2010Q3,Millions of chained 2017 dollars,6,189632.0
SQGDP9-1,45000,South Carolina,2010Q4,Millions of chained 2017 dollars,6,190491.6
SQGDP9-1,45000,South Carolina,2011Q1,Millions of chained 2017 dollars,6,191615.4
SQGDP9-1,45000,South Carolina,2011Q2,Millions of chained 2017 dollars,6,194086.3
SQGDP9-1,45000,South Carolina,2011Q3,Millions of chained 2017 dollars,6,192985.4
SQGDP9-1,45000,South Carolina,2011Q4,Millions of chained 2017 dollars,6,194196.9
SQGDP9-1,45000,South Carolina,2012Q1,Millions of chained 2017 dollars,6,196512.5
SQGDP9-1,45000,South Carolina,2012Q2,Millions of chained 2017 dollars,6,195541.5
SQGDP9-1,45000,South Carolina,2012Q3,Millions of chained 2017 dollars,6,195464.3
SQGDP9-1,45000,South Carolina,2012Q4,Millions of chained 2017 dollars,6,194106.2
SQGDP9-1,45000,South Carolina,2013Q1,Millions of chained 2017 dollars,6,198865.3
SQGDP9-1,45000,South Carolina,2013Q2,Millions of chained 2017 dollars,6,197977.4
SQGDP9-1,45000,South Carolina,2013Q3,Millions of chained 2017 dollars,6,201349.4
SQGDP9-1,45000,South Carolina,2013Q4,Millions of chained 2017 dollars,6,202397.0
SQGDP9-1,45000,South Carolina,2014Q1,Millions of chained 2017 dollars,6,202799.1
SQGDP9-1,45000,South Carolina,2014Q2,Millions of chained 2017 dollars,6,206620.7
SQGDP9-1,45000,South Carolina,2014Q3,Millions of chained 2017 dollars,6,207572.1
SQGDP9-1,45000,South Carolina,2014Q4,Millions of chained 2017 dollars,6,207319.6
SQGDP9-1,45000,South Carolina,2015Q1,Millions of chained 2017 dollars,6,210070.2
SQGDP9-1,45000,South Carolina,2015Q2,Millions of chained 2017 dollars,6,211702.1
SQGDP9-1,45000,South Carolina,2015Q3,Millions of chained 2017 dollars,6,214914.9
SQGDP9-1,45000,South Carolina,2015Q4,Millions of chained 2017 dollars,6,216162.3
SQGDP9-1,45000,South Carolina,2016Q1,Millions of chained 2017 dollars,6,218060.3
SQGDP9-1,45000,South Carolina,2016Q2,Millions of chained 2017 dollars,6,220089.2
SQGDP9-1,45000,South Carolina,2016Q3,Millions of chained 2017 dollars,6,221256.3
SQGDP9-1,45000,South Carolina,2016Q4,Millions of chained 2017 dollars,6,222831.6
SQGDP9-1,45000,South Carolina,2017Q1,Millions of chained 2017 dollars,6,223978.3
SQGDP9-1,45000,South Carolina,2017Q2,Millions of chained 2017 dollars,6,224287.1
SQGDP9-1,45000,South Carolina,2017Q3,Millions of chained 2017 dollars,6,224649.4
SQGDP9-1,45000,South Carolina,2017Q4,Millions of chained 2017 dollars,6,226835.6
SQGDP9-1,45000,South Carolina,2018Q1,Millions of chained 2017 dollars,6,229019.7
SQGDP9-1,45000,South Carolina,2018Q2,Millions of chained 2017 dollars,6,231083.1
SQGDP9-1,45000,South Carolina,2018Q3,Millions of chained 2017 dollars,6,232247.2
SQGDP9-1,45000,South Carolina,2018Q4,Millions of chained 2017 dollars,6,234303.1
SQGDP9-1,45000,South Carolina,2019Q1,Millions of chained 2017 dollars,6,235855.1
SQGDP9-1,45000,South Carolina,2019Q2,Millions of chained 2017 dollars,6,236732.2
SQGDP9-1,45000,South Carolina,2019Q3,Millions of chained 2017 dollars,6,240427.9
SQGDP9-1,45000,South Carolina,2019Q4,Millions of chained 2017 dollars,6,243070.1
SQGDP9-1,45000,South Carolina,2020Q1,Millions of chained 2017 dollars,6,234897.6
SQGDP9-1,45000,South Carolina,2020Q2,Millions of chained 2017 dollars,6,219985.5
SQGDP9-1,45000,South Carolina,2020Q3,Millions of chained 2017 dollars,6,238698.4
SQGDP9-1,45000,South Carolina,2020Q4,Millions of chained 2017 dollars,6,239596.0
SQGDP9-1,45000,South Carolina,2021Q1,Millions of chained 2017 dollars,6,240966.7
SQGDP9-1,45000,South Carolina,2021Q2,Millions of chained 2017 dollars,6,245485.4
SQGDP9-1,45000,South Carolina,2021Q3,Millions of chained 2017 dollars,6,246346.4
SQGDP9-1,45000,South Carolina,2021Q4,Millions of chained 2017 dollars,6,250449.6
SQGDP9-1,45000,South Carolina,2022Q1,Millions of chained 2017 dollars,6,252092.6
SQGDP9-1,45000,South Carolina,2022Q2,Millions of chained 2017 dollars,6,255473.8
SQGDP9-1,45000,South Carolina,2022Q3,Millions of chained 2017 dollars,6,257729.0
SQGDP9-1,45000,South Carolina,2022Q4,Millions of chained 2017 dollars,6,261138.4
SQGDP9-1,45000,South Carolina,2023Q1,Millions of chained 2017 dollars,6,262203.7
SQGDP9-1,45000,South Carolina,2023Q2,Millions of chained 2017 dollars,6,263133.9
SQGDP9-1,45000,South Carolina,2023Q3,Millions of chained 2017 dollars,6,267892.6
SQGDP9-1,45000,South Carolina,2023Q4,Millions of chained 2017 dollars,6,270920.9
SQGDP9-1,45000,South Carolina,2024Q1,Millions of chained 2017 dollars,6,273533.2
SQGDP9-1,45000,South Carolina,2024Q2,Millions of chained 2017 dollars,6,276295.4
SQGDP9-1,45000,South Carolina,2024Q3,Millions of chained 2017 dollars,6,279003.6
SQGDP9-1,45000,South Carolina,2024Q4,Millions of chained 2017 dollars,6,283299.1
SQGDP9-1,45000,South Carolina,2025Q1,Millions of chained 2017 dollars,6,283478.1
SQGDP9-1,45000,South Carolina,2025Q2,Millions of chained 2017 dollars,6,285864.4
SQGDP9-1,45000,South Carolina,2025Q3,Millions of chained 2017 dollars,6,288849.5
SQGDP9-1,45000,South Carolina,2025Q4,Millions of chained 2017 dollars,6,288905.2
SQGDP9-1,45000,South Carolina,2026Q1,Millions of chained 2017 dollars,6,291209.3
SQGDP9-1,46000,South Dakota,2005Q1,Millions of chained 2017 dollars,6,39393.9
SQGDP9-1,46000,South Dakota,2005Q2,Millions of chained 2017 dollars,6,39091.8
SQGDP9-1,46000,South Dakota,2005Q3,Millions of chained 2017 dollars,6,39295.1
SQGDP9-1,46000,South Dakota,2005Q4,Millions of chained 2017 dollars,6,39541.5
SQGDP9-1,46000,South Dakota,2006Q1,Millions of chained 2017 dollars,6,39813.7
SQGDP9-1,46000,South Dakota,2006Q2,Millions of chained 2017 dollars,6,40162.1
SQGDP9-1,46000,South Dakota,2006Q3,Millions of chained 2017 dollars,6,40021.6
SQGDP9-1,46000,South Dakota,2006Q4,Millions of chained 2017 dollars,6,39849.2
SQGDP9-1,46000,South Dakota,2007Q1,Millions of chained 2017 dollars,6,41835.4
SQGDP9-1,46000,South Dakota,2007Q2,Millions of chained 2017 dollars,6,41937.7
SQGDP9-1,46000,South Dakota,2007Q3,Millions of chained 2017 dollars,6,41325.0
SQGDP9-1,46000,South Dakota,2007Q4,Millions of chained 2017 dollars,6,41486.5
SQGDP9-1,46000,South Dakota,2008Q1,Millions of chained 2017 dollars,6,44256.5
SQGDP9-1,46000,South Dakota,2008Q2,Millions of chained 2017 dollars,6,43656.3
SQGDP9-1,46000,South Dakota,2008Q3,Millions of chained 2017 dollars,6,43207.6
SQGDP9-1,46000,South Dakota,2008Q4,Millions of chained 2017 dollars,6,41993.6
SQGDP9-1,46000,South Dakota,2009Q1,Millions of chained 2017 dollars,6,43553.1
SQGDP9-1,46000,South Dakota,2009Q2,Millions of chained 2017 dollars,6,44083.8
SQGDP9-1,46000,South Dakota,2009Q3,Millions of chained 2017 dollars,6,44845.0
SQGDP9-1,46000,South Dakota,2009Q4,Millions of chained 2017 dollars,6,44541.3
SQGDP9-1,46000,South Dakota,2010Q1,Millions of chained 2017 dollars,6,44041.6
SQGDP9-1,46000,South Dakota,2010Q2,Millions of chained 2017 dollars,6,44200.3
SQGDP9-1,46000,South Dakota,2010Q3,Millions of chained 2017 dollars,6,45370.7
SQGDP9-1,46000,South Dakota,2010Q4,Millions of chained 2017 dollars,6,45630.3
SQGDP9-1,46000,South Dakota,2011Q1,Millions of chained 2017 dollars,6,46545.6
SQGDP9-1,46000,South Dakota,2011Q2,Millions of chained 2017 dollars,6,47141.7
SQGDP9-1,46000,South Dakota,2011Q3,Millions of chained 2017 dollars,6,47340.2
SQGDP9-1,46000,South Dakota,2011Q4,Millions of chained 2017 dollars,6,49493.9
SQGDP9-1,46000,South Dakota,2012Q1,Millions of chained 2017 dollars,6,49689.4
SQGDP9-1,46000,South Dakota,2012Q2,Millions of chained 2017 dollars,6,49440.0
SQGDP9-1,46000,South Dakota,2012Q3,Millions of chained 2017 dollars,6,46762.0
SQGDP9-1,46000,South Dakota,2012Q4,Millions of chained 2017 dollars,6,48724.1
SQGDP9-1,46000,South Dakota,2013Q1,Millions of chained 2017 dollars,6,48296.2
SQGDP9-1,46000,South Dakota,2013Q2,Millions of chained 2017 dollars,6,48660.3
SQGDP9-1,46000,South Dakota,2013Q3,Millions of chained 2017 dollars,6,48725.5
SQGDP9-1,46000,South Dakota,2013Q4,Millions of chained 2017 dollars,6,48758.3
SQGDP9-1,46000,South Dakota,2014Q1,Millions of chained 2017 dollars,6,50066.1
SQGDP9-1,46000,South Dakota,2014Q2,Millions of chained 2017 dollars,6,50160.7
SQGDP9-1,46000,South Dakota,2014Q3,Millions of chained 2017 dollars,6,49511.7
SQGDP9-1,46000,South Dakota,2014Q4,Millions of chained 2017 dollars,6,48825.0
SQGDP9-1,46000,South Dakota,2015Q1,Millions of chained 2017 dollars,6,50197.0
SQGDP9-1,46000,South Dakota,2015Q2,Millions of chained 2017 dollars,6,50374.4
SQGDP9-1,46000,South Dakota,2015Q3,Millions of chained 2017 dollars,6,50731.0
SQGDP9-1,46000,South Dakota,2015Q4,Millions of chained 2017 dollars,6,52140.5
SQGDP9-1,46000,South Dakota,2016Q1,Millions of chained 2017 dollars,6,50285.6
SQGDP9-1,46000,South Dakota,2016Q2,Millions of chained 2017 dollars,6,50775.4
SQGDP9-1,46000,South Dakota,2016Q3,Millions of chained 2017 dollars,6,51920.0
SQGDP9-1,46000,South Dakota,2016Q4,Millions of chained 2017 dollars,6,52076.3
SQGDP9-1,46000,South Dakota,2017Q1,Millions of chained 2017 dollars,6,52653.8
SQGDP9-1,46000,South Dakota,2017Q2,Millions of chained 2017 dollars,6,52015.6
SQGDP9-1,46000,South Dakota,2017Q3,Millions of chained 2017 dollars,6,51261.5
SQGDP9-1,46000,South Dakota,2017Q4,Millions of chained 2017 dollars,6,50529.4
SQGDP9-1,46000,South Dakota,2018Q1,Millions of chained 2017 dollars,6,52443.0
SQGDP9-1,46000,South Dakota,2018Q2,Millions of chained 2017 dollars,6,51531.0
SQGDP9-1,46000,South Dakota,2018Q3,Millions of chained 2017 dollars,6,51736.3
SQGDP9-1,46000,South Dakota,2018Q4,Millions of chained 2017 dollars,6,52041.0
SQGDP9-1,46000,South Dakota,2019Q1,Millions of chained 2017 dollars,6,51482.2
SQGDP9-1,46000,South Dakota,2019Q2,Millions of chained 2017 dollars,6,51877.8
SQGDP9-1,46000,South Dakota,2019Q3,Millions of chained 2017 dollars,6,52929.0
SQGDP9-1,46000,South Dakota,2019Q4,Millions of chained 2017 dollars,6,53751.8
SQGDP9-1,46000,South Dakota,2020Q1,Millions of chained 2017 dollars,6,53387.8
SQGDP9-1,46000,South Dakota,2020Q2,Millions of chained 2017 dollars,6,50458.8
SQGDP9-1,46000,South Dakota,2020Q3,Millions of chained 2017 dollars,6,54276.0
SQGDP9-1,46000,South Dakota,2020Q4,Millions of chained 2017 dollars,6,55274.3
SQGDP9-1,46000,South Dakota,2021Q1,Millions of chained 2017 dollars,6,55480.6
SQGDP9-1,46000,South Dakota,2021Q2,Millions of chained 2017 dollars,6,56390.7
SQGDP9-1,46000,South Dakota,2021Q3,Millions of chained 2017 dollars,6,56165.6
SQGDP9-1,46000,South Dakota,2021Q4,Millions of chained 2017 dollars,6,56024.8
SQGDP9-1,46000,South Dakota,2022Q1,Millions of chained 2017 dollars,6,55733.4
SQGDP9-1,46000,South Dakota,2022Q2,Millions of chained 2017 dollars,6,55467.0
SQGDP9-1,46000,South Dakota,2022Q3,Millions of chained 2017 dollars,6,55235.7
SQGDP9-1,46000,South Dakota,2022Q4,Millions of chained 2017 dollars,6,54592.8
SQGDP9-1,46000,South Dakota,2023Q1,Millions of chained 2017 dollars,6,56773.7
SQGDP9-1,46000,South Dakota,2023Q2,Millions of chained 2017 dollars,6,56651.7
SQGDP9-1,46000,South Dakota,2023Q3,Millions of chained 2017 dollars,6,57546.4
SQGDP9-1,46000,South Dakota,2023Q4,Millions of chained 2017 dollars,6,58040.4
SQGDP9-1,46000,South Dakota,2024Q1,Millions of chained 2017 dollars,6,57438.6
SQGDP9-1,46000,South Dakota,2024Q2,Millions of chained 2017 dollars,6,57845.3
SQGDP9-1,46000,South Dakota,2024Q3,Millions of chained 2017 dollars,6,57732.4
SQGDP9-1,46000,South Dakota,2024Q4,Millions of chained 2017 dollars,6,57855.7
SQGDP9-1,46000,South Dakota,2025Q1,Millions of chained 2017 dollars,6,57407.4
SQGDP9-1,46000,South Dakota,2025Q2,Millions of chained 2017 dollars,6,58142.2
SQGDP9-1,46000,South Dakota,2025Q3,Millions of chained 2017 dollars,6,59035.0
SQGDP9-1,46000,South Dakota,2025Q4,Millions of chained 2017 dollars,6,59476.3
SQGDP9-1,46000,South Dakota,2026Q1,Millions of chained 2017 dollars,6,59229.9
SQGDP9-1,47000,Tennessee,2005Q1,Millions of chained 2017 dollars,6,286227.3
SQGDP9-1,47000,Tennessee,2005Q2,Millions of chained 2017 dollars,6,287236.7
SQGDP9-1,47000,Tennessee,2005Q3,Millions of chained 2017 dollars,6,290621.3
SQGDP9-1,47000,Tennessee,2005Q4,Millions of chained 2017 dollars,6,292171.7
SQGDP9-1,47000,Tennessee,2006Q1,Millions of chained 2017 dollars,6,293896.3
SQGDP9-1,47000,Tennessee,2006Q2,Millions of chained 2017 dollars,6,296505.5
SQGDP9-1,47000,Tennessee,2006Q3,Millions of chained 2017 dollars,6,294877.7
SQGDP9-1,47000,Tennessee,2006Q4,Millions of chained 2017 dollars,6,297393.3
SQGDP9-1,47000,Tennessee,2007Q1,Millions of chained 2017 dollars,6,290457.9
SQGDP9-1,47000,Tennessee,2007Q2,Millions of chained 2017 dollars,6,292761.7
SQGDP9-1,47000,Tennessee,2007Q3,Millions of chained 2017 dollars,6,295408.7
SQGDP9-1,47000,Tennessee,2007Q4,Millions of chained 2017 dollars,6,300651.0
SQGDP9-1,47000,Tennessee,2008Q1,Millions of chained 2017 dollars,6,300121.1
SQGDP9-1,47000,Tennessee,2008Q2,Millions of chained 2017 dollars,6,301710.8
SQGDP9-1,47000,Tennessee,2008Q3,Millions of chained 2017 dollars,6,300949.5
SQGDP9-1,47000,Tennessee,2008Q4,Millions of chained 2017 dollars,6,291326.0
SQGDP9-1,47000,Tennessee,2009Q1,Millions of chained 2017 dollars,6,288652.9
SQGDP9-1,47000,Tennessee,2009Q2,Millions of chained 2017 dollars,6,286258.0
SQGDP9-1,47000,Tennessee,2009Q3,Millions of chained 2017 dollars,6,285330.1
SQGDP9-1,47000,Tennessee,2009Q4,Millions of chained 2017 dollars,6,288994.4
SQGDP9-1,47000,Tennessee,2010Q1,Millions of chained 2017 dollars,6,291131.9
SQGDP9-1,47000,Tennessee,2010Q2,Millions of chained 2017 dollars,6,291739.4
SQGDP9-1,47000,Tennessee,2010Q3,Millions of chained 2017 dollars,6,292900.3
SQGDP9-1,47000,Tennessee,2010Q4,Millions of chained 2017 dollars,6,294976.2
SQGDP9-1,47000,Tennessee,2011Q1,Millions of chained 2017 dollars,6,296572.6
SQGDP9-1,47000,Tennessee,2011Q2,Millions of chained 2017 dollars,6,300370.2
SQGDP9-1,47000,Tennessee,2011Q3,Millions of chained 2017 dollars,6,302649.0
SQGDP9-1,47000,Tennessee,2011Q4,Millions of chained 2017 dollars,6,306443.8
SQGDP9-1,47000,Tennessee,2012Q1,Millions of chained 2017 dollars,6,309432.1
SQGDP9-1,47000,Tennessee,2012Q2,Millions of chained 2017 dollars,6,313034.2
SQGDP9-1,47000,Tennessee,2012Q3,Millions of chained 2017 dollars,6,311702.1
SQGDP9-1,47000,Tennessee,2012Q4,Millions of chained 2017 dollars,6,312848.2
SQGDP9-1,47000,Tennessee,2013Q1,Millions of chained 2017 dollars,6,318693.3
SQGDP9-1,47000,Tennessee,2013Q2,Millions of chained 2017 dollars,6,316471.0
SQGDP9-1,47000,Tennessee,2013Q3,Millions of chained 2017 dollars,6,318435.2
SQGDP9-1,47000,Tennessee,2013Q4,Millions of chained 2017 dollars,6,319792.2
SQGDP9-1,47000,Tennessee,2014Q1,Millions of chained 2017 dollars,6,320584.4
SQGDP9-1,47000,Tennessee,2014Q2,Millions of chained 2017 dollars,6,323248.6
SQGDP9-1,47000,Tennessee,2014Q3,Millions of chained 2017 dollars,6,325366.2
SQGDP9-1,47000,Tennessee,2014Q4,Millions of chained 2017 dollars,6,326319.3
SQGDP9-1,47000,Tennessee,2015Q1,Millions of chained 2017 dollars,6,330619.9
SQGDP9-1,47000,Tennessee,2015Q2,Millions of chained 2017 dollars,6,335474.0
SQGDP9-1,47000,Tennessee,2015Q3,Millions of chained 2017 dollars,6,337804.2
SQGDP9-1,47000,Tennessee,2015Q4,Millions of chained 2017 dollars,6,337946.2
SQGDP9-1,47000,Tennessee,2016Q1,Millions of chained 2017 dollars,6,339296.1
SQGDP9-1,47000,Tennessee,2016Q2,Millions of chained 2017 dollars,6,340680.4
SQGDP9-1,47000,Tennessee,2016Q3,Millions of chained 2017 dollars,6,344774.8
SQGDP9-1,47000,Tennessee,2016Q4,Millions of chained 2017 dollars,6,349428.4
SQGDP9-1,47000,Tennessee,2017Q1,Millions of chained 2017 dollars,6,351926.4
SQGDP9-1,47000,Tennessee,2017Q2,Millions of chained 2017 dollars,6,353399.8
SQGDP9-1,47000,Tennessee,2017Q3,Millions of chained 2017 dollars,6,355567.6
SQGDP9-1,47000,Tennessee,2017Q4,Millions of chained 2017 dollars,6,360776.0
SQGDP9-1,47000,Tennessee,2018Q1,Millions of chained 2017 dollars,6,361169.7
SQGDP9-1,47000,Tennessee,2018Q2,Millions of chained 2017 dollars,6,361390.4
SQGDP9-1,47000,Tennessee,2018Q3,Millions of chained 2017 dollars,6,363972.6
SQGDP9-1,47000,Tennessee,2018Q4,Millions of chained 2017 dollars,6,362922.2
SQGDP9-1,47000,Tennessee,2019Q1,Millions of chained 2017 dollars,6,366528.2
SQGDP9-1,47000,Tennessee,2019Q2,Millions of chained 2017 dollars,6,367562.3
SQGDP9-1,47000,Tennessee,2019Q3,Millions of chained 2017 dollars,6,372332.6
SQGDP9-1,47000,Tennessee,2019Q4,Millions of chained 2017 dollars,6,374366.6
SQGDP9-1,47000,Tennessee,2020Q1,Millions of chained 2017 dollars,6,377539.2
SQGDP9-1,47000,Tennessee,2020Q2,Millions of chained 2017 dollars,6,336801.8
SQGDP9-1,47000,Tennessee,2020Q3,Millions of chained 2017 dollars,6,374781.6
SQGDP9-1,47000,Tennessee,2020Q4,Millions of chained 2017 dollars,6,383105.6
SQGDP9-1,47000,Tennessee,2021Q1,Millions of chained 2017 dollars,6,394891.4
SQGDP9-1,47000,Tennessee,2021Q2,Millions of chained 2017 dollars,6,399254.7
SQGDP9-1,47000,Tennessee,2021Q3,Millions of chained 2017 dollars,6,401842.7
SQGDP9-1,47000,Tennessee,2021Q4,Millions of chained 2017 dollars,6,410705.9
SQGDP9-1,47000,Tennessee,2022Q1,Millions of chained 2017 dollars,6,412007.6
SQGDP9-1,47000,Tennessee,2022Q2,Millions of chained 2017 dollars,6,412769.8
SQGDP9-1,47000,Tennessee,2022Q3,Millions of chained 2017 dollars,6,415836.1
SQGDP9-1,47000,Tennessee,2022Q4,Millions of chained 2017 dollars,6,421192.7
SQGDP9-1,47000,Tennessee,2023Q1,Millions of chained 2017 dollars,6,423867.4
SQGDP9-1,47000,Tennessee,2023Q2,Millions of chained 2017 dollars,6,424460.1
SQGDP9-1,47000,Tennessee,2023Q3,Millions of chained 2017 dollars,6,430125.4
SQGDP9-1,47000,Tennessee,2023Q4,Millions of chained 2017 dollars,6,434651.7
SQGDP9-1,47000,Tennessee,2024Q1,Millions of chained 2017 dollars,6,434215.3
SQGDP9-1,47000,Tennessee,2024Q2,Millions of chained 2017 dollars,6,439684.8
SQGDP9-1,47000,Tennessee,2024Q3,Millions of chained 2017 dollars,6,443282.1
SQGDP9-1,47000,Tennessee,2024Q4,Millions of chained 2017 dollars,6,443618.6
SQGDP9-1,47000,Tennessee,2025Q1,Millions of chained 2017 dollars,6,444002.4
SQGDP9-1,47000,Tennessee,2025Q2,Millions of chained 2017 dollars,6,447439.1
SQGDP9-1,47000,Tennessee,2025Q3,Millions of chained 2017 dollars,6,452697.7
SQGDP9-1,47000,Tennessee,2025Q4,Millions of chained 2017 dollars,6,453287.4
SQGDP9-1,47000,Tennessee,2026Q1,Millions of chained 2017 dollars,6,454678.4
SQGDP9-1,48000,Texas,2005Q1,Millions of chained 2017 dollars,6,1145464.0
SQGDP9-1,48000,Texas,2005Q2,Millions of chained 2017 dollars,6,1138105.3
SQGDP9-1,48000,Texas,2005Q3,Millions of chained 2017 dollars,6,1139410.5
SQGDP9-1,48000,Texas,2005Q4,Millions of chained 2017 dollars,6,1150672.5
SQGDP9-1,48000,Texas,2006Q1,Millions of chained 2017 dollars,6,1199085.1
SQGDP9-1,48000,Texas,2006Q2,Millions of chained 2017 dollars,6,1216269.5
SQGDP9-1,48000,Texas,2006Q3,Millions of chained 2017 dollars,6,1230076.3
SQGDP9-1,48000,Texas,2006Q4,Millions of chained 2017 dollars,6,1255158.1
SQGDP9-1,48000,Texas,2007Q1,Millions of chained 2017 dollars,6,1268400.5
SQGDP9-1,48000,Texas,2007Q2,Millions of chained 2017 dollars,6,1291796.4
SQGDP9-1,48000,Texas,2007Q3,Millions of chained 2017 dollars,6,1294241.5
SQGDP9-1,48000,Texas,2007Q4,Millions of chained 2017 dollars,6,1300876.2
SQGDP9-1,48000,Texas,2008Q1,Millions of chained 2017 dollars,6,1284436.7
SQGDP9-1,48000,Texas,2008Q2,Millions of chained 2017 dollars,6,1281165.1
SQGDP9-1,48000,Texas,2008Q3,Millions of chained 2017 dollars,6,1281540.1
SQGDP9-1,48000,Texas,2008Q4,Millions of chained 2017 dollars,6,1301624.2
SQGDP9-1,48000,Texas,2009Q1,Millions of chained 2017 dollars,6,1289023.9
SQGDP9-1,48000,Texas,2009Q2,Millions of chained 2017 dollars,6,1276382.5
SQGDP9-1,48000,Texas,2009Q3,Millions of chained 2017 dollars,6,1282525.3
SQGDP9-1,48000,Texas,2009Q4,Millions of chained 2017 dollars,6,1294309.2
SQGDP9-1,48000,Texas,2010Q1,Millions of chained 2017 dollars,6,1310711.2
SQGDP9-1,48000,Texas,2010Q2,Millions of chained 2017 dollars,6,1315872.0
SQGDP9-1,48000,Texas,2010Q3,Millions of chained 2017 dollars,6,1328624.8
SQGDP9-1,48000,Texas,2010Q4,Millions of chained 2017 dollars,6,1337028.3
SQGDP9-1,48000,Texas,2011Q1,Millions of chained 2017 dollars,6,1348985.4
SQGDP9-1,48000,Texas,2011Q2,Millions of chained 2017 dollars,6,1365201.1
SQGDP9-1,48000,Texas,2011Q3,Millions of chained 2017 dollars,6,1370137.8
SQGDP9-1,48000,Texas,2011Q4,Millions of chained 2017 dollars,6,1396375.3
SQGDP9-1,48000,Texas,2012Q1,Millions of chained 2017 dollars,6,1417027.1
SQGDP9-1,48000,Texas,2012Q2,Millions of chained 2017 dollars,6,1431760.8
SQGDP9-1,48000,Texas,2012Q3,Millions of chained 2017 dollars,6,1438761.1
SQGDP9-1,48000,Texas,2012Q4,Millions of chained 2017 dollars,6,1465868.6
SQGDP9-1,48000,Texas,2013Q1,Millions of chained 2017 dollars,6,1487916.8
SQGDP9-1,48000,Texas,2013Q2,Millions of chained 2017 dollars,6,1505441.2
SQGDP9-1,48000,Texas,2013Q3,Millions of chained 2017 dollars,6,1522933.2
SQGDP9-1,48000,Texas,2013Q4,Millions of chained 2017 dollars,6,1530935.0
SQGDP9-1,48000,Texas,2014Q1,Millions of chained 2017 dollars,6,1521271.1
SQGDP9-1,48000,Texas,2014Q2,Millions of chained 2017 dollars,6,1549853.2
SQGDP9-1,48000,Texas,2014Q3,Millions of chained 2017 dollars,6,1574744.4
SQGDP9-1,48000,Texas,2014Q4,Millions of chained 2017 dollars,6,1592675.7
SQGDP9-1,48000,Texas,2015Q1,Millions of chained 2017 dollars,6,1635187.0
SQGDP9-1,48000,Texas,2015Q2,Millions of chained 2017 dollars,6,1619894.5
SQGDP9-1,48000,Texas,2015Q3,Millions of chained 2017 dollars,6,1637102.1
SQGDP9-1,48000,Texas,2015Q4,Millions of chained 2017 dollars,6,1644324.6
SQGDP9-1,48000,Texas,2016Q1,Millions of chained 2017 dollars,6,1636233.0
SQGDP9-1,48000,Texas,2016Q2,Millions of chained 2017 dollars,6,1631766.4
SQGDP9-1,48000,Texas,2016Q3,Millions of chained 2017 dollars,6,1634400.9
SQGDP9-1,48000,Texas,2016Q4,Millions of chained 2017 dollars,6,1633052.8
SQGDP9-1,48000,Texas,2017Q1,Millions of chained 2017 dollars,6,1642860.4
SQGDP9-1,48000,Texas,2017Q2,Millions of chained 2017 dollars,6,1654182.7
SQGDP9-1,48000,Texas,2017Q3,Millions of chained 2017 dollars,6,1672558.3
SQGDP9-1,48000,Texas,2017Q4,Millions of chained 2017 dollars,6,1699650.7
SQGDP9-1,48000,Texas,2018Q1,Millions of chained 2017 dollars,6,1719792.7
SQGDP9-1,48000,Texas,2018Q2,Millions of chained 2017 dollars,6,1742497.8
SQGDP9-1,48000,Texas,2018Q3,Millions of chained 2017 dollars,6,1755960.0
SQGDP9-1,48000,Texas,2018Q4,Millions of chained 2017 dollars,6,1767922.5
SQGDP9-1,48000,Texas,2019Q1,Millions of chained 2017 dollars,6,1772384.2
SQGDP9-1,48000,Texas,2019Q2,Millions of chained 2017 dollars,6,1790077.5
SQGDP9-1,48000,Texas,2019Q3,Millions of chained 2017 dollars,6,1826002.2
SQGDP9-1,48000,Texas,2019Q4,Millions of chained 2017 dollars,6,1838480.4
SQGDP9-1,48000,Texas,2020Q1,Millions of chained 2017 dollars,6,1807085.1
SQGDP9-1,48000,Texas,2020Q2,Millions of chained 2017 dollars,6,1687609.8
SQGDP9-1,48000,Texas,2020Q3,Millions of chained 2017 dollars,6,1803693.0
SQGDP9-1,48000,Texas,2020Q4,Millions of chained 2017 dollars,6,1832565.0
SQGDP9-1,48000,Texas,2021Q1,Millions of chained 2017 dollars,6,1866112.8
SQGDP9-1,48000,Texas,2021Q2,Millions of chained 2017 dollars,6,1898855.4
SQGDP9-1,48000,Texas,2021Q3,Millions of chained 2017 dollars,6,1915349.8
SQGDP9-1,48000,Texas,2021Q4,Millions of chained 2017 dollars,6,1941731.7
SQGDP9-1,48000,Texas,2022Q1,Millions of chained 2017 dollars,6,1949201.5
SQGDP9-1,48000,Texas,2022Q2,Millions of chained 2017 dollars,6,1948982.0
SQGDP9-1,48000,Texas,2022Q3,Millions of chained 2017 dollars,6,1979467.7
SQGDP9-1,48000,Texas,2022Q4,Millions of chained 2017 dollars,6,2023005.0
SQGDP9-1,48000,Texas,2023Q1,Millions of chained 2017 dollars,6,2089240.6
SQGDP9-1,48000,Texas,2023Q2,Millions of chained 2017 dollars,6,2120627.5
SQGDP9-1,48000,Texas,2023Q3,Millions of chained 2017 dollars,6,2154934.7
SQGDP9-1,48000,Texas,2023Q4,Millions of chained 2017 dollars,6,2185343.9
SQGDP9-1,48000,Texas,2024Q1,Millions of chained 2017 dollars,6,2181915.6
SQGDP9-1,48000,Texas,2024Q2,Millions of chained 2017 dollars,6,2212455.3
SQGDP9-1,48000,Texas,2024Q3,Millions of chained 2017 dollars,6,2240377.7
SQGDP9-1,48000,Texas,2024Q4,Millions of chained 2017 dollars,6,2253024.5
SQGDP9-1,48000,Texas,2025Q1,Millions of chained 2017 dollars,6,2235879.6
SQGDP9-1,48000,Texas,2025Q2,Millions of chained 2017 dollars,6,2272749.3
SQGDP9-1,48000,Texas,2025Q3,Millions of chained 2017 dollars,6,2296179.5
SQGDP9-1,48000,Texas,2025Q4,Millions of chained 2017 dollars,6,2304004.8
SQGDP9-1,48000,Texas,2026Q1,Millions of chained 2017 dollars,6,2309086.3
SQGDP9-1,49000,Utah,2005Q1,Millions of chained 2017 dollars,6,115626.4
SQGDP9-1,49000,Utah,2005Q2,Millions of chained 2017 dollars,6,117105.1
SQGDP9-1,49000,Utah,2005Q3,Millions of chained 2017 dollars,6,119202.7
SQGDP9-1,49000,Utah,2005Q4,Millions of chained 2017 dollars,6,121786.5
SQGDP9-1,49000,Utah,2006Q1,Millions of chained 2017 dollars,6,124545.0
SQGDP9-1,49000,Utah,2006Q2,Millions of chained 2017 dollars,6,126446.9
SQGDP9-1,49000,Utah,2006Q3,Millions of chained 2017 dollars,6,128259.9
SQGDP9-1,49000,Utah,2006Q4,Millions of chained 2017 dollars,6,130905.8
SQGDP9-1,49000,Utah,2007Q1,Millions of chained 2017 dollars,6,131292.8
SQGDP9-1,49000,Utah,2007Q2,Millions of chained 2017 dollars,6,134396.2
SQGDP9-1,49000,Utah,2007Q3,Millions of chained 2017 dollars,6,134347.8
SQGDP9-1,49000,Utah,2007Q4,Millions of chained 2017 dollars,6,135162.4
SQGDP9-1,49000,Utah,2008Q1,Millions of chained 2017 dollars,6,133257.1
SQGDP9-1,49000,Utah,2008Q2,Millions of chained 2017 dollars,6,135279.8
SQGDP9-1,49000,Utah,2008Q3,Millions of chained 2017 dollars,6,134696.1
SQGDP9-1,49000,Utah,2008Q4,Millions of chained 2017 dollars,6,131418.5
SQGDP9-1,49000,Utah,2009Q1,Millions of chained 2017 dollars,6,131769.7
SQGDP9-1,49000,Utah,2009Q2,Millions of chained 2017 dollars,6,130762.0
SQGDP9-1,49000,Utah,2009Q3,Millions of chained 2017 dollars,6,130597.3
SQGDP9-1,49000,Utah,2009Q4,Millions of chained 2017 dollars,6,130705.6
SQGDP9-1,49000,Utah,2010Q1,Millions of chained 2017 dollars,6,132218.2
SQGDP9-1,49000,Utah,2010Q2,Millions of chained 2017 dollars,6,131972.1
SQGDP9-1,49000,Utah,2010Q3,Millions of chained 2017 dollars,6,134122.9
SQGDP9-1,49000,Utah,2010Q4,Millions of chained 2017 dollars,6,136643.0
SQGDP9-1,49000,Utah,2011Q1,Millions of chained 2017 dollars,6,136737.6
SQGDP9-1,49000,Utah,2011Q2,Millions of chained 2017 dollars,6,138525.2
SQGDP9-1,49000,Utah,2011Q3,Millions of chained 2017 dollars,6,138598.5
SQGDP9-1,49000,Utah,2011Q4,Millions of chained 2017 dollars,6,139342.9
SQGDP9-1,49000,Utah,2012Q1,Millions of chained 2017 dollars,6,140772.7
SQGDP9-1,49000,Utah,2012Q2,Millions of chained 2017 dollars,6,140451.3
SQGDP9-1,49000,Utah,2012Q3,Millions of chained 2017 dollars,6,139951.0
SQGDP9-1,49000,Utah,2012Q4,Millions of chained 2017 dollars,6,141315.0
SQGDP9-1,49000,Utah,2013Q1,Millions of chained 2017 dollars,6,143461.6
SQGDP9-1,49000,Utah,2013Q2,Millions of chained 2017 dollars,6,144263.1
SQGDP9-1,49000,Utah,2013Q3,Millions of chained 2017 dollars,6,146228.2
SQGDP9-1,49000,Utah,2013Q4,Millions of chained 2017 dollars,6,146154.7
SQGDP9-1,49000,Utah,2014Q1,Millions of chained 2017 dollars,6,148346.6
SQGDP9-1,49000,Utah,2014Q2,Millions of chained 2017 dollars,6,149794.9
SQGDP9-1,49000,Utah,2014Q3,Millions of chained 2017 dollars,6,150510.0
SQGDP9-1,49000,Utah,2014Q4,Millions of chained 2017 dollars,6,151653.7
SQGDP9-1,49000,Utah,2015Q1,Millions of chained 2017 dollars,6,153873.5
SQGDP9-1,49000,Utah,2015Q2,Millions of chained 2017 dollars,6,154869.4
SQGDP9-1,49000,Utah,2015Q3,Millions of chained 2017 dollars,6,155696.7
SQGDP9-1,49000,Utah,2015Q4,Millions of chained 2017 dollars,6,157286.3
SQGDP9-1,49000,Utah,2016Q1,Millions of chained 2017 dollars,6,159403.2
SQGDP9-1,49000,Utah,2016Q2,Millions of chained 2017 dollars,6,160605.9
SQGDP9-1,49000,Utah,2016Q3,Millions of chained 2017 dollars,6,163660.5
SQGDP9-1,49000,Utah,2016Q4,Millions of chained 2017 dollars,6,166443.4
SQGDP9-1,49000,Utah,2017Q1,Millions of chained 2017 dollars,6,167329.5
SQGDP9-1,49000,Utah,2017Q2,Millions of chained 2017 dollars,6,170125.5
SQGDP9-1,49000,Utah,2017Q3,Millions of chained 2017 dollars,6,173780.7
SQGDP9-1,49000,Utah,2017Q4,Millions of chained 2017 dollars,6,177064.4
SQGDP9-1,49000,Utah,2018Q1,Millions of chained 2017 dollars,6,178821.6
SQGDP9-1,49000,Utah,2018Q2,Millions of chained 2017 dollars,6,181231.0
SQGDP9-1,49000,Utah,2018Q3,Millions of chained 2017 dollars,6,183349.9
SQGDP9-1,49000,Utah,2018Q4,Millions of chained 2017 dollars,6,185021.5
SQGDP9-1,49000,Utah,2019Q1,Millions of chained 2017 dollars,6,190483.4
SQGDP9-1,49000,Utah,2019Q2,Millions of chained 2017 dollars,6,190145.5
SQGDP9-1,49000,Utah,2019Q3,Millions of chained 2017 dollars,6,194646.8
SQGDP9-1,49000,Utah,2019Q4,Millions of chained 2017 dollars,6,195766.6
SQGDP9-1,49000,Utah,2020Q1,Millions of chained 2017 dollars,6,193875.5
SQGDP9-1,49000,Utah,2020Q2,Millions of chained 2017 dollars,6,186834.3
SQGDP9-1,49000,Utah,2020Q3,Millions of chained 2017 dollars,6,197876.5
SQGDP9-1,49000,Utah,2020Q4,Millions of chained 2017 dollars,6,202706.4
SQGDP9-1,49000,Utah,2021Q1,Millions of chained 2017 dollars,6,207627.6
SQGDP9-1,49000,Utah,2021Q2,Millions of chained 2017 dollars,6,209930.8
SQGDP9-1,49000,Utah,2021Q3,Millions of chained 2017 dollars,6,211720.0
SQGDP9-1,49000,Utah,2021Q4,Millions of chained 2017 dollars,6,215879.4
SQGDP9-1,49000,Utah,2022Q1,Millions of chained 2017 dollars,6,216209.4
SQGDP9-1,49000,Utah,2022Q2,Millions of chained 2017 dollars,6,216946.1
SQGDP9-1,49000,Utah,2022Q3,Millions of chained 2017 dollars,6,218142.0
SQGDP9-1,49000,Utah,2022Q4,Millions of chained 2017 dollars,6,220097.8
SQGDP9-1,49000,Utah,2023Q1,Millions of chained 2017 dollars,6,222262.0
SQGDP9-1,49000,Utah,2023Q2,Millions of chained 2017 dollars,6,224519.7
SQGDP9-1,49000,Utah,2023Q3,Millions of chained 2017 dollars,6,228316.9
SQGDP9-1,49000,Utah,2023Q4,Millions of chained 2017 dollars,6,230189.8
SQGDP9-1,49000,Utah,2024Q1,Millions of chained 2017 dollars,6,231701.2
SQGDP9-1,49000,Utah,2024Q2,Millions of chained 2017 dollars,6,233829.6
SQGDP9-1,49000,Utah,2024Q3,Millions of chained 2017 dollars,6,235190.1
SQGDP9-1,49000,Utah,2024Q4,Millions of chained 2017 dollars,6,236481.4
SQGDP9-1,49000,Utah,2025Q1,Millions of chained 2017 dollars,6,238006.3
SQGDP9-1,49000,Utah,2025Q2,Millions of chained 2017 dollars,6,239908.5
SQGDP9-1,49000,Utah,2025Q3,Millions of chained 2017 dollars,6,242309.8
SQGDP9-1,49000,Utah,2025Q4,Millions of chained 2017 dollars,6,242922.9
SQGDP9-1,49000,Utah,2026Q1,Millions of chained 2017 dollars,6,244506.1
SQGDP9-1,50000,Vermont,2005Q1,Millions of chained 2017 dollars,6,29230.8
SQGDP9-1,50000,Vermont,2005Q2,Millions of chained 2017 dollars,6,29132.9
SQGDP9-1,50000,Vermont,2005Q3,Millions of chained 2017 dollars,6,29293.9
SQGDP9-1,50000,Vermont,2005Q4,Millions of chained 2017 dollars,6,29475.3
SQGDP9-1,50000,Vermont,2006Q1,Millions of chained 2017 dollars,6,29657.4
SQGDP9-1,50000,Vermont,2006Q2,Millions of chained 2017 dollars,6,29490.6
SQGDP9-1,50000,Vermont,2006Q3,Millions of chained 2017 dollars,6,29386.8
SQGDP9-1,50000,Vermont,2006Q4,Millions of chained 2017 dollars,6,29148.7
SQGDP9-1,50000,Vermont,2007Q1,Millions of chained 2017 dollars,6,28961.3
SQGDP9-1,50000,Vermont,2007Q2,Millions of chained 2017 dollars,6,29225.0
SQGDP9-1,50000,Vermont,2007Q3,Millions of chained 2017 dollars,6,29474.8
SQGDP9-1,50000,Vermont,2007Q4,Millions of chained 2017 dollars,6,29525.4
SQGDP9-1,50000,Vermont,2008Q1,Millions of chained 2017 dollars,6,30222.3
SQGDP9-1,50000,Vermont,2008Q2,Millions of chained 2017 dollars,6,30322.1
SQGDP9-1,50000,Vermont,2008Q3,Millions of chained 2017 dollars,6,30306.4
SQGDP9-1,50000,Vermont,2008Q4,Millions of chained 2017 dollars,6,29823.9
SQGDP9-1,50000,Vermont,2009Q1,Millions of chained 2017 dollars,6,29393.2
SQGDP9-1,50000,Vermont,2009Q2,Millions of chained 2017 dollars,6,29261.4
SQGDP9-1,50000,Vermont,2009Q3,Millions of chained 2017 dollars,6,29595.5
SQGDP9-1,50000,Vermont,2009Q4,Millions of chained 2017 dollars,6,30012.9
SQGDP9-1,50000,Vermont,2010Q1,Millions of chained 2017 dollars,6,30240.9
SQGDP9-1,50000,Vermont,2010Q2,Millions of chained 2017 dollars,6,30836.9
SQGDP9-1,50000,Vermont,2010Q3,Millions of chained 2017 dollars,6,31275.8
SQGDP9-1,50000,Vermont,2010Q4,Millions of chained 2017 dollars,6,31208.9
SQGDP9-1,50000,Vermont,2011Q1,Millions of chained 2017 dollars,6,31133.2
SQGDP9-1,50000,Vermont,2011Q2,Millions of chained 2017 dollars,6,31588.3
SQGDP9-1,50000,Vermont,2011Q3,Millions of chained 2017 dollars,6,31560.2
SQGDP9-1,50000,Vermont,2011Q4,Millions of chained 2017 dollars,6,32372.6
SQGDP9-1,50000,Vermont,2012Q1,Millions of chained 2017 dollars,6,31945.1
SQGDP9-1,50000,Vermont,2012Q2,Millions of chained 2017 dollars,6,32335.9
SQGDP9-1,50000,Vermont,2012Q3,Millions of chained 2017 dollars,6,31971.6
SQGDP9-1,50000,Vermont,2012Q4,Millions of chained 2017 dollars,6,31340.0
SQGDP9-1,50000,Vermont,2013Q1,Millions of chained 2017 dollars,6,31636.9
SQGDP9-1,50000,Vermont,2013Q2,Millions of chained 2017 dollars,6,31517.7
SQGDP9-1,50000,Vermont,2013Q3,Millions of chained 2017 dollars,6,31295.2
SQGDP9-1,50000,Vermont,2013Q4,Millions of chained 2017 dollars,6,31528.7
SQGDP9-1,50000,Vermont,2014Q1,Millions of chained 2017 dollars,6,31357.7
SQGDP9-1,50000,Vermont,2014Q2,Millions of chained 2017 dollars,6,31610.2
SQGDP9-1,50000,Vermont,2014Q3,Millions of chained 2017 dollars,6,32093.6
SQGDP9-1,50000,Vermont,2014Q4,Millions of chained 2017 dollars,6,32329.1
SQGDP9-1,50000,Vermont,2015Q1,Millions of chained 2017 dollars,6,31964.1
SQGDP9-1,50000,Vermont,2015Q2,Millions of chained 2017 dollars,6,31968.0
SQGDP9-1,50000,Vermont,2015Q3,Millions of chained 2017 dollars,6,32150.4
SQGDP9-1,50000,Vermont,2015Q4,Millions of chained 2017 dollars,6,32089.0
SQGDP9-1,50000,Vermont,2016Q1,Millions of chained 2017 dollars,6,32200.6
SQGDP9-1,50000,Vermont,2016Q2,Millions of chained 2017 dollars,6,32198.1
SQGDP9-1,50000,Vermont,2016Q3,Millions of chained 2017 dollars,6,32416.5
SQGDP9-1,50000,Vermont,2016Q4,Millions of chained 2017 dollars,6,32435.5
SQGDP9-1,50000,Vermont,2017Q1,Millions of chained 2017 dollars,6,32495.4
SQGDP9-1,50000,Vermont,2017Q2,Millions of chained 2017 dollars,6,32472.7
SQGDP9-1,50000,Vermont,2017Q3,Millions of chained 2017 dollars,6,32644.0
SQGDP9-1,50000,Vermont,2017Q4,Millions of chained 2017 dollars,6,32744.8
SQGDP9-1,50000,Vermont,2018Q1,Millions of chained 2017 dollars,6,32845.6
SQGDP9-1,50000,Vermont,2018Q2,Millions of chained 2017 dollars,6,32915.3
SQGDP9-1,50000,Vermont,2018Q3,Millions of chained 2017 dollars,6,32781.0
SQGDP9-1,50000,Vermont,2018Q4,Millions of chained 2017 dollars,6,32769.2
SQGDP9-1,50000,Vermont,2019Q1,Millions of chained 2017 dollars,6,33138.3
SQGDP9-1,50000,Vermont,2019Q2,Millions of chained 2017 dollars,6,33068.9
SQGDP9-1,50000,Vermont,2019Q3,Millions of chained 2017 dollars,6,33560.2
SQGDP9-1,50000,Vermont,2019Q4,Millions of chained 2017 dollars,6,33590.3
SQGDP9-1,50000,Vermont,2020Q1,Millions of chained 2017 dollars,6,33785.1
SQGDP9-1,50000,Vermont,2020Q2,Millions of chained 2017 dollars,6,30060.5
SQGDP9-1,50000,Vermont,2020Q3,Millions of chained 2017 dollars,6,32808.0
SQGDP9-1,50000,Vermont,2020Q4,Millions of chained 2017 dollars,6,32981.4
SQGDP9-1,50000,Vermont,2021Q1,Millions of chained 2017 dollars,6,33204.0
SQGDP9-1,50000,Vermont,2021Q2,Millions of chained 2017 dollars,6,33398.8
SQGDP9-1,50000,Vermont,2021Q3,Millions of chained 2017 dollars,6,33719.6
SQGDP9-1,50000,Vermont,2021Q4,Millions of chained 2017 dollars,6,34015.0
SQGDP9-1,50000,Vermont,2022Q1,Millions of chained 2017 dollars,6,34635.6
SQGDP9-1,50000,Vermont,2022Q2,Millions of chained 2017 dollars,6,34894.7
SQGDP9-1,50000,Vermont,2022Q3,Millions of chained 2017 dollars,6,34842.7
SQGDP9-1,50000,Vermont,2022Q4,Millions of chained 2017 dollars,6,35290.5
SQGDP9-1,50000,Vermont,2023Q1,Millions of chained 2017 dollars,6,35250.3
SQGDP9-1,50000,Vermont,2023Q2,Millions of chained 2017 dollars,6,35338.0
SQGDP9-1,50000,Vermont,2023Q3,Millions of chained 2017 dollars,6,35420.6
SQGDP9-1,50000,Vermont,2023Q4,Millions of chained 2017 dollars,6,35988.8
SQGDP9-1,50000,Vermont,2024Q1,Millions of chained 2017 dollars,6,35922.3
SQGDP9-1,50000,Vermont,2024Q2,Millions of chained 2017 dollars,6,36283.6
SQGDP9-1,50000,Vermont,2024Q3,Millions of chained 2017 dollars,6,36623.6
SQGDP9-1,50000,Vermont,2024Q4,Millions of chained 2017 dollars,6,36766.3
SQGDP9-1,50000,Vermont,2025Q1,Millions of chained 2017 dollars,6,36551.2
SQGDP9-1,50000,Vermont,2025Q2,Millions of chained 2017 dollars,6,36739.9
SQGDP9-1,50000,Vermont,2025Q3,Millions of chained 2017 dollars,6,37187.4
SQGDP9-1,50000,Vermont,2025Q4,Millions of chained 2017 dollars,6,37154.3
SQGDP9-1,50000,Vermont,2026Q1,Millions of chained 2017 dollars,6,37205.4
SQGDP9-1,51000,Virginia,2005Q1,Millions of chained 2017 dollars,6,435696.1
SQGDP9-1,51000,Virginia,2005Q2,Millions of chained 2017 dollars,6,440626.2
SQGDP9-1,51000,Virginia,2005Q3,Millions of chained 2017 dollars,6,445933.4
SQGDP9-1,51000,Virginia,2005Q4,Millions of chained 2017 dollars,6,446102.5
SQGDP9-1,51000,Virginia,2006Q1,Millions of chained 2017 dollars,6,451675.5
SQGDP9-1,51000,Virginia,2006Q2,Millions of chained 2017 dollars,6,451146.5
SQGDP9-1,51000,Virginia,2006Q3,Millions of chained 2017 dollars,6,450895.4
SQGDP9-1,51000,Virginia,2006Q4,Millions of chained 2017 dollars,6,451335.0
SQGDP9-1,51000,Virginia,2007Q1,Millions of chained 2017 dollars,6,454548.4
SQGDP9-1,51000,Virginia,2007Q2,Millions of chained 2017 dollars,6,455549.1
SQGDP9-1,51000,Virginia,2007Q3,Millions of chained 2017 dollars,6,459533.2
SQGDP9-1,51000,Virginia,2007Q4,Millions of chained 2017 dollars,6,460644.8
SQGDP9-1,51000,Virginia,2008Q1,Millions of chained 2017 dollars,6,459850.5
SQGDP9-1,51000,Virginia,2008Q2,Millions of chained 2017 dollars,6,464445.2
SQGDP9-1,51000,Virginia,2008Q3,Millions of chained 2017 dollars,6,465329.7
SQGDP9-1,51000,Virginia,2008Q4,Millions of chained 2017 dollars,6,458513.4
SQGDP9-1,51000,Virginia,2009Q1,Millions of chained 2017 dollars,6,454940.1
SQGDP9-1,51000,Virginia,2009Q2,Millions of chained 2017 dollars,6,458521.7
SQGDP9-1,51000,Virginia,2009Q3,Millions of chained 2017 dollars,6,460604.1
SQGDP9-1,51000,Virginia,2009Q4,Millions of chained 2017 dollars,6,466235.1
SQGDP9-1,51000,Virginia,2010Q1,Millions of chained 2017 dollars,6,469452.4
SQGDP9-1,51000,Virginia,2010Q2,Millions of chained 2017 dollars,6,475379.6
SQGDP9-1,51000,Virginia,2010Q3,Millions of chained 2017 dollars,6,478441.8
SQGDP9-1,51000,Virginia,2010Q4,Millions of chained 2017 dollars,6,479523.4
SQGDP9-1,51000,Virginia,2011Q1,Millions of chained 2017 dollars,6,476714.3
SQGDP9-1,51000,Virginia,2011Q2,Millions of chained 2017 dollars,6,478945.8
SQGDP9-1,51000,Virginia,2011Q3,Millions of chained 2017 dollars,6,479365.6
SQGDP9-1,51000,Virginia,2011Q4,Millions of chained 2017 dollars,6,483259.9
SQGDP9-1,51000,Virginia,2012Q1,Millions of chained 2017 dollars,6,482171.8
SQGDP9-1,51000,Virginia,2012Q2,Millions of chained 2017 dollars,6,483030.0
SQGDP9-1,51000,Virginia,2012Q3,Millions of chained 2017 dollars,6,484429.2
SQGDP9-1,51000,Virginia,2012Q4,Millions of chained 2017 dollars,6,482534.5
SQGDP9-1,51000,Virginia,2013Q1,Millions of chained 2017 dollars,6,489999.3
SQGDP9-1,51000,Virginia,2013Q2,Millions of chained 2017 dollars,6,487581.2
SQGDP9-1,51000,Virginia,2013Q3,Millions of chained 2017 dollars,6,488724.3
SQGDP9-1,51000,Virginia,2013Q4,Millions of chained 2017 dollars,6,488660.3
SQGDP9-1,51000,Virginia,2014Q1,Millions of chained 2017 dollars,6,485534.4
SQGDP9-1,51000,Virginia,2014Q2,Millions of chained 2017 dollars,6,488846.7
SQGDP9-1,51000,Virginia,2014Q3,Millions of chained 2017 dollars,6,490370.8
SQGDP9-1,51000,Virginia,2014Q4,Millions of chained 2017 dollars,6,490922.5
SQGDP9-1,51000,Virginia,2015Q1,Millions of chained 2017 dollars,6,493698.2
SQGDP9-1,51000,Virginia,2015Q2,Millions of chained 2017 dollars,6,499128.9
SQGDP9-1,51000,Virginia,2015Q3,Millions of chained 2017 dollars,6,501824.7
SQGDP9-1,51000,Virginia,2015Q4,Millions of chained 2017 dollars,6,501122.6
SQGDP9-1,51000,Virginia,2016Q1,Millions of chained 2017 dollars,6,499218.7
SQGDP9-1,51000,Virginia,2016Q2,Millions of chained 2017 dollars,6,502962.6
SQGDP9-1,51000,Virginia,2016Q3,Millions of chained 2017 dollars,6,506551.4
SQGDP9-1,51000,Virginia,2016Q4,Millions of chained 2017 dollars,6,511698.2
SQGDP9-1,51000,Virginia,2017Q1,Millions of chained 2017 dollars,6,510171.6
SQGDP9-1,51000,Virginia,2017Q2,Millions of chained 2017 dollars,6,513422.3
SQGDP9-1,51000,Virginia,2017Q3,Millions of chained 2017 dollars,6,516380.7
SQGDP9-1,51000,Virginia,2017Q4,Millions of chained 2017 dollars,6,520694.0
SQGDP9-1,51000,Virginia,2018Q1,Millions of chained 2017 dollars,6,523863.5
SQGDP9-1,51000,Virginia,2018Q2,Millions of chained 2017 dollars,6,526704.6
SQGDP9-1,51000,Virginia,2018Q3,Millions of chained 2017 dollars,6,530187.4
SQGDP9-1,51000,Virginia,2018Q4,Millions of chained 2017 dollars,6,530314.6
SQGDP9-1,51000,Virginia,2019Q1,Millions of chained 2017 dollars,6,533744.8
SQGDP9-1,51000,Virginia,2019Q2,Millions of chained 2017 dollars,6,536849.0
SQGDP9-1,51000,Virginia,2019Q3,Millions of chained 2017 dollars,6,545541.4
SQGDP9-1,51000,Virginia,2019Q4,Millions of chained 2017 dollars,6,547976.6
SQGDP9-1,51000,Virginia,2020Q1,Millions of chained 2017 dollars,6,542710.3
SQGDP9-1,51000,Virginia,2020Q2,Millions of chained 2017 dollars,6,509416.3
SQGDP9-1,51000,Virginia,2020Q3,Millions of chained 2017 dollars,6,540752.7
SQGDP9-1,51000,Virginia,2020Q4,Millions of chained 2017 dollars,6,548018.2
SQGDP9-1,51000,Virginia,2021Q1,Millions of chained 2017 dollars,6,557136.8
SQGDP9-1,51000,Virginia,2021Q2,Millions of chained 2017 dollars,6,563312.2
SQGDP9-1,51000,Virginia,2021Q3,Millions of chained 2017 dollars,6,567481.1
SQGDP9-1,51000,Virginia,2021Q4,Millions of chained 2017 dollars,6,575232.5
SQGDP9-1,51000,Virginia,2022Q1,Millions of chained 2017 dollars,6,573454.6
SQGDP9-1,51000,Virginia,2022Q2,Millions of chained 2017 dollars,6,574729.9
SQGDP9-1,51000,Virginia,2022Q3,Millions of chained 2017 dollars,6,582924.4
SQGDP9-1,51000,Virginia,2022Q4,Millions of chained 2017 dollars,6,586098.5
SQGDP9-1,51000,Virginia,2023Q1,Millions of chained 2017 dollars,6,591222.1
SQGDP9-1,51000,Virginia,2023Q2,Millions of chained 2017 dollars,6,596129.8
SQGDP9-1,51000,Virginia,2023Q3,Millions of chained 2017 dollars,6,601251.1
SQGDP9-1,51000,Virginia,2023Q4,Millions of chained 2017 dollars,6,608440.9
SQGDP9-1,51000,Virginia,2024Q1,Millions of chained 2017 dollars,6,607243.5
SQGDP9-1,51000,Virginia,2024Q2,Millions of chained 2017 dollars,6,611835.0
SQGDP9-1,51000,Virginia,2024Q3,Millions of chained 2017 dollars,6,615503.9
SQGDP9-1,51000,Virginia,2024Q4,Millions of chained 2017 dollars,6,620252.5
SQGDP9-1,51000,Virginia,2025Q1,Millions of chained 2017 dollars,6,619328.1
SQGDP9-1,51000,Virginia,2025Q2,Millions of chained 2017 dollars,6,622001.2
SQGDP9-1,51000,Virginia,2025Q3,Millions of chained 2017 dollars,6,628655.8
SQGDP9-1,51000,Virginia,2025Q4,Millions of chained 2017 dollars,6,625810.6
SQGDP9-1,51000,Virginia,2026Q1,Millions of chained 2017 dollars,6,626535.1
SQGDP9-1,53000,Washington,2005Q1,Millions of chained 2017 dollars,6,353656.5
SQGDP9-1,53000,Washington,2005Q2,Millions of chained 2017 dollars,6,357307.6
SQGDP9-1,53000,Washington,2005Q3,Millions of chained 2017 dollars,6,358068.6
SQGDP9-1,53000,Washington,2005Q4,Millions of chained 2017 dollars,6,364552.5
SQGDP9-1,53000,Washington,2006Q1,Millions of chained 2017 dollars,6,368433.6
SQGDP9-1,53000,Washington,2006Q2,Millions of chained 2017 dollars,6,369574.1
SQGDP9-1,53000,Washington,2006Q3,Millions of chained 2017 dollars,6,372581.6
SQGDP9-1,53000,Washington,2006Q4,Millions of chained 2017 dollars,6,377990.9
SQGDP9-1,53000,Washington,2007Q1,Millions of chained 2017 dollars,6,379288.1
SQGDP9-1,53000,Washington,2007Q2,Millions of chained 2017 dollars,6,391041.7
SQGDP9-1,53000,Washington,2007Q3,Millions of chained 2017 dollars,6,399727.5
SQGDP9-1,53000,Washington,2007Q4,Millions of chained 2017 dollars,6,406830.4
SQGDP9-1,53000,Washington,2008Q1,Millions of chained 2017 dollars,6,399801.0
SQGDP9-1,53000,Washington,2008Q2,Millions of chained 2017 dollars,6,403326.3
SQGDP9-1,53000,Washington,2008Q3,Millions of chained 2017 dollars,6,406554.9
SQGDP9-1,53000,Washington,2008Q4,Millions of chained 2017 dollars,6,394690.5
SQGDP9-1,53000,Washington,2009Q1,Millions of chained 2017 dollars,6,387825.6
SQGDP9-1,53000,Washington,2009Q2,Millions of chained 2017 dollars,6,389395.7
SQGDP9-1,53000,Washington,2009Q3,Millions of chained 2017 dollars,6,389816.6
SQGDP9-1,53000,Washington,2009Q4,Millions of chained 2017 dollars,6,396218.0
SQGDP9-1,53000,Washington,2010Q1,Millions of chained 2017 dollars,6,395822.5
SQGDP9-1,53000,Washington,2010Q2,Millions of chained 2017 dollars,6,403432.2
SQGDP9-1,53000,Washington,2010Q3,Millions of chained 2017 dollars,6,406403.2
SQGDP9-1,53000,Washington,2010Q4,Millions of chained 2017 dollars,6,408227.4
SQGDP9-1,53000,Washington,2011Q1,Millions of chained 2017 dollars,6,407772.7
SQGDP9-1,53000,Washington,2011Q2,Millions of chained 2017 dollars,6,409751.9
SQGDP9-1,53000,Washington,2011Q3,Millions of chained 2017 dollars,6,410108.4
SQGDP9-1,53000,Washington,2011Q4,Millions of chained 2017 dollars,6,418669.8
SQGDP9-1,53000,Washington,2012Q1,Millions of chained 2017 dollars,6,423481.1
SQGDP9-1,53000,Washington,2012Q2,Millions of chained 2017 dollars,6,426625.0
SQGDP9-1,53000,Washington,2012Q3,Millions of chained 2017 dollars,6,430093.7
SQGDP9-1,53000,Washington,2012Q4,Millions of chained 2017 dollars,6,425588.2
SQGDP9-1,53000,Washington,2013Q1,Millions of chained 2017 dollars,6,435032.1
SQGDP9-1,53000,Washington,2013Q2,Millions of chained 2017 dollars,6,436114.3
SQGDP9-1,53000,Washington,2013Q3,Millions of chained 2017 dollars,6,443173.8
SQGDP9-1,53000,Washington,2013Q4,Millions of chained 2017 dollars,6,443568.5
SQGDP9-1,53000,Washington,2014Q1,Millions of chained 2017 dollars,6,447468.6
SQGDP9-1,53000,Washington,2014Q2,Millions of chained 2017 dollars,6,451685.4
SQGDP9-1,53000,Washington,2014Q3,Millions of chained 2017 dollars,6,461886.6
SQGDP9-1,53000,Washington,2014Q4,Millions of chained 2017 dollars,6,463705.5
SQGDP9-1,53000,Washington,2015Q1,Millions of chained 2017 dollars,6,469852.5
SQGDP9-1,53000,Washington,2015Q2,Millions of chained 2017 dollars,6,475605.2
SQGDP9-1,53000,Washington,2015Q3,Millions of chained 2017 dollars,6,481172.3
SQGDP9-1,53000,Washington,2015Q4,Millions of chained 2017 dollars,6,480231.5
SQGDP9-1,53000,Washington,2016Q1,Millions of chained 2017 dollars,6,490534.3
SQGDP9-1,53000,Washington,2016Q2,Millions of chained 2017 dollars,6,489745.3
SQGDP9-1,53000,Washington,2016Q3,Millions of chained 2017 dollars,6,495659.7
SQGDP9-1,53000,Washington,2016Q4,Millions of chained 2017 dollars,6,506960.2
SQGDP9-1,53000,Washington,2017Q1,Millions of chained 2017 dollars,6,514653.3
SQGDP9-1,53000,Washington,2017Q2,Millions of chained 2017 dollars,6,521383.0
SQGDP9-1,53000,Washington,2017Q3,Millions of chained 2017 dollars,6,530953.7
SQGDP9-1,53000,Washington,2017Q4,Millions of chained 2017 dollars,6,541687.4
SQGDP9-1,53000,Washington,2018Q1,Millions of chained 2017 dollars,6,552816.4
SQGDP9-1,53000,Washington,2018Q2,Millions of chained 2017 dollars,6,557718.6
SQGDP9-1,53000,Washington,2018Q3,Millions of chained 2017 dollars,6,567438.7
SQGDP9-1,53000,Washington,2018Q4,Millions of chained 2017 dollars,6,569169.2
SQGDP9-1,53000,Washington,2019Q1,Millions of chained 2017 dollars,6,580940.3
SQGDP9-1,53000,Washington,2019Q2,Millions of chained 2017 dollars,6,584424.1
SQGDP9-1,53000,Washington,2019Q3,Millions of chained 2017 dollars,6,592072.8
SQGDP9-1,53000,Washington,2019Q4,Millions of chained 2017 dollars,6,597740.5
SQGDP9-1,53000,Washington,2020Q1,Millions of chained 2017 dollars,6,590990.0
SQGDP9-1,53000,Washington,2020Q2,Millions of chained 2017 dollars,6,557075.5
SQGDP9-1,53000,Washington,2020Q3,Millions of chained 2017 dollars,6,601905.9
SQGDP9-1,53000,Washington,2020Q4,Millions of chained 2017 dollars,6,598699.7
SQGDP9-1,53000,Washington,2021Q1,Millions of chained 2017 dollars,6,614968.4
SQGDP9-1,53000,Washington,2021Q2,Millions of chained 2017 dollars,6,626627.7
SQGDP9-1,53000,Washington,2021Q3,Millions of chained 2017 dollars,6,625479.3
SQGDP9-1,53000,Washington,2021Q4,Millions of chained 2017 dollars,6,637413.2
SQGDP9-1,53000,Washington,2022Q1,Millions of chained 2017 dollars,6,635403.0
SQGDP9-1,53000,Washington,2022Q2,Millions of chained 2017 dollars,6,637589.3
SQGDP9-1,53000,Washington,2022Q3,Millions of chained 2017 dollars,6,645454.5
SQGDP9-1,53000,Washington,2022Q4,Millions of chained 2017 dollars,6,653623.5
SQGDP9-1,53000,Washington,2023Q1,Millions of chained 2017 dollars,6,661691.4
SQGDP9-1,53000,Washington,2023Q2,Millions of chained 2017 dollars,6,662872.6
SQGDP9-1,53000,Washington,2023Q3,Millions of chained 2017 dollars,6,675387.1
SQGDP9-1,53000,Washington,2023Q4,Millions of chained 2017 dollars,6,683960.1
SQGDP9-1,53000,Washington,2024Q1,Millions of chained 2017 dollars,6,687694.4
SQGDP9-1,53000,Washington,2024Q2,Millions of chained 2017 dollars,6,703287.6
SQGDP9-1,53000,Washington,2024Q3,Millions of chained 2017 dollars,6,705972.2
SQGDP9-1,53000,Washington,2024Q4,Millions of chained 2017 dollars,6,711975.0
SQGDP9-1,53000,Washington,2025Q1,Millions of chained 2017 dollars,6,710202.4
SQGDP9-1,53000,Washington,2025Q2,Millions of chained 2017 dollars,6,716173.1
SQGDP9-1,53000,Washington,2025Q3,Millions of chained 2017 dollars,6,722171.8
SQGDP9-1,53000,Washington,2025Q4,Millions of chained 2017 dollars,6,721536.2
SQGDP9-1,53000,Washington,2026Q1,Millions of chained 2017 dollars,6,729535.7
SQGDP9-1,54000,West Virginia,2005Q1,Millions of chained 2017 dollars,6,67550.4
SQGDP9-1,54000,West Virginia,2005Q2,Millions of chained 2017 dollars,6,68443.6
SQGDP9-1,54000,West Virginia,2005Q3,Millions of chained 2017 dollars,6,67715.8
SQGDP9-1,54000,West Virginia,2005Q4,Millions of chained 2017 dollars,6,67845.2
SQGDP9-1,54000,West Virginia,2006Q1,Millions of chained 2017 dollars,6,68642.7
SQGDP9-1,54000,West Virginia,2006Q2,Millions of chained 2017 dollars,6,68949.2
SQGDP9-1,54000,West Virginia,2006Q3,Millions of chained 2017 dollars,6,68872.8
SQGDP9-1,54000,West Virginia,2006Q4,Millions of chained 2017 dollars,6,69135.3
SQGDP9-1,54000,West Virginia,2007Q1,Millions of chained 2017 dollars,6,68849.1
SQGDP9-1,54000,West Virginia,2007Q2,Millions of chained 2017 dollars,6,69265.5
SQGDP9-1,54000,West Virginia,2007Q3,Millions of chained 2017 dollars,6,69719.0
SQGDP9-1,54000,West Virginia,2007Q4,Millions of chained 2017 dollars,6,69662.7
SQGDP9-1,54000,West Virginia,2008Q1,Millions of chained 2017 dollars,6,69550.0
SQGDP9-1,54000,West Virginia,2008Q2,Millions of chained 2017 dollars,6,70434.7
SQGDP9-1,54000,West Virginia,2008Q3,Millions of chained 2017 dollars,6,71212.0
SQGDP9-1,54000,West Virginia,2008Q4,Millions of chained 2017 dollars,6,72670.3
SQGDP9-1,54000,West Virginia,2009Q1,Millions of chained 2017 dollars,6,72474.2
SQGDP9-1,54000,West Virginia,2009Q2,Millions of chained 2017 dollars,6,70913.9
SQGDP9-1,54000,West Virginia,2009Q3,Millions of chained 2017 dollars,6,69880.3
SQGDP9-1,54000,West Virginia,2009Q4,Millions of chained 2017 dollars,6,70277.5
SQGDP9-1,54000,West Virginia,2010Q1,Millions of chained 2017 dollars,6,70034.3
SQGDP9-1,54000,West Virginia,2010Q2,Millions of chained 2017 dollars,6,71308.7
SQGDP9-1,54000,West Virginia,2010Q3,Millions of chained 2017 dollars,6,73258.8
SQGDP9-1,54000,West Virginia,2010Q4,Millions of chained 2017 dollars,6,72693.3
SQGDP9-1,54000,West Virginia,2011Q1,Millions of chained 2017 dollars,6,71794.4
SQGDP9-1,54000,West Virginia,2011Q2,Millions of chained 2017 dollars,6,73243.0
SQGDP9-1,54000,West Virginia,2011Q3,Millions of chained 2017 dollars,6,73446.5
SQGDP9-1,54000,West Virginia,2011Q4,Millions of chained 2017 dollars,6,74216.8
SQGDP9-1,54000,West Virginia,2012Q1,Millions of chained 2017 dollars,6,73737.6
SQGDP9-1,54000,West Virginia,2012Q2,Millions of chained 2017 dollars,6,73968.2
SQGDP9-1,54000,West Virginia,2012Q3,Millions of chained 2017 dollars,6,72801.4
SQGDP9-1,54000,West Virginia,2012Q4,Millions of chained 2017 dollars,6,71990.9
SQGDP9-1,54000,West Virginia,2013Q1,Millions of chained 2017 dollars,6,73964.8
SQGDP9-1,54000,West Virginia,2013Q2,Millions of chained 2017 dollars,6,73838.7
SQGDP9-1,54000,West Virginia,2013Q3,Millions of chained 2017 dollars,6,73840.1
SQGDP9-1,54000,West Virginia,2013Q4,Millions of chained 2017 dollars,6,74152.2
SQGDP9-1,54000,West Virginia,2014Q1,Millions of chained 2017 dollars,6,72956.3
SQGDP9-1,54000,West Virginia,2014Q2,Millions of chained 2017 dollars,6,74087.8
SQGDP9-1,54000,West Virginia,2014Q3,Millions of chained 2017 dollars,6,74550.9
SQGDP9-1,54000,West Virginia,2014Q4,Millions of chained 2017 dollars,6,74850.1
SQGDP9-1,54000,West Virginia,2015Q1,Millions of chained 2017 dollars,6,74439.6
SQGDP9-1,54000,West Virginia,2015Q2,Millions of chained 2017 dollars,6,74461.3
SQGDP9-1,54000,West Virginia,2015Q3,Millions of chained 2017 dollars,6,74213.3
SQGDP9-1,54000,West Virginia,2015Q4,Millions of chained 2017 dollars,6,73931.3
SQGDP9-1,54000,West Virginia,2016Q1,Millions of chained 2017 dollars,6,74212.5
SQGDP9-1,54000,West Virginia,2016Q2,Millions of chained 2017 dollars,6,73463.2
SQGDP9-1,54000,West Virginia,2016Q3,Millions of chained 2017 dollars,6,73292.7
SQGDP9-1,54000,West Virginia,2016Q4,Millions of chained 2017 dollars,6,73084.6
SQGDP9-1,54000,West Virginia,2017Q1,Millions of chained 2017 dollars,6,74872.4
SQGDP9-1,54000,West Virginia,2017Q2,Millions of chained 2017 dollars,6,74811.3
SQGDP9-1,54000,West Virginia,2017Q3,Millions of chained 2017 dollars,6,75386.7
SQGDP9-1,54000,West Virginia,2017Q4,Millions of chained 2017 dollars,6,75619.4
SQGDP9-1,54000,West Virginia,2018Q1,Millions of chained 2017 dollars,6,76218.4
SQGDP9-1,54000,West Virginia,2018Q2,Millions of chained 2017 dollars,6,77353.2
SQGDP9-1,54000,West Virginia,2018Q3,Millions of chained 2017 dollars,6,78193.5
SQGDP9-1,54000,West Virginia,2018Q4,Millions of chained 2017 dollars,6,77861.0
SQGDP9-1,54000,West Virginia,2019Q1,Millions of chained 2017 dollars,6,76945.5
SQGDP9-1,54000,West Virginia,2019Q2,Millions of chained 2017 dollars,6,77062.2
SQGDP9-1,54000,West Virginia,2019Q3,Millions of chained 2017 dollars,6,77703.4
SQGDP9-1,54000,West Virginia,2019Q4,Millions of chained 2017 dollars,6,76937.7
SQGDP9-1,54000,West Virginia,2020Q1,Millions of chained 2017 dollars,6,76488.9
SQGDP9-1,54000,West Virginia,2020Q2,Millions of chained 2017 dollars,6,70433.5
SQGDP9-1,54000,West Virginia,2020Q3,Millions of chained 2017 dollars,6,76024.6
SQGDP9-1,54000,West Virginia,2020Q4,Millions of chained 2017 dollars,6,75971.6
SQGDP9-1,54000,West Virginia,2021Q1,Millions of chained 2017 dollars,6,76289.5
SQGDP9-1,54000,West Virginia,2021Q2,Millions of chained 2017 dollars,6,75814.4
SQGDP9-1,54000,West Virginia,2021Q3,Millions of chained 2017 dollars,6,76363.4
SQGDP9-1,54000,West Virginia,2021Q4,Millions of chained 2017 dollars,6,76456.1
SQGDP9-1,54000,West Virginia,2022Q1,Millions of chained 2017 dollars,6,76341.2
SQGDP9-1,54000,West Virginia,2022Q2,Millions of chained 2017 dollars,6,76201.6
SQGDP9-1,54000,West Virginia,2022Q3,Millions of chained 2017 dollars,6,78079.0
SQGDP9-1,54000,West Virginia,2022Q4,Millions of chained 2017 dollars,6,79574.6
SQGDP9-1,54000,West Virginia,2023Q1,Millions of chained 2017 dollars,6,79239.5
SQGDP9-1,54000,West Virginia,2023Q2,Millions of chained 2017 dollars,6,80564.2
SQGDP9-1,54000,West Virginia,2023Q3,Millions of chained 2017 dollars,6,80097.1
SQGDP9-1,54000,West Virginia,2023Q4,Millions of chained 2017 dollars,6,81558.9
SQGDP9-1,54000,West Virginia,2024Q1,Millions of chained 2017 dollars,6,82570.0
SQGDP9-1,54000,West Virginia,2024Q2,Millions of chained 2017 dollars,6,82665.7
SQGDP9-1,54000,West Virginia,2024Q3,Millions of chained 2017 dollars,6,82536.9
SQGDP9-1,54000,West Virginia,2024Q4,Millions of chained 2017 dollars,6,83093.1
SQGDP9-1,54000,West Virginia,2025Q1,Millions of chained 2017 dollars,6,82105.2
SQGDP9-1,54000,West Virginia,2025Q2,Millions of chained 2017 dollars,6,82927.7
SQGDP9-1,54000,West Virginia,2025Q3,Millions of chained 2017 dollars,6,83932.6
SQGDP9-1,54000,West Virginia,2025Q4,Millions of chained 2017 dollars,6,83717.3
SQGDP9-1,54000,West Virginia,2026Q1,Millions of chained 2017 dollars,6,84016.4
SQGDP9-1,55000,Wisconsin,2005Q1,Millions of chained 2017 dollars,6,279902.3
SQGDP9-1,55000,Wisconsin,2005Q2,Millions of chained 2017 dollars,6,281326.0
SQGDP9-1,55000,Wisconsin,2005Q3,Millions of chained 2017 dollars,6,284557.8
SQGDP9-1,55000,Wisconsin,2005Q4,Millions of chained 2017 dollars,6,282476.6
SQGDP9-1,55000,Wisconsin,2006Q1,Millions of chained 2017 dollars,6,286216.2
SQGDP9-1,55000,Wisconsin,2006Q2,Millions of chained 2017 dollars,6,286780.0
SQGDP9-1,55000,Wisconsin,2006Q3,Millions of chained 2017 dollars,6,287276.0
SQGDP9-1,55000,Wisconsin,2006Q4,Millions of chained 2017 dollars,6,288314.1
SQGDP9-1,55000,Wisconsin,2007Q1,Millions of chained 2017 dollars,6,288576.7
SQGDP9-1,55000,Wisconsin,2007Q2,Millions of chained 2017 dollars,6,289401.7
SQGDP9-1,55000,Wisconsin,2007Q3,Millions of chained 2017 dollars,6,290829.8
SQGDP9-1,55000,Wisconsin,2007Q4,Millions of chained 2017 dollars,6,290612.7
SQGDP9-1,55000,Wisconsin,2008Q1,Millions of chained 2017 dollars,6,288584.9
SQGDP9-1,55000,Wisconsin,2008Q2,Millions of chained 2017 dollars,6,289724.5
SQGDP9-1,55000,Wisconsin,2008Q3,Millions of chained 2017 dollars,6,286753.8
SQGDP9-1,55000,Wisconsin,2008Q4,Millions of chained 2017 dollars,6,279755.7
SQGDP9-1,55000,Wisconsin,2009Q1,Millions of chained 2017 dollars,6,273478.6
SQGDP9-1,55000,Wisconsin,2009Q2,Millions of chained 2017 dollars,6,275251.9
SQGDP9-1,55000,Wisconsin,2009Q3,Millions of chained 2017 dollars,6,278009.5
SQGDP9-1,55000,Wisconsin,2009Q4,Millions of chained 2017 dollars,6,282377.5
SQGDP9-1,55000,Wisconsin,2010Q1,Millions of chained 2017 dollars,6,282594.8
SQGDP9-1,55000,Wisconsin,2010Q2,Millions of chained 2017 dollars,6,285988.2
SQGDP9-1,55000,Wisconsin,2010Q3,Millions of chained 2017 dollars,6,289735.6
SQGDP9-1,55000,Wisconsin,2010Q4,Millions of chained 2017 dollars,6,292293.0
SQGDP9-1,55000,Wisconsin,2011Q1,Millions of chained 2017 dollars,6,290375.7
SQGDP9-1,55000,Wisconsin,2011Q2,Millions of chained 2017 dollars,6,292629.8
SQGDP9-1,55000,Wisconsin,2011Q3,Millions of chained 2017 dollars,6,294896.2
SQGDP9-1,55000,Wisconsin,2011Q4,Millions of chained 2017 dollars,6,296754.1
SQGDP9-1,55000,Wisconsin,2012Q1,Millions of chained 2017 dollars,6,300117.3
SQGDP9-1,55000,Wisconsin,2012Q2,Millions of chained 2017 dollars,6,300594.6
SQGDP9-1,55000,Wisconsin,2012Q3,Millions of chained 2017 dollars,6,298154.7
SQGDP9-1,55000,Wisconsin,2012Q4,Millions of chained 2017 dollars,6,297164.0
SQGDP9-1,55000,Wisconsin,2013Q1,Millions of chained 2017 dollars,6,299961.0
SQGDP9-1,55000,Wisconsin,2013Q2,Millions of chained 2017 dollars,6,300046.8
SQGDP9-1,55000,Wisconsin,2013Q3,Millions of chained 2017 dollars,6,301753.8
SQGDP9-1,55000,Wisconsin,2013Q4,Millions of chained 2017 dollars,6,304440.3
SQGDP9-1,55000,Wisconsin,2014Q1,Millions of chained 2017 dollars,6,303094.9
SQGDP9-1,55000,Wisconsin,2014Q2,Millions of chained 2017 dollars,6,309913.4
SQGDP9-1,55000,Wisconsin,2014Q3,Millions of chained 2017 dollars,6,311752.2
SQGDP9-1,55000,Wisconsin,2014Q4,Millions of chained 2017 dollars,6,312942.8
SQGDP9-1,55000,Wisconsin,2015Q1,Millions of chained 2017 dollars,6,314380.5
SQGDP9-1,55000,Wisconsin,2015Q2,Millions of chained 2017 dollars,6,315612.4
SQGDP9-1,55000,Wisconsin,2015Q3,Millions of chained 2017 dollars,6,315959.5
SQGDP9-1,55000,Wisconsin,2015Q4,Millions of chained 2017 dollars,6,316798.7
SQGDP9-1,55000,Wisconsin,2016Q1,Millions of chained 2017 dollars,6,317553.9
SQGDP9-1,55000,Wisconsin,2016Q2,Millions of chained 2017 dollars,6,318311.7
SQGDP9-1,55000,Wisconsin,2016Q3,Millions of chained 2017 dollars,6,321124.9
SQGDP9-1,55000,Wisconsin,2016Q4,Millions of chained 2017 dollars,6,320098.5
SQGDP9-1,55000,Wisconsin,2017Q1,Millions of chained 2017 dollars,6,320337.6
SQGDP9-1,55000,Wisconsin,2017Q2,Millions of chained 2017 dollars,6,320226.5
SQGDP9-1,55000,Wisconsin,2017Q3,Millions of chained 2017 dollars,6,323255.0
SQGDP9-1,55000,Wisconsin,2017Q4,Millions of chained 2017 dollars,6,323728.0
SQGDP9-1,55000,Wisconsin,2018Q1,Millions of chained 2017 dollars,6,328430.7
SQGDP9-1,55000,Wisconsin,2018Q2,Millions of chained 2017 dollars,6,327148.2
SQGDP9-1,55000,Wisconsin,2018Q3,Millions of chained 2017 dollars,6,329209.2
SQGDP9-1,55000,Wisconsin,2018Q4,Millions of chained 2017 dollars,6,330541.4
SQGDP9-1,55000,Wisconsin,2019Q1,Millions of chained 2017 dollars,6,330412.3
SQGDP9-1,55000,Wisconsin,2019Q2,Millions of chained 2017 dollars,6,332654.2
SQGDP9-1,55000,Wisconsin,2019Q3,Millions of chained 2017 dollars,6,333482.7
SQGDP9-1,55000,Wisconsin,2019Q4,Millions of chained 2017 dollars,6,336477.9
SQGDP9-1,55000,Wisconsin,2020Q1,Millions of chained 2017 dollars,6,328507.4
SQGDP9-1,55000,Wisconsin,2020Q2,Millions of chained 2017 dollars,6,306212.3
SQGDP9-1,55000,Wisconsin,2020Q3,Millions of chained 2017 dollars,6,328558.7
SQGDP9-1,55000,Wisconsin,2020Q4,Millions of chained 2017 dollars,6,332779.1
SQGDP9-1,55000,Wisconsin,2021Q1,Millions of chained 2017 dollars,6,330645.2
SQGDP9-1,55000,Wisconsin,2021Q2,Millions of chained 2017 dollars,6,334763.8
SQGDP9-1,55000,Wisconsin,2021Q3,Millions of chained 2017 dollars,6,334178.0
SQGDP9-1,55000,Wisconsin,2021Q4,Millions of chained 2017 dollars,6,339807.5
SQGDP9-1,55000,Wisconsin,2022Q1,Millions of chained 2017 dollars,6,340004.0
SQGDP9-1,55000,Wisconsin,2022Q2,Millions of chained 2017 dollars,6,341126.1
SQGDP9-1,55000,Wisconsin,2022Q3,Millions of chained 2017 dollars,6,343315.7
SQGDP9-1,55000,Wisconsin,2022Q4,Millions of chained 2017 dollars,6,343055.1
SQGDP9-1,55000,Wisconsin,2023Q1,Millions of chained 2017 dollars,6,343507.6
SQGDP9-1,55000,Wisconsin,2023Q2,Millions of chained 2017 dollars,6,344297.0
SQGDP9-1,55000,Wisconsin,2023Q3,Millions of chained 2017 dollars,6,348512.8
SQGDP9-1,55000,Wisconsin,2023Q4,Millions of chained 2017 dollars,6,352115.5
SQGDP9-1,55000,Wisconsin,2024Q1,Millions of chained 2017 dollars,6,350692.7
SQGDP9-1,55000,Wisconsin,2024Q2,Millions of chained 2017 dollars,6,353135.8
SQGDP9-1,55000,Wisconsin,2024Q3,Millions of chained 2017 dollars,6,356768.5
SQGDP9-1,55000,Wisconsin,2024Q4,Millions of chained 2017 dollars,6,356931.5
SQGDP9-1,55000,Wisconsin,2025Q1,Millions of chained 2017 dollars,6,355313.8
SQGDP9-1,55000,Wisconsin,2025Q2,Millions of chained 2017 dollars,6,358475.1
SQGDP9-1,55000,Wisconsin,2025Q3,Millions of chained 2017 dollars,6,362279.4
SQGDP9-1,55000,Wisconsin,2025Q4,Millions of chained 2017 dollars,6,362343.9
SQGDP9-1,55000,Wisconsin,2026Q1,Millions of chained 2017 dollars,6,363124.8
SQGDP9-1,56000,Wyoming,2005Q1,Millions of chained 2017 dollars,6,32438.9
SQGDP9-1,56000,Wyoming,2005Q2,Millions of chained 2017 dollars,6,33000.3
SQGDP9-1,56000,Wyoming,2005Q3,Millions of chained 2017 dollars,6,32043.6
SQGDP9-1,56000,Wyoming,2005Q4,Millions of chained 2017 dollars,6,32369.7
SQGDP9-1,56000,Wyoming,2006Q1,Millions of chained 2017 dollars,6,34634.2
SQGDP9-1,56000,Wyoming,2006Q2,Millions of chained 2017 dollars,6,36063.7
SQGDP9-1,56000,Wyoming,2006Q3,Millions of chained 2017 dollars,6,37523.7
SQGDP9-1,56000,Wyoming,2006Q4,Millions of chained 2017 dollars,6,38401.0
SQGDP9-1,56000,Wyoming,2007Q1,Millions of chained 2017 dollars,6,38935.5
SQGDP9-1,56000,Wyoming,2007Q2,Millions of chained 2017 dollars,6,39413.5
SQGDP9-1,56000,Wyoming,2007Q3,Millions of chained 2017 dollars,6,39545.0
SQGDP9-1,56000,Wyoming,2007Q4,Millions of chained 2017 dollars,6,40125.4
SQGDP9-1,56000,Wyoming,2008Q1,Millions of chained 2017 dollars,6,40474.9
SQGDP9-1,56000,Wyoming,2008Q2,Millions of chained 2017 dollars,6,40524.7
SQGDP9-1,56000,Wyoming,2008Q3,Millions of chained 2017 dollars,6,41111.2
SQGDP9-1,56000,Wyoming,2008Q4,Millions of chained 2017 dollars,6,44454.2
SQGDP9-1,56000,Wyoming,2009Q1,Millions of chained 2017 dollars,6,44061.4
SQGDP9-1,56000,Wyoming,2009Q2,Millions of chained 2017 dollars,6,40885.2
SQGDP9-1,56000,Wyoming,2009Q3,Millions of chained 2017 dollars,6,39453.7
SQGDP9-1,56000,Wyoming,2009Q4,Millions of chained 2017 dollars,6,37998.0
SQGDP9-1,56000,Wyoming,2010Q1,Millions of chained 2017 dollars,6,38623.8
SQGDP9-1,56000,Wyoming,2010Q2,Millions of chained 2017 dollars,6,39146.3
SQGDP9-1,56000,Wyoming,2010Q3,Millions of chained 2017 dollars,6,39629.0
SQGDP9-1,56000,Wyoming,2010Q4,Millions of chained 2017 dollars,6,39144.3
SQGDP9-1,56000,Wyoming,2011Q1,Millions of chained 2017 dollars,6,38710.7
SQGDP9-1,56000,Wyoming,2011Q2,Millions of chained 2017 dollars,6,38759.1
SQGDP9-1,56000,Wyoming,2011Q3,Millions of chained 2017 dollars,6,38793.8
SQGDP9-1,56000,Wyoming,2011Q4,Millions of chained 2017 dollars,6,39455.7
SQGDP9-1,56000,Wyoming,2012Q1,Millions of chained 2017 dollars,6,38625.0
SQGDP9-1,56000,Wyoming,2012Q2,Millions of chained 2017 dollars,6,38652.9
SQGDP9-1,56000,Wyoming,2012Q3,Millions of chained 2017 dollars,6,37613.8
SQGDP9-1,56000,Wyoming,2012Q4,Millions of chained 2017 dollars,6,37448.2
SQGDP9-1,56000,Wyoming,2013Q1,Millions of chained 2017 dollars,6,38538.6
SQGDP9-1,56000,Wyoming,2013Q2,Millions of chained 2017 dollars,6,38107.9
SQGDP9-1,56000,Wyoming,2013Q3,Millions of chained 2017 dollars,6,38296.2
SQGDP9-1,56000,Wyoming,2013Q4,Millions of chained 2017 dollars,6,38692.3
SQGDP9-1,56000,Wyoming,2014Q1,Millions of chained 2017 dollars,6,38430.0
SQGDP9-1,56000,Wyoming,2014Q2,Millions of chained 2017 dollars,6,38957.0
SQGDP9-1,56000,Wyoming,2014Q3,Millions of chained 2017 dollars,6,39544.7
SQGDP9-1,56000,Wyoming,2014Q4,Millions of chained 2017 dollars,6,40217.3
SQGDP9-1,56000,Wyoming,2015Q1,Millions of chained 2017 dollars,6,40806.2
SQGDP9-1,56000,Wyoming,2015Q2,Millions of chained 2017 dollars,6,39671.3
SQGDP9-1,56000,Wyoming,2015Q3,Millions of chained 2017 dollars,6,40111.0
SQGDP9-1,56000,Wyoming,2015Q4,Millions of chained 2017 dollars,6,39667.0
SQGDP9-1,56000,Wyoming,2016Q1,Millions of chained 2017 dollars,6,39493.3
SQGDP9-1,56000,Wyoming,2016Q2,Millions of chained 2017 dollars,6,37963.2
SQGDP9-1,56000,Wyoming,2016Q3,Millions of chained 2017 dollars,6,37250.8
SQGDP9-1,56000,Wyoming,2016Q4,Millions of chained 2017 dollars,6,36706.8
SQGDP9-1,56000,Wyoming,2017Q1,Millions of chained 2017 dollars,6,37147.2
SQGDP9-1,56000,Wyoming,2017Q2,Millions of chained 2017 dollars,6,37854.0
SQGDP9-1,56000,Wyoming,2017Q3,Millions of chained 2017 dollars,6,37702.9
SQGDP9-1,56000,Wyoming,2017Q4,Millions of chained 2017 dollars,6,37777.0
SQGDP9-1,56000,Wyoming,2018Q1,Millions of chained 2017 dollars,6,37686.3
SQGDP9-1,56000,Wyoming,2018Q2,Millions of chained 2017 dollars,6,37965.9
SQGDP9-1,56000,Wyoming,2018Q3,Millions of chained 2017 dollars,6,38057.3
SQGDP9-1,56000,Wyoming,2018Q4,Millions of chained 2017 dollars,6,38199.3
SQGDP9-1,56000,Wyoming,2019Q1,Millions of chained 2017 dollars,6,38056.4
SQGDP9-1,56000,Wyoming,2019Q2,Millions of chained 2017 dollars,6,38225.4
SQGDP9-1,56000,Wyoming,2019Q3,Millions of chained 2017 dollars,6,39043.6
SQGDP9-1,56000,Wyoming,2019Q4,Millions of chained 2017 dollars,6,38983.1
SQGDP9-1,56000,Wyoming,2020Q1,Millions of chained 2017 dollars,6,38364.3
SQGDP9-1,56000,Wyoming,2020Q2,Millions of chained 2017 dollars,6,35099.3
SQGDP9-1,56000,Wyoming,2020Q3,Millions of chained 2017 dollars,6,36340.9
SQGDP9-1,56000,Wyoming,2020Q4,Millions of chained 2017 dollars,6,36049.5
SQGDP9-1,56000,Wyoming,2021Q1,Millions of chained 2017 dollars,6,37086.8
SQGDP9-1,56000,Wyoming,2021Q2,Millions of chained 2017 dollars,6,37249.1
SQGDP9-1,56000,Wyoming,2021Q3,Millions of chained 2017 dollars,6,37089.0
SQGDP9-1,56000,Wyoming,2021Q4,Millions of chained 2017 dollars,6,37305.4
SQGDP9-1,56000,Wyoming,2022Q1,Millions of chained 2017 dollars,6,38264.5
SQGDP9-1,56000,Wyoming,2022Q2,Millions of chained 2017 dollars,6,37052.9
SQGDP9-1,56000,Wyoming,2022Q3,Millions of chained 2017 dollars,6,37236.1
SQGDP9-1,56000,Wyoming,2022Q4,Millions of chained 2017 dollars,6,38208.7
SQGDP9-1,56000,Wyoming,2023Q1,Millions of chained 2017 dollars,6,38960.0
SQGDP9-1,56000,Wyoming,2023Q2,Millions of chained 2017 dollars,6,39843.9
SQGDP9-1,56000,Wyoming,2023Q3,Millions of chained 2017 dollars,6,40273.7
SQGDP9-1,56000,Wyoming,2023Q4,Millions of chained 2017 dollars,6,40295.3
SQGDP9-1,56000,Wyoming,2024Q1,Millions of chained 2017 dollars,6,39244.4
SQGDP9-1,56000,Wyoming,2024Q2,Millions of chained 2017 dollars,6,39663.7
SQGDP9-1,56000,Wyoming,2024Q3,Millions of chained 2017 dollars,6,40167.8
SQGDP9-1,56000,Wyoming,2024Q4,Millions of chained 2017 dollars,6,40046.9
SQGDP9-1,56000,Wyoming,2025Q1,Millions of chained 2017 dollars,6,39472.3
SQGDP9-1,56000,Wyoming,2025Q2,Millions of chained 2017 dollars,6,39982.7
SQGDP9-1,56000,Wyoming,2025Q3,Millions of chained 2017 dollars,6,40271.1
SQGDP9-1,56000,Wyoming,2025Q4,Millions of chained 2017 dollars,6,40235.7
SQGDP9-1,56000,Wyoming,2026Q1,Millions of chained 2017 dollars,6,40367.9
SQGDP9-1,91000,New England,2005Q1,Millions of chained 2017 dollars,6,881853.3
SQGDP9-1,91000,New England,2005Q2,Millions of chained 2017 dollars,6,885826.2
SQGDP9-1,91000,New England,2005Q3,Millions of chained 2017 dollars,6,891549.2
SQGDP9-1,91000,New England,2005Q4,Millions of chained 2017 dollars,6,898217.0
SQGDP9-1,91000,New England,2006Q1,Millions of chained 2017 dollars,6,909670.4
SQGDP9-1,91000,New England,2006Q2,Millions of chained 2017 dollars,6,911416.4
SQGDP9-1,91000,New England,2006Q3,Millions of chained 2017 dollars,6,911214.0
SQGDP9-1,91000,New England,2006Q4,Millions of chained 2017 dollars,6,925061.4
SQGDP9-1,91000,New England,2007Q1,Millions of chained 2017 dollars,6,930055.7
SQGDP9-1,91000,New England,2007Q2,Millions of chained 2017 dollars,6,934275.3
SQGDP9-1,91000,New England,2007Q3,Millions of chained 2017 dollars,6,938907.3
SQGDP9-1,91000,New England,2007Q4,Millions of chained 2017 dollars,6,941001.4
SQGDP9-1,91000,New England,2008Q1,Millions of chained 2017 dollars,6,957726.1
SQGDP9-1,91000,New England,2008Q2,Millions of chained 2017 dollars,6,957237.7
SQGDP9-1,91000,New England,2008Q3,Millions of chained 2017 dollars,6,939371.8
SQGDP9-1,91000,New England,2008Q4,Millions of chained 2017 dollars,6,910781.0
SQGDP9-1,91000,New England,2009Q1,Millions of chained 2017 dollars,6,915415.6
SQGDP9-1,91000,New England,2009Q2,Millions of chained 2017 dollars,6,913730.3
SQGDP9-1,91000,New England,2009Q3,Millions of chained 2017 dollars,6,920993.6
SQGDP9-1,91000,New England,2009Q4,Millions of chained 2017 dollars,6,929914.2
SQGDP9-1,91000,New England,2010Q1,Millions of chained 2017 dollars,6,935678.1
SQGDP9-1,91000,New England,2010Q2,Millions of chained 2017 dollars,6,947991.4
SQGDP9-1,91000,New England,2010Q3,Millions of chained 2017 dollars,6,957652.1
SQGDP9-1,91000,New England,2010Q4,Millions of chained 2017 dollars,6,954219.7
SQGDP9-1,91000,New England,2011Q1,Millions of chained 2017 dollars,6,940841.4
SQGDP9-1,91000,New England,2011Q2,Millions of chained 2017 dollars,6,961148.4
SQGDP9-1,91000,New England,2011Q3,Millions of chained 2017 dollars,6,952455.3
SQGDP9-1,91000,New England,2011Q4,Millions of chained 2017 dollars,6,964734.6
SQGDP9-1,91000,New England,2012Q1,Millions of chained 2017 dollars,6,964981.5
SQGDP9-1,91000,New England,2012Q2,Millions of chained 2017 dollars,6,971143.0
SQGDP9-1,91000,New England,2012Q3,Millions of chained 2017 dollars,6,970855.2
SQGDP9-1,91000,New England,2012Q4,Millions of chained 2017 dollars,6,967340.6
SQGDP9-1,91000,New England,2013Q1,Millions of chained 2017 dollars,6,967160.6
SQGDP9-1,91000,New England,2013Q2,Millions of chained 2017 dollars,6,964260.5
SQGDP9-1,91000,New England,2013Q3,Millions of chained 2017 dollars,6,971150.0
SQGDP9-1,91000,New England,2013Q4,Millions of chained 2017 dollars,6,973295.4
SQGDP9-1,91000,New England,2014Q1,Millions of chained 2017 dollars,6,965464.1
SQGDP9-1,91000,New England,2014Q2,Millions of chained 2017 dollars,6,975827.7
SQGDP9-1,91000,New England,2014Q3,Millions of chained 2017 dollars,6,988007.8
SQGDP9-1,91000,New England,2014Q4,Millions of chained 2017 dollars,6,1001685.1
SQGDP9-1,91000,New England,2015Q1,Millions of chained 2017 dollars,6,1005159.6
SQGDP9-1,91000,New England,2015Q2,Millions of chained 2017 dollars,6,1015077.9
SQGDP9-1,91000,New England,2015Q3,Millions of chained 2017 dollars,6,1013176.9
SQGDP9-1,91000,New England,2015Q4,Millions of chained 2017 dollars,6,1020935.5
SQGDP9-1,91000,New England,2016Q1,Millions of chained 2017 dollars,6,1017233.4
SQGDP9-1,91000,New England,2016Q2,Millions of chained 2017 dollars,6,1021432.3
SQGDP9-1,91000,New England,2016Q3,Millions of chained 2017 dollars,6,1027905.1
SQGDP9-1,91000,New England,2016Q4,Millions of chained 2017 dollars,6,1027726.2
SQGDP9-1,91000,New England,2017Q1,Millions of chained 2017 dollars,6,1027397.1
SQGDP9-1,91000,New England,2017Q2,Millions of chained 2017 dollars,6,1035201.7
SQGDP9-1,91000,New England,2017Q3,Millions of chained 2017 dollars,6,1044459.4
SQGDP9-1,91000,New England,2017Q4,Millions of chained 2017 dollars,6,1051123.5
SQGDP9-1,91000,New England,2018Q1,Millions of chained 2017 dollars,6,1058146.8
SQGDP9-1,91000,New England,2018Q2,Millions of chained 2017 dollars,6,1059945.5
SQGDP9-1,91000,New England,2018Q3,Millions of chained 2017 dollars,6,1066168.4
SQGDP9-1,91000,New England,2018Q4,Millions of chained 2017 dollars,6,1065651.3
SQGDP9-1,91000,New England,2019Q1,Millions of chained 2017 dollars,6,1074603.2
SQGDP9-1,91000,New England,2019Q2,Millions of chained 2017 dollars,6,1080024.5
SQGDP9-1,91000,New England,2019Q3,Millions of chained 2017 dollars,6,1091180.5
SQGDP9-1,91000,New England,2019Q4,Millions of chained 2017 dollars,6,1099086.7
SQGDP9-1,91000,New England,2020Q1,Millions of chained 2017 dollars,6,1089692.9
SQGDP9-1,91000,New England,2020Q2,Millions of chained 2017 dollars,6,998518.7
SQGDP9-1,91000,New England,2020Q3,Millions of chained 2017 dollars,6,1074340.9
SQGDP9-1,91000,New England,2020Q4,Millions of chained 2017 dollars,6,1093265.3
SQGDP9-1,91000,New England,2021Q1,Millions of chained 2017 dollars,6,1095048.6
SQGDP9-1,91000,New England,2021Q2,Millions of chained 2017 dollars,6,1121522.4
SQGDP9-1,91000,New England,2021Q3,Millions of chained 2017 dollars,6,1134395.7
SQGDP9-1,91000,New England,2021Q4,Millions of chained 2017 dollars,6,1145049.0
SQGDP9-1,91000,New England,2022Q1,Millions of chained 2017 dollars,6,1138459.7
SQGDP9-1,91000,New England,2022Q2,Millions of chained 2017 dollars,6,1144939.6
SQGDP9-1,91000,New England,2022Q3,Millions of chained 2017 dollars,6,1145583.8
SQGDP9-1,91000,New England,2022Q4,Millions of chained 2017 dollars,6,1162064.1
SQGDP9-1,91000,New England,2023Q1,Millions of chained 2017 dollars,6,1154582.1
SQGDP9-1,91000,New England,2023Q2,Millions of chained 2017 dollars,6,1159008.6
SQGDP9-1,91000,New England,2023Q3,Millions of chained 2017 dollars,6,1167977.3
SQGDP9-1,91000,New England,2023Q4,Millions of chained 2017 dollars,6,1177517.7
SQGDP9-1,91000,New England,2024Q1,Millions of chained 2017 dollars,6,1177908.3
SQGDP9-1,91000,New England,2024Q2,Millions of chained 2017 dollars,6,1187016.1
SQGDP9-1,91000,New England,2024Q3,Millions of chained 2017 dollars,6,1193183.7
SQGDP9-1,91000,New England,2024Q4,Millions of chained 2017 dollars,6,1191794.7
SQGDP9-1,91000,New England,2025Q1,Millions of chained 2017 dollars,6,1197772.4
SQGDP9-1,91000,New England,2025Q2,Millions of chained 2017 dollars,6,1209246.0
SQGDP9-1,91000,New England,2025Q3,Millions of chained 2017 dollars,6,1221714.0
SQGDP9-1,91000,New England,2025Q4,Millions of chained 2017 dollars,6,1224340.7
SQGDP9-1,91000,New England,2026Q1,Millions of chained 2017 dollars,6,1230533.3
SQGDP9-1,92000,Mideast,2005Q1,Millions of chained 2017 dollars,6,2933727.9
SQGDP9-1,92000,Mideast,2005Q2,Millions of chained 2017 dollars,6,2955189.6
SQGDP9-1,92000,Mideast,2005Q3,Millions of chained 2017 dollars,6,2993447.1
SQGDP9-1,92000,Mideast,2005Q4,Millions of chained 2017 dollars,6,3024112.7
SQGDP9-1,92000,Mideast,2006Q1,Millions of chained 2017 dollars,6,3023673.5
SQGDP9-1,92000,Mideast,2006Q2,Millions of chained 2017 dollars,6,3024067.8
SQGDP9-1,92000,Mideast,2006Q3,Millions of chained 2017 dollars,6,3023121.7
SQGDP9-1,92000,Mideast,2006Q4,Millions of chained 2017 dollars,6,3047105.1
SQGDP9-1,92000,Mideast,2007Q1,Millions of chained 2017 dollars,6,3083609.0
SQGDP9-1,92000,Mideast,2007Q2,Millions of chained 2017 dollars,6,3064652.9
SQGDP9-1,92000,Mideast,2007Q3,Millions of chained 2017 dollars,6,3076464.5
SQGDP9-1,92000,Mideast,2007Q4,Millions of chained 2017 dollars,6,3087020.8
SQGDP9-1,92000,Mideast,2008Q1,Millions of chained 2017 dollars,6,3099436.6
SQGDP9-1,92000,Mideast,2008Q2,Millions of chained 2017 dollars,6,3110357.0
SQGDP9-1,92000,Mideast,2008Q3,Millions of chained 2017 dollars,6,3106708.2
SQGDP9-1,92000,Mideast,2008Q4,Millions of chained 2017 dollars,6,3040920.0
SQGDP9-1,92000,Mideast,2009Q1,Millions of chained 2017 dollars,6,3028190.8
SQGDP9-1,92000,Mideast,2009Q2,Millions of chained 2017 dollars,6,3083888.6
SQGDP9-1,92000,Mideast,2009Q3,Millions of chained 2017 dollars,6,3105621.3
SQGDP9-1,92000,Mideast,2009Q4,Millions of chained 2017 dollars,6,3152292.0
SQGDP9-1,92000,Mideast,2010Q1,Millions of chained 2017 dollars,6,3172866.8
SQGDP9-1,92000,Mideast,2010Q2,Millions of chained 2017 dollars,6,3207081.0
SQGDP9-1,92000,Mideast,2010Q3,Millions of chained 2017 dollars,6,3200800.4
SQGDP9-1,92000,Mideast,2010Q4,Millions of chained 2017 dollars,6,3198064.3
SQGDP9-1,92000,Mideast,2011Q1,Millions of chained 2017 dollars,6,3207330.6
SQGDP9-1,92000,Mideast,2011Q2,Millions of chained 2017 dollars,6,3211941.0
SQGDP9-1,92000,Mideast,2011Q3,Millions of chained 2017 dollars,6,3214109.3
SQGDP9-1,92000,Mideast,2011Q4,Millions of chained 2017 dollars,6,3244645.1
SQGDP9-1,92000,Mideast,2012Q1,Millions of chained 2017 dollars,6,3273263.9
SQGDP9-1,92000,Mideast,2012Q2,Millions of chained 2017 dollars,6,3295478.2
SQGDP9-1,92000,Mideast,2012Q3,Millions of chained 2017 dollars,6,3318992.7
SQGDP9-1,92000,Mideast,2012Q4,Millions of chained 2017 dollars,6,3317441.3
SQGDP9-1,92000,Mideast,2013Q1,Millions of chained 2017 dollars,6,3314451.6
SQGDP9-1,92000,Mideast,2013Q2,Millions of chained 2017 dollars,6,3322283.1
SQGDP9-1,92000,Mideast,2013Q3,Millions of chained 2017 dollars,6,3334959.2
SQGDP9-1,92000,Mideast,2013Q4,Millions of chained 2017 dollars,6,3366343.1
SQGDP9-1,92000,Mideast,2014Q1,Millions of chained 2017 dollars,6,3347903.5
SQGDP9-1,92000,Mideast,2014Q2,Millions of chained 2017 dollars,6,3380432.4
SQGDP9-1,92000,Mideast,2014Q3,Millions of chained 2017 dollars,6,3417252.0
SQGDP9-1,92000,Mideast,2014Q4,Millions of chained 2017 dollars,6,3437903.6
SQGDP9-1,92000,Mideast,2015Q1,Millions of chained 2017 dollars,6,3446426.1
SQGDP9-1,92000,Mideast,2015Q2,Millions of chained 2017 dollars,6,3474850.2
SQGDP9-1,92000,Mideast,2015Q3,Millions of chained 2017 dollars,6,3477123.8
SQGDP9-1,92000,Mideast,2015Q4,Millions of chained 2017 dollars,6,3463163.9
SQGDP9-1,92000,Mideast,2016Q1,Millions of chained 2017 dollars,6,3507152.6
SQGDP9-1,92000,Mideast,2016Q2,Millions of chained 2017 dollars,6,3515377.2
SQGDP9-1,92000,Mideast,2016Q3,Millions of chained 2017 dollars,6,3517611.5
SQGDP9-1,92000,Mideast,2016Q4,Millions of chained 2017 dollars,6,3534196.8
SQGDP9-1,92000,Mideast,2017Q1,Millions of chained 2017 dollars,6,3547629.1
SQGDP9-1,92000,Mideast,2017Q2,Millions of chained 2017 dollars,6,3549426.0
SQGDP9-1,92000,Mideast,2017Q3,Millions of chained 2017 dollars,6,3577498.6
SQGDP9-1,92000,Mideast,2017Q4,Millions of chained 2017 dollars,6,3616543.7
SQGDP9-1,92000,Mideast,2018Q1,Millions of chained 2017 dollars,6,3628344.3
SQGDP9-1,92000,Mideast,2018Q2,Millions of chained 2017 dollars,6,3644608.3
SQGDP9-1,92000,Mideast,2018Q3,Millions of chained 2017 dollars,6,3663420.8
SQGDP9-1,92000,Mideast,2018Q4,Millions of chained 2017 dollars,6,3652995.3
SQGDP9-1,92000,Mideast,2019Q1,Millions of chained 2017 dollars,6,3669581.0
SQGDP9-1,92000,Mideast,2019Q2,Millions of chained 2017 dollars,6,3702730.5
SQGDP9-1,92000,Mideast,2019Q3,Millions of chained 2017 dollars,6,3724496.8
SQGDP9-1,92000,Mideast,2019Q4,Millions of chained 2017 dollars,6,3747448.6
SQGDP9-1,92000,Mideast,2020Q1,Millions of chained 2017 dollars,6,3709638.9
SQGDP9-1,92000,Mideast,2020Q2,Millions of chained 2017 dollars,6,3385604.3
SQGDP9-1,92000,Mideast,2020Q3,Millions of chained 2017 dollars,6,3640415.4
SQGDP9-1,92000,Mideast,2020Q4,Millions of chained 2017 dollars,6,3679902.9
SQGDP9-1,92000,Mideast,2021Q1,Millions of chained 2017 dollars,6,3699598.3
SQGDP9-1,92000,Mideast,2021Q2,Millions of chained 2017 dollars,6,3746943.5
SQGDP9-1,92000,Mideast,2021Q3,Millions of chained 2017 dollars,6,3782536.2
SQGDP9-1,92000,Mideast,2021Q4,Millions of chained 2017 dollars,6,3866340.7
SQGDP9-1,92000,Mideast,2022Q1,Millions of chained 2017 dollars,6,3837983.6
SQGDP9-1,92000,Mideast,2022Q2,Millions of chained 2017 dollars,6,3827725.5
SQGDP9-1,92000,Mideast,2022Q3,Millions of chained 2017 dollars,6,3850252.0
SQGDP9-1,92000,Mideast,2022Q4,Millions of chained 2017 dollars,6,3860446.1
SQGDP9-1,92000,Mideast,2023Q1,Millions of chained 2017 dollars,6,3854311.4
SQGDP9-1,92000,Mideast,2023Q2,Millions of chained 2017 dollars,6,3867492.1
SQGDP9-1,92000,Mideast,2023Q3,Millions of chained 2017 dollars,6,3916911.5
SQGDP9-1,92000,Mideast,2023Q4,Millions of chained 2017 dollars,6,3928920.3
SQGDP9-1,92000,Mideast,2024Q1,Millions of chained 2017 dollars,6,3935911.1
SQGDP9-1,92000,Mideast,2024Q2,Millions of chained 2017 dollars,6,3973601.0
SQGDP9-1,92000,Mideast,2024Q3,Millions of chained 2017 dollars,6,4004126.3
SQGDP9-1,92000,Mideast,2024Q4,Millions of chained 2017 dollars,6,4019386.9
SQGDP9-1,92000,Mideast,2025Q1,Millions of chained 2017 dollars,6,4024250.4
SQGDP9-1,92000,Mideast,2025Q2,Millions of chained 2017 dollars,6,4057531.4
SQGDP9-1,92000,Mideast,2025Q3,Millions of chained 2017 dollars,6,4100927.0
SQGDP9-1,92000,Mideast,2025Q4,Millions of chained 2017 dollars,6,4100756.8
SQGDP9-1,92000,Mideast,2026Q1,Millions of chained 2017 dollars,6,4112262.2
SQGDP9-1,93000,Great Lakes,2005Q1,Millions of chained 2017 dollars,6,2398621.1
SQGDP9-1,93000,Great Lakes,2005Q2,Millions of chained 2017 dollars,6,2406568.7
SQGDP9-1,93000,Great Lakes,2005Q3,Millions of chained 2017 dollars,6,2415993.1
SQGDP9-1,93000,Great Lakes,2005Q4,Millions of chained 2017 dollars,6,2413417.7
SQGDP9-1,93000,Great Lakes,2006Q1,Millions of chained 2017 dollars,6,2423558.8
SQGDP9-1,93000,Great Lakes,2006Q2,Millions of chained 2017 dollars,6,2426329.9
SQGDP9-1,93000,Great Lakes,2006Q3,Millions of chained 2017 dollars,6,2423127.6
SQGDP9-1,93000,Great Lakes,2006Q4,Millions of chained 2017 dollars,6,2430902.5
SQGDP9-1,93000,Great Lakes,2007Q1,Millions of chained 2017 dollars,6,2437174.4
SQGDP9-1,93000,Great Lakes,2007Q2,Millions of chained 2017 dollars,6,2448924.7
SQGDP9-1,93000,Great Lakes,2007Q3,Millions of chained 2017 dollars,6,2457514.8
SQGDP9-1,93000,Great Lakes,2007Q4,Millions of chained 2017 dollars,6,2458252.0
SQGDP9-1,93000,Great Lakes,2008Q1,Millions of chained 2017 dollars,6,2436461.1
SQGDP9-1,93000,Great Lakes,2008Q2,Millions of chained 2017 dollars,6,2440786.9
SQGDP9-1,93000,Great Lakes,2008Q3,Millions of chained 2017 dollars,6,2407234.7
SQGDP9-1,93000,Great Lakes,2008Q4,Millions of chained 2017 dollars,6,2328901.2
SQGDP9-1,93000,Great Lakes,2009Q1,Millions of chained 2017 dollars,6,2272762.1
SQGDP9-1,93000,Great Lakes,2009Q2,Millions of chained 2017 dollars,6,2269369.3
SQGDP9-1,93000,Great Lakes,2009Q3,Millions of chained 2017 dollars,6,2280785.5
SQGDP9-1,93000,Great Lakes,2009Q4,Millions of chained 2017 dollars,6,2316650.5
SQGDP9-1,93000,Great Lakes,2010Q1,Millions of chained 2017 dollars,6,2322506.5
SQGDP9-1,93000,Great Lakes,2010Q2,Millions of chained 2017 dollars,6,2358193.9
SQGDP9-1,93000,Great Lakes,2010Q3,Millions of chained 2017 dollars,6,2394001.1
SQGDP9-1,93000,Great Lakes,2010Q4,Millions of chained 2017 dollars,6,2400667.8
SQGDP9-1,93000,Great Lakes,2011Q1,Millions of chained 2017 dollars,6,2401665.4
SQGDP9-1,93000,Great Lakes,2011Q2,Millions of chained 2017 dollars,6,2412755.5
SQGDP9-1,93000,Great Lakes,2011Q3,Millions of chained 2017 dollars,6,2419642.9
SQGDP9-1,93000,Great Lakes,2011Q4,Millions of chained 2017 dollars,6,2452433.8
SQGDP9-1,93000,Great Lakes,2012Q1,Millions of chained 2017 dollars,6,2466531.3
SQGDP9-1,93000,Great Lakes,2012Q2,Millions of chained 2017 dollars,6,2471704.0
SQGDP9-1,93000,Great Lakes,2012Q3,Millions of chained 2017 dollars,6,2465418.0
SQGDP9-1,93000,Great Lakes,2012Q4,Millions of chained 2017 dollars,6,2449682.9
SQGDP9-1,93000,Great Lakes,2013Q1,Millions of chained 2017 dollars,6,2493958.7
SQGDP9-1,93000,Great Lakes,2013Q2,Millions of chained 2017 dollars,6,2491490.3
SQGDP9-1,93000,Great Lakes,2013Q3,Millions of chained 2017 dollars,6,2509491.7
SQGDP9-1,93000,Great Lakes,2013Q4,Millions of chained 2017 dollars,6,2528988.8
SQGDP9-1,93000,Great Lakes,2014Q1,Millions of chained 2017 dollars,6,2524843.7
SQGDP9-1,93000,Great Lakes,2014Q2,Millions of chained 2017 dollars,6,2567549.8
SQGDP9-1,93000,Great Lakes,2014Q3,Millions of chained 2017 dollars,6,2592389.7
SQGDP9-1,93000,Great Lakes,2014Q4,Millions of chained 2017 dollars,6,2592235.5
SQGDP9-1,93000,Great Lakes,2015Q1,Millions of chained 2017 dollars,6,2592468.4
SQGDP9-1,93000,Great Lakes,2015Q2,Millions of chained 2017 dollars,6,2606808.9
SQGDP9-1,93000,Great Lakes,2015Q3,Millions of chained 2017 dollars,6,2611299.5
SQGDP9-1,93000,Great Lakes,2015Q4,Millions of chained 2017 dollars,6,2614189.8
SQGDP9-1,93000,Great Lakes,2016Q1,Millions of chained 2017 dollars,6,2610337.2
SQGDP9-1,93000,Great Lakes,2016Q2,Millions of chained 2017 dollars,6,2627274.2
SQGDP9-1,93000,Great Lakes,2016Q3,Millions of chained 2017 dollars,6,2637645.0
SQGDP9-1,93000,Great Lakes,2016Q4,Millions of chained 2017 dollars,6,2654531.3
SQGDP9-1,93000,Great Lakes,2017Q1,Millions of chained 2017 dollars,6,2653328.0
SQGDP9-1,93000,Great Lakes,2017Q2,Millions of chained 2017 dollars,6,2665345.4
SQGDP9-1,93000,Great Lakes,2017Q3,Millions of chained 2017 dollars,6,2673786.7
SQGDP9-1,93000,Great Lakes,2017Q4,Millions of chained 2017 dollars,6,2685693.3
SQGDP9-1,93000,Great Lakes,2018Q1,Millions of chained 2017 dollars,6,2712033.1
SQGDP9-1,93000,Great Lakes,2018Q2,Millions of chained 2017 dollars,6,2713550.5
SQGDP9-1,93000,Great Lakes,2018Q3,Millions of chained 2017 dollars,6,2727499.6
SQGDP9-1,93000,Great Lakes,2018Q4,Millions of chained 2017 dollars,6,2735525.6
SQGDP9-1,93000,Great Lakes,2019Q1,Millions of chained 2017 dollars,6,2728920.1
SQGDP9-1,93000,Great Lakes,2019Q2,Millions of chained 2017 dollars,6,2747363.0
SQGDP9-1,93000,Great Lakes,2019Q3,Millions of chained 2017 dollars,6,2773371.0
SQGDP9-1,93000,Great Lakes,2019Q4,Millions of chained 2017 dollars,6,2778119.8
SQGDP9-1,93000,Great Lakes,2020Q1,Millions of chained 2017 dollars,6,2717181.6
SQGDP9-1,93000,Great Lakes,2020Q2,Millions of chained 2017 dollars,6,2471654.3
SQGDP9-1,93000,Great Lakes,2020Q3,Millions of chained 2017 dollars,6,2697839.3
SQGDP9-1,93000,Great Lakes,2020Q4,Millions of chained 2017 dollars,6,2725252.9
SQGDP9-1,93000,Great Lakes,2021Q1,Millions of chained 2017 dollars,6,2753052.7
SQGDP9-1,93000,Great Lakes,2021Q2,Millions of chained 2017 dollars,6,2797224.0
SQGDP9-1,93000,Great Lakes,2021Q3,Millions of chained 2017 dollars,6,2803883.3
SQGDP9-1,93000,Great Lakes,2021Q4,Millions of chained 2017 dollars,6,2842205.0
SQGDP9-1,93000,Great Lakes,2022Q1,Millions of chained 2017 dollars,6,2838398.6
SQGDP9-1,93000,Great Lakes,2022Q2,Millions of chained 2017 dollars,6,2835861.6
SQGDP9-1,93000,Great Lakes,2022Q3,Millions of chained 2017 dollars,6,2842132.6
SQGDP9-1,93000,Great Lakes,2022Q4,Millions of chained 2017 dollars,6,2853059.7
SQGDP9-1,93000,Great Lakes,2023Q1,Millions of chained 2017 dollars,6,2864774.0
SQGDP9-1,93000,Great Lakes,2023Q2,Millions of chained 2017 dollars,6,2877849.1
SQGDP9-1,93000,Great Lakes,2023Q3,Millions of chained 2017 dollars,6,2908469.7
SQGDP9-1,93000,Great Lakes,2023Q4,Millions of chained 2017 dollars,6,2927734.9
SQGDP9-1,93000,Great Lakes,2024Q1,Millions of chained 2017 dollars,6,2924853.9
SQGDP9-1,93000,Great Lakes,2024Q2,Millions of chained 2017 dollars,6,2946855.6
SQGDP9-1,93000,Great Lakes,2024Q3,Millions of chained 2017 dollars,6,2959527.2
SQGDP9-1,93000,Great Lakes,2024Q4,Millions of chained 2017 dollars,6,2966463.6
SQGDP9-1,93000,Great Lakes,2025Q1,Millions of chained 2017 dollars,6,2958244.4
SQGDP9-1,93000,Great Lakes,2025Q2,Millions of chained 2017 dollars,6,2987094.7
SQGDP9-1,93000,Great Lakes,2025Q3,Millions of chained 2017 dollars,6,3022036.1
SQGDP9-1,93000,Great Lakes,2025Q4,Millions of chained 2017 dollars,6,3027379.8
SQGDP9-1,93000,Great Lakes,2026Q1,Millions of chained 2017 dollars,6,3035424.2
SQGDP9-1,94000,Plains,2005Q1,Millions of chained 2017 dollars,6,1026518.9
SQGDP9-1,94000,Plains,2005Q2,Millions of chained 2017 dollars,6,1029818.7
SQGDP9-1,94000,Plains,2005Q3,Millions of chained 2017 dollars,6,1038601.1
SQGDP9-1,94000,Plains,2005Q4,Millions of chained 2017 dollars,6,1035850.7
SQGDP9-1,94000,Plains,2006Q1,Millions of chained 2017 dollars,6,1044484.8
SQGDP9-1,94000,Plains,2006Q2,Millions of chained 2017 dollars,6,1055101.4
SQGDP9-1,94000,Plains,2006Q3,Millions of chained 2017 dollars,6,1042971.4
SQGDP9-1,94000,Plains,2006Q4,Millions of chained 2017 dollars,6,1048472.7
SQGDP9-1,94000,Plains,2007Q1,Millions of chained 2017 dollars,6,1057833.6
SQGDP9-1,94000,Plains,2007Q2,Millions of chained 2017 dollars,6,1071834.1
SQGDP9-1,94000,Plains,2007Q3,Millions of chained 2017 dollars,6,1073499.7
SQGDP9-1,94000,Plains,2007Q4,Millions of chained 2017 dollars,6,1084031.2
SQGDP9-1,94000,Plains,2008Q1,Millions of chained 2017 dollars,6,1095370.8
SQGDP9-1,94000,Plains,2008Q2,Millions of chained 2017 dollars,6,1103457.3
SQGDP9-1,94000,Plains,2008Q3,Millions of chained 2017 dollars,6,1095284.5
SQGDP9-1,94000,Plains,2008Q4,Millions of chained 2017 dollars,6,1074190.3
SQGDP9-1,94000,Plains,2009Q1,Millions of chained 2017 dollars,6,1058591.5
SQGDP9-1,94000,Plains,2009Q2,Millions of chained 2017 dollars,6,1056321.1
SQGDP9-1,94000,Plains,2009Q3,Millions of chained 2017 dollars,6,1064798.4
SQGDP9-1,94000,Plains,2009Q4,Millions of chained 2017 dollars,6,1077392.9
SQGDP9-1,94000,Plains,2010Q1,Millions of chained 2017 dollars,6,1078536.9
SQGDP9-1,94000,Plains,2010Q2,Millions of chained 2017 dollars,6,1090978.7
SQGDP9-1,94000,Plains,2010Q3,Millions of chained 2017 dollars,6,1102951.7
SQGDP9-1,94000,Plains,2010Q4,Millions of chained 2017 dollars,6,1111574.3
SQGDP9-1,94000,Plains,2011Q1,Millions of chained 2017 dollars,6,1107927.4
SQGDP9-1,94000,Plains,2011Q2,Millions of chained 2017 dollars,6,1118784.7
SQGDP9-1,94000,Plains,2011Q3,Millions of chained 2017 dollars,6,1118659.0
SQGDP9-1,94000,Plains,2011Q4,Millions of chained 2017 dollars,6,1136469.2
SQGDP9-1,94000,Plains,2012Q1,Millions of chained 2017 dollars,6,1152528.3
SQGDP9-1,94000,Plains,2012Q2,Millions of chained 2017 dollars,6,1155826.9
SQGDP9-1,94000,Plains,2012Q3,Millions of chained 2017 dollars,6,1146781.9
SQGDP9-1,94000,Plains,2012Q4,Millions of chained 2017 dollars,6,1144437.4
SQGDP9-1,94000,Plains,2013Q1,Millions of chained 2017 dollars,6,1158143.8
SQGDP9-1,94000,Plains,2013Q2,Millions of chained 2017 dollars,6,1161520.1
SQGDP9-1,94000,Plains,2013Q3,Millions of chained 2017 dollars,6,1173338.6
SQGDP9-1,94000,Plains,2013Q4,Millions of chained 2017 dollars,6,1178643.4
SQGDP9-1,94000,Plains,2014Q1,Millions of chained 2017 dollars,6,1176692.5
SQGDP9-1,94000,Plains,2014Q2,Millions of chained 2017 dollars,6,1200011.7
SQGDP9-1,94000,Plains,2014Q3,Millions of chained 2017 dollars,6,1214068.1
SQGDP9-1,94000,Plains,2014Q4,Millions of chained 2017 dollars,6,1217654.4
SQGDP9-1,94000,Plains,2015Q1,Millions of chained 2017 dollars,6,1222635.9
SQGDP9-1,94000,Plains,2015Q2,Millions of chained 2017 dollars,6,1224992.2
SQGDP9-1,94000,Plains,2015Q3,Millions of chained 2017 dollars,6,1229515.0
SQGDP9-1,94000,Plains,2015Q4,Millions of chained 2017 dollars,6,1231614.2
SQGDP9-1,94000,Plains,2016Q1,Millions of chained 2017 dollars,6,1227997.6
SQGDP9-1,94000,Plains,2016Q2,Millions of chained 2017 dollars,6,1230458.6
SQGDP9-1,94000,Plains,2016Q3,Millions of chained 2017 dollars,6,1244226.7
SQGDP9-1,94000,Plains,2016Q4,Millions of chained 2017 dollars,6,1248262.8
SQGDP9-1,94000,Plains,2017Q1,Millions of chained 2017 dollars,6,1250039.9
SQGDP9-1,94000,Plains,2017Q2,Millions of chained 2017 dollars,6,1250515.8
SQGDP9-1,94000,Plains,2017Q3,Millions of chained 2017 dollars,6,1246210.1
SQGDP9-1,94000,Plains,2017Q4,Millions of chained 2017 dollars,6,1256271.6
SQGDP9-1,94000,Plains,2018Q1,Millions of chained 2017 dollars,6,1267728.6
SQGDP9-1,94000,Plains,2018Q2,Millions of chained 2017 dollars,6,1272504.8
SQGDP9-1,94000,Plains,2018Q3,Millions of chained 2017 dollars,6,1277920.7
SQGDP9-1,94000,Plains,2018Q4,Millions of chained 2017 dollars,6,1277949.2
SQGDP9-1,94000,Plains,2019Q1,Millions of chained 2017 dollars,6,1273159.5
SQGDP9-1,94000,Plains,2019Q2,Millions of chained 2017 dollars,6,1281743.3
SQGDP9-1,94000,Plains,2019Q3,Millions of chained 2017 dollars,6,1295724.2
SQGDP9-1,94000,Plains,2019Q4,Millions of chained 2017 dollars,6,1303276.8
SQGDP9-1,94000,Plains,2020Q1,Millions of chained 2017 dollars,6,1284861.6
SQGDP9-1,94000,Plains,2020Q2,Millions of chained 2017 dollars,6,1195947.0
SQGDP9-1,94000,Plains,2020Q3,Millions of chained 2017 dollars,6,1279854.9
SQGDP9-1,94000,Plains,2020Q4,Millions of chained 2017 dollars,6,1297882.0
SQGDP9-1,94000,Plains,2021Q1,Millions of chained 2017 dollars,6,1312546.2
SQGDP9-1,94000,Plains,2021Q2,Millions of chained 2017 dollars,6,1338499.9
SQGDP9-1,94000,Plains,2021Q3,Millions of chained 2017 dollars,6,1333294.9
SQGDP9-1,94000,Plains,2021Q4,Millions of chained 2017 dollars,6,1340120.2
SQGDP9-1,94000,Plains,2022Q1,Millions of chained 2017 dollars,6,1348656.7
SQGDP9-1,94000,Plains,2022Q2,Millions of chained 2017 dollars,6,1351639.1
SQGDP9-1,94000,Plains,2022Q3,Millions of chained 2017 dollars,6,1362575.7
SQGDP9-1,94000,Plains,2022Q4,Millions of chained 2017 dollars,6,1360150.1
SQGDP9-1,94000,Plains,2023Q1,Millions of chained 2017 dollars,6,1371898.0
SQGDP9-1,94000,Plains,2023Q2,Millions of chained 2017 dollars,6,1375958.9
SQGDP9-1,94000,Plains,2023Q3,Millions of chained 2017 dollars,6,1390034.5
SQGDP9-1,94000,Plains,2023Q4,Millions of chained 2017 dollars,6,1402793.8
SQGDP9-1,94000,Plains,2024Q1,Millions of chained 2017 dollars,6,1398325.4
SQGDP9-1,94000,Plains,2024Q2,Millions of chained 2017 dollars,6,1409097.4
SQGDP9-1,94000,Plains,2024Q3,Millions of chained 2017 dollars,6,1415557.7
SQGDP9-1,94000,Plains,2024Q4,Millions of chained 2017 dollars,6,1417178.6
SQGDP9-1,94000,Plains,2025Q1,Millions of chained 2017 dollars,6,1410427.0
SQGDP9-1,94000,Plains,2025Q2,Millions of chained 2017 dollars,6,1425070.0
SQGDP9-1,94000,Plains,2025Q3,Millions of chained 2017 dollars,6,1440005.5
SQGDP9-1,94000,Plains,2025Q4,Millions of chained 2017 dollars,6,1445741.1
SQGDP9-1,94000,Plains,2026Q1,Millions of chained 2017 dollars,6,1446397.1
SQGDP9-1,95000,Southeast,2005Q1,Millions of chained 2017 dollars,6,3601659.9
SQGDP9-1,95000,Southeast,2005Q2,Millions of chained 2017 dollars,6,3622054.2
SQGDP9-1,95000,Southeast,2005Q3,Millions of chained 2017 dollars,6,3648802.1
SQGDP9-1,95000,Southeast,2005Q4,Millions of chained 2017 dollars,6,3667123.4
SQGDP9-1,95000,Southeast,2006Q1,Millions of chained 2017 dollars,6,3710352.2
SQGDP9-1,95000,Southeast,2006Q2,Millions of chained 2017 dollars,6,3722825.8
SQGDP9-1,95000,Southeast,2006Q3,Millions of chained 2017 dollars,6,3721786.9
SQGDP9-1,95000,Southeast,2006Q4,Millions of chained 2017 dollars,6,3749421.8
SQGDP9-1,95000,Southeast,2007Q1,Millions of chained 2017 dollars,6,3729688.0
SQGDP9-1,95000,Southeast,2007Q2,Millions of chained 2017 dollars,6,3741137.4
SQGDP9-1,95000,Southeast,2007Q3,Millions of chained 2017 dollars,6,3758668.1
SQGDP9-1,95000,Southeast,2007Q4,Millions of chained 2017 dollars,6,3779603.7
SQGDP9-1,95000,Southeast,2008Q1,Millions of chained 2017 dollars,6,3760195.5
SQGDP9-1,95000,Southeast,2008Q2,Millions of chained 2017 dollars,6,3782523.9
SQGDP9-1,95000,Southeast,2008Q3,Millions of chained 2017 dollars,6,3753877.2
SQGDP9-1,95000,Southeast,2008Q4,Millions of chained 2017 dollars,6,3659104.0
SQGDP9-1,95000,Southeast,2009Q1,Millions of chained 2017 dollars,6,3605036.5
SQGDP9-1,95000,Southeast,2009Q2,Millions of chained 2017 dollars,6,3593554.0
SQGDP9-1,95000,Southeast,2009Q3,Millions of chained 2017 dollars,6,3602431.8
SQGDP9-1,95000,Southeast,2009Q4,Millions of chained 2017 dollars,6,3644049.3
SQGDP9-1,95000,Southeast,2010Q1,Millions of chained 2017 dollars,6,3650148.3
SQGDP9-1,95000,Southeast,2010Q2,Millions of chained 2017 dollars,6,3686452.5
SQGDP9-1,95000,Southeast,2010Q3,Millions of chained 2017 dollars,6,3717973.6
SQGDP9-1,95000,Southeast,2010Q4,Millions of chained 2017 dollars,6,3727106.4
SQGDP9-1,95000,Southeast,2011Q1,Millions of chained 2017 dollars,6,3696144.9
SQGDP9-1,95000,Southeast,2011Q2,Millions of chained 2017 dollars,6,3717923.2
SQGDP9-1,95000,Southeast,2011Q3,Millions of chained 2017 dollars,6,3708605.0
SQGDP9-1,95000,Southeast,2011Q4,Millions of chained 2017 dollars,6,3741379.2
SQGDP9-1,95000,Southeast,2012Q1,Millions of chained 2017 dollars,6,3764860.8
SQGDP9-1,95000,Southeast,2012Q2,Millions of chained 2017 dollars,6,3768402.4
SQGDP9-1,95000,Southeast,2012Q3,Millions of chained 2017 dollars,6,3767403.6
SQGDP9-1,95000,Southeast,2012Q4,Millions of chained 2017 dollars,6,3749838.6
SQGDP9-1,95000,Southeast,2013Q1,Millions of chained 2017 dollars,6,3815560.0
SQGDP9-1,95000,Southeast,2013Q2,Millions of chained 2017 dollars,6,3807928.0
SQGDP9-1,95000,Southeast,2013Q3,Millions of chained 2017 dollars,6,3837260.4
SQGDP9-1,95000,Southeast,2013Q4,Millions of chained 2017 dollars,6,3851371.4
SQGDP9-1,95000,Southeast,2014Q1,Millions of chained 2017 dollars,6,3848030.5
SQGDP9-1,95000,Southeast,2014Q2,Millions of chained 2017 dollars,6,3893913.9
SQGDP9-1,95000,Southeast,2014Q3,Millions of chained 2017 dollars,6,3927501.8
SQGDP9-1,95000,Southeast,2014Q4,Millions of chained 2017 dollars,6,3941614.9
SQGDP9-1,95000,Southeast,2015Q1,Millions of chained 2017 dollars,6,3970278.1
SQGDP9-1,95000,Southeast,2015Q2,Millions of chained 2017 dollars,6,4007673.4
SQGDP9-1,95000,Southeast,2015Q3,Millions of chained 2017 dollars,6,4030098.4
SQGDP9-1,95000,Southeast,2015Q4,Millions of chained 2017 dollars,6,4039767.2
SQGDP9-1,95000,Southeast,2016Q1,Millions of chained 2017 dollars,6,4059756.2
SQGDP9-1,95000,Southeast,2016Q2,Millions of chained 2017 dollars,6,4083284.6
SQGDP9-1,95000,Southeast,2016Q3,Millions of chained 2017 dollars,6,4116612.5
SQGDP9-1,95000,Southeast,2016Q4,Millions of chained 2017 dollars,6,4148614.3
SQGDP9-1,95000,Southeast,2017Q1,Millions of chained 2017 dollars,6,4175473.5
SQGDP9-1,95000,Southeast,2017Q2,Millions of chained 2017 dollars,6,4190326.9
SQGDP9-1,95000,Southeast,2017Q3,Millions of chained 2017 dollars,6,4212691.8
SQGDP9-1,95000,Southeast,2017Q4,Millions of chained 2017 dollars,6,4261864.6
SQGDP9-1,95000,Southeast,2018Q1,Millions of chained 2017 dollars,6,4284981.8
SQGDP9-1,95000,Southeast,2018Q2,Millions of chained 2017 dollars,6,4303286.3
SQGDP9-1,95000,Southeast,2018Q3,Millions of chained 2017 dollars,6,4331244.2
SQGDP9-1,95000,Southeast,2018Q4,Millions of chained 2017 dollars,6,4343021.2
SQGDP9-1,95000,Southeast,2019Q1,Millions of chained 2017 dollars,6,4371548.5
SQGDP9-1,95000,Southeast,2019Q2,Millions of chained 2017 dollars,6,4394760.1
SQGDP9-1,95000,Southeast,2019Q3,Millions of chained 2017 dollars,6,4447392.3
SQGDP9-1,95000,Southeast,2019Q4,Millions of chained 2017 dollars,6,4478709.6
SQGDP9-1,95000,Southeast,2020Q1,Millions of chained 2017 dollars,6,4425684.9
SQGDP9-1,95000,Southeast,2020Q2,Millions of chained 2017 dollars,6,4083905.6
SQGDP9-1,95000,Southeast,2020Q3,Millions of chained 2017 dollars,6,4418345.3
SQGDP9-1,95000,Southeast,2020Q4,Millions of chained 2017 dollars,6,4457274.5
SQGDP9-1,95000,Southeast,2021Q1,Millions of chained 2017 dollars,6,4543566.6
SQGDP9-1,95000,Southeast,2021Q2,Millions of chained 2017 dollars,6,4629032.0
SQGDP9-1,95000,Southeast,2021Q3,Millions of chained 2017 dollars,6,4671803.7
SQGDP9-1,95000,Southeast,2021Q4,Millions of chained 2017 dollars,6,4760826.6
SQGDP9-1,95000,Southeast,2022Q1,Millions of chained 2017 dollars,6,4755474.3
SQGDP9-1,95000,Southeast,2022Q2,Millions of chained 2017 dollars,6,4790529.5
SQGDP9-1,95000,Southeast,2022Q3,Millions of chained 2017 dollars,6,4840199.2
SQGDP9-1,95000,Southeast,2022Q4,Millions of chained 2017 dollars,6,4894477.3
SQGDP9-1,95000,Southeast,2023Q1,Millions of chained 2017 dollars,6,4933752.4
SQGDP9-1,95000,Southeast,2023Q2,Millions of chained 2017 dollars,6,4953331.9
SQGDP9-1,95000,Southeast,2023Q3,Millions of chained 2017 dollars,6,5009887.7
SQGDP9-1,95000,Southeast,2023Q4,Millions of chained 2017 dollars,6,5068036.0
SQGDP9-1,95000,Southeast,2024Q1,Millions of chained 2017 dollars,6,5080836.8
SQGDP9-1,95000,Southeast,2024Q2,Millions of chained 2017 dollars,6,5121843.4
SQGDP9-1,95000,Southeast,2024Q3,Millions of chained 2017 dollars,6,5169251.9
SQGDP9-1,95000,Southeast,2024Q4,Millions of chained 2017 dollars,6,5199811.9
SQGDP9-1,95000,Southeast,2025Q1,Millions of chained 2017 dollars,6,5202572.0
SQGDP9-1,95000,Southeast,2025Q2,Millions of chained 2017 dollars,6,5239395.1
SQGDP9-1,95000,Southeast,2025Q3,Millions of chained 2017 dollars,6,5296869.1
SQGDP9-1,95000,Southeast,2025Q4,Millions of chained 2017 dollars,6,5300312.4
SQGDP9-1,95000,Southeast,2026Q1,Millions of chained 2017 dollars,6,5326630.0
SQGDP9-1,96000,Southwest,2005Q1,Millions of chained 2017 dollars,6,1645421.3
SQGDP9-1,96000,Southwest,2005Q2,Millions of chained 2017 dollars,6,1643377.0
SQGDP9-1,96000,Southwest,2005Q3,Millions of chained 2017 dollars,6,1647713.7
SQGDP9-1,96000,Southwest,2005Q4,Millions of chained 2017 dollars,6,1658385.3
SQGDP9-1,96000,Southwest,2006Q1,Millions of chained 2017 dollars,6,1729632.0
SQGDP9-1,96000,Southwest,2006Q2,Millions of chained 2017 dollars,6,1742074.5
SQGDP9-1,96000,Southwest,2006Q3,Millions of chained 2017 dollars,6,1758024.3
SQGDP9-1,96000,Southwest,2006Q4,Millions of chained 2017 dollars,6,1788516.3
SQGDP9-1,96000,Southwest,2007Q1,Millions of chained 2017 dollars,6,1805208.3
SQGDP9-1,96000,Southwest,2007Q2,Millions of chained 2017 dollars,6,1834576.0
SQGDP9-1,96000,Southwest,2007Q3,Millions of chained 2017 dollars,6,1843257.4
SQGDP9-1,96000,Southwest,2007Q4,Millions of chained 2017 dollars,6,1848172.1
SQGDP9-1,96000,Southwest,2008Q1,Millions of chained 2017 dollars,6,1829579.5
SQGDP9-1,96000,Southwest,2008Q2,Millions of chained 2017 dollars,6,1829239.8
SQGDP9-1,96000,Southwest,2008Q3,Millions of chained 2017 dollars,6,1827634.2
SQGDP9-1,96000,Southwest,2008Q4,Millions of chained 2017 dollars,6,1846477.9
SQGDP9-1,96000,Southwest,2009Q1,Millions of chained 2017 dollars,6,1819092.7
SQGDP9-1,96000,Southwest,2009Q2,Millions of chained 2017 dollars,6,1797115.7
SQGDP9-1,96000,Southwest,2009Q3,Millions of chained 2017 dollars,6,1801645.0
SQGDP9-1,96000,Southwest,2009Q4,Millions of chained 2017 dollars,6,1814985.0
SQGDP9-1,96000,Southwest,2010Q1,Millions of chained 2017 dollars,6,1829648.9
SQGDP9-1,96000,Southwest,2010Q2,Millions of chained 2017 dollars,6,1842755.8
SQGDP9-1,96000,Southwest,2010Q3,Millions of chained 2017 dollars,6,1860193.2
SQGDP9-1,96000,Southwest,2010Q4,Millions of chained 2017 dollars,6,1873997.2
SQGDP9-1,96000,Southwest,2011Q1,Millions of chained 2017 dollars,6,1880727.3
SQGDP9-1,96000,Southwest,2011Q2,Millions of chained 2017 dollars,6,1904078.6
SQGDP9-1,96000,Southwest,2011Q3,Millions of chained 2017 dollars,6,1914109.4
SQGDP9-1,96000,Southwest,2011Q4,Millions of chained 2017 dollars,6,1951539.9
SQGDP9-1,96000,Southwest,2012Q1,Millions of chained 2017 dollars,6,1973614.2
SQGDP9-1,96000,Southwest,2012Q2,Millions of chained 2017 dollars,6,1992276.5
SQGDP9-1,96000,Southwest,2012Q3,Millions of chained 2017 dollars,6,1995741.3
SQGDP9-1,96000,Southwest,2012Q4,Millions of chained 2017 dollars,6,2023776.2
SQGDP9-1,96000,Southwest,2013Q1,Millions of chained 2017 dollars,6,2050173.2
SQGDP9-1,96000,Southwest,2013Q2,Millions of chained 2017 dollars,6,2066513.5
SQGDP9-1,96000,Southwest,2013Q3,Millions of chained 2017 dollars,6,2085482.4
SQGDP9-1,96000,Southwest,2013Q4,Millions of chained 2017 dollars,6,2100754.3
SQGDP9-1,96000,Southwest,2014Q1,Millions of chained 2017 dollars,6,2090448.4
SQGDP9-1,96000,Southwest,2014Q2,Millions of chained 2017 dollars,6,2124970.0
SQGDP9-1,96000,Southwest,2014Q3,Millions of chained 2017 dollars,6,2160852.8
SQGDP9-1,96000,Southwest,2014Q4,Millions of chained 2017 dollars,6,2183897.7
SQGDP9-1,96000,Southwest,2015Q1,Millions of chained 2017 dollars,6,2229535.0
SQGDP9-1,96000,Southwest,2015Q2,Millions of chained 2017 dollars,6,2212752.7
SQGDP9-1,96000,Southwest,2015Q3,Millions of chained 2017 dollars,6,2233082.3
SQGDP9-1,96000,Southwest,2015Q4,Millions of chained 2017 dollars,6,2244071.6
SQGDP9-1,96000,Southwest,2016Q1,Millions of chained 2017 dollars,6,2234795.1
SQGDP9-1,96000,Southwest,2016Q2,Millions of chained 2017 dollars,6,2232683.4
SQGDP9-1,96000,Southwest,2016Q3,Millions of chained 2017 dollars,6,2238251.2
SQGDP9-1,96000,Southwest,2016Q4,Millions of chained 2017 dollars,6,2238104.5
SQGDP9-1,96000,Southwest,2017Q1,Millions of chained 2017 dollars,6,2253528.6
SQGDP9-1,96000,Southwest,2017Q2,Millions of chained 2017 dollars,6,2270152.9
SQGDP9-1,96000,Southwest,2017Q3,Millions of chained 2017 dollars,6,2295227.8
SQGDP9-1,96000,Southwest,2017Q4,Millions of chained 2017 dollars,6,2325733.5
SQGDP9-1,96000,Southwest,2018Q1,Millions of chained 2017 dollars,6,2352559.8
SQGDP9-1,96000,Southwest,2018Q2,Millions of chained 2017 dollars,6,2378633.0
SQGDP9-1,96000,Southwest,2018Q3,Millions of chained 2017 dollars,6,2396407.7
SQGDP9-1,96000,Southwest,2018Q4,Millions of chained 2017 dollars,6,2412567.9
SQGDP9-1,96000,Southwest,2019Q1,Millions of chained 2017 dollars,6,2420389.2
SQGDP9-1,96000,Southwest,2019Q2,Millions of chained 2017 dollars,6,2444796.0
SQGDP9-1,96000,Southwest,2019Q3,Millions of chained 2017 dollars,6,2492865.6
SQGDP9-1,96000,Southwest,2019Q4,Millions of chained 2017 dollars,6,2508824.7
SQGDP9-1,96000,Southwest,2020Q1,Millions of chained 2017 dollars,6,2470954.2
SQGDP9-1,96000,Southwest,2020Q2,Millions of chained 2017 dollars,6,2311189.2
SQGDP9-1,96000,Southwest,2020Q3,Millions of chained 2017 dollars,6,2468552.2
SQGDP9-1,96000,Southwest,2020Q4,Millions of chained 2017 dollars,6,2505558.3
SQGDP9-1,96000,Southwest,2021Q1,Millions of chained 2017 dollars,6,2544986.6
SQGDP9-1,96000,Southwest,2021Q2,Millions of chained 2017 dollars,6,2587993.9
SQGDP9-1,96000,Southwest,2021Q3,Millions of chained 2017 dollars,6,2611840.2
SQGDP9-1,96000,Southwest,2021Q4,Millions of chained 2017 dollars,6,2650421.0
SQGDP9-1,96000,Southwest,2022Q1,Millions of chained 2017 dollars,6,2652268.2
SQGDP9-1,96000,Southwest,2022Q2,Millions of chained 2017 dollars,6,2654072.6
SQGDP9-1,96000,Southwest,2022Q3,Millions of chained 2017 dollars,6,2694651.7
SQGDP9-1,96000,Southwest,2022Q4,Millions of chained 2017 dollars,6,2748671.0
SQGDP9-1,96000,Southwest,2023Q1,Millions of chained 2017 dollars,6,2825802.7
SQGDP9-1,96000,Southwest,2023Q2,Millions of chained 2017 dollars,6,2866914.3
SQGDP9-1,96000,Southwest,2023Q3,Millions of chained 2017 dollars,6,2909522.8
SQGDP9-1,96000,Southwest,2023Q4,Millions of chained 2017 dollars,6,2945982.9
SQGDP9-1,96000,Southwest,2024Q1,Millions of chained 2017 dollars,6,2947907.2
SQGDP9-1,96000,Southwest,2024Q2,Millions of chained 2017 dollars,6,2986191.7
SQGDP9-1,96000,Southwest,2024Q3,Millions of chained 2017 dollars,6,3021816.1
SQGDP9-1,96000,Southwest,2024Q4,Millions of chained 2017 dollars,6,3040332.8
SQGDP9-1,96000,Southwest,2025Q1,Millions of chained 2017 dollars,6,3016248.8
SQGDP9-1,96000,Southwest,2025Q2,Millions of chained 2017 dollars,6,3060605.2
SQGDP9-1,96000,Southwest,2025Q3,Millions of chained 2017 dollars,6,3092689.7
SQGDP9-1,96000,Southwest,2025Q4,Millions of chained 2017 dollars,6,3102548.3
SQGDP9-1,96000,Southwest,2026Q1,Millions of chained 2017 dollars,6,3110803.8
SQGDP9-1,97000,Rocky Mountain,2005Q1,Millions of chained 2017 dollars,6,507155.3
SQGDP9-1,97000,Rocky Mountain,2005Q2,Millions of chained 2017 dollars,6,510344.0
SQGDP9-1,97000,Rocky Mountain,2005Q3,Millions of chained 2017 dollars,6,513191.0
SQGDP9-1,97000,Rocky Mountain,2005Q4,Millions of chained 2017 dollars,6,513886.9
SQGDP9-1,97000,Rocky Mountain,2006Q1,Millions of chained 2017 dollars,6,526960.8
SQGDP9-1,97000,Rocky Mountain,2006Q2,Millions of chained 2017 dollars,6,529595.8
SQGDP9-1,97000,Rocky Mountain,2006Q3,Millions of chained 2017 dollars,6,535961.9
SQGDP9-1,97000,Rocky Mountain,2006Q4,Millions of chained 2017 dollars,6,540299.8
SQGDP9-1,97000,Rocky Mountain,2007Q1,Millions of chained 2017 dollars,6,546420.6
SQGDP9-1,97000,Rocky Mountain,2007Q2,Millions of chained 2017 dollars,6,554450.4
SQGDP9-1,97000,Rocky Mountain,2007Q3,Millions of chained 2017 dollars,6,557503.3
SQGDP9-1,97000,Rocky Mountain,2007Q4,Millions of chained 2017 dollars,6,565566.8
SQGDP9-1,97000,Rocky Mountain,2008Q1,Millions of chained 2017 dollars,6,561015.0
SQGDP9-1,97000,Rocky Mountain,2008Q2,Millions of chained 2017 dollars,6,566443.1
SQGDP9-1,97000,Rocky Mountain,2008Q3,Millions of chained 2017 dollars,6,565686.7
SQGDP9-1,97000,Rocky Mountain,2008Q4,Millions of chained 2017 dollars,6,560077.6
SQGDP9-1,97000,Rocky Mountain,2009Q1,Millions of chained 2017 dollars,6,557560.3
SQGDP9-1,97000,Rocky Mountain,2009Q2,Millions of chained 2017 dollars,6,546571.2
SQGDP9-1,97000,Rocky Mountain,2009Q3,Millions of chained 2017 dollars,6,547548.7
SQGDP9-1,97000,Rocky Mountain,2009Q4,Millions of chained 2017 dollars,6,547225.7
SQGDP9-1,97000,Rocky Mountain,2010Q1,Millions of chained 2017 dollars,6,551539.5
SQGDP9-1,97000,Rocky Mountain,2010Q2,Millions of chained 2017 dollars,6,552646.4
SQGDP9-1,97000,Rocky Mountain,2010Q3,Millions of chained 2017 dollars,6,559176.5
SQGDP9-1,97000,Rocky Mountain,2010Q4,Millions of chained 2017 dollars,6,566790.7
SQGDP9-1,97000,Rocky Mountain,2011Q1,Millions of chained 2017 dollars,6,563877.3
SQGDP9-1,97000,Rocky Mountain,2011Q2,Millions of chained 2017 dollars,6,566813.8
SQGDP9-1,97000,Rocky Mountain,2011Q3,Millions of chained 2017 dollars,6,567131.1
SQGDP9-1,97000,Rocky Mountain,2011Q4,Millions of chained 2017 dollars,6,572169.8
SQGDP9-1,97000,Rocky Mountain,2012Q1,Millions of chained 2017 dollars,6,573261.1
SQGDP9-1,97000,Rocky Mountain,2012Q2,Millions of chained 2017 dollars,6,574810.3
SQGDP9-1,97000,Rocky Mountain,2012Q3,Millions of chained 2017 dollars,6,573132.5
SQGDP9-1,97000,Rocky Mountain,2012Q4,Millions of chained 2017 dollars,6,576226.4
SQGDP9-1,97000,Rocky Mountain,2013Q1,Millions of chained 2017 dollars,6,588288.2
SQGDP9-1,97000,Rocky Mountain,2013Q2,Millions of chained 2017 dollars,6,590741.6
SQGDP9-1,97000,Rocky Mountain,2013Q3,Millions of chained 2017 dollars,6,597645.0
SQGDP9-1,97000,Rocky Mountain,2013Q4,Millions of chained 2017 dollars,6,602207.8
SQGDP9-1,97000,Rocky Mountain,2014Q1,Millions of chained 2017 dollars,6,605865.0
SQGDP9-1,97000,Rocky Mountain,2014Q2,Millions of chained 2017 dollars,6,613528.9
SQGDP9-1,97000,Rocky Mountain,2014Q3,Millions of chained 2017 dollars,6,621120.4
SQGDP9-1,97000,Rocky Mountain,2014Q4,Millions of chained 2017 dollars,6,629957.0
SQGDP9-1,97000,Rocky Mountain,2015Q1,Millions of chained 2017 dollars,6,637717.8
SQGDP9-1,97000,Rocky Mountain,2015Q2,Millions of chained 2017 dollars,6,639439.4
SQGDP9-1,97000,Rocky Mountain,2015Q3,Millions of chained 2017 dollars,6,643158.3
SQGDP9-1,97000,Rocky Mountain,2015Q4,Millions of chained 2017 dollars,6,645680.9
SQGDP9-1,97000,Rocky Mountain,2016Q1,Millions of chained 2017 dollars,6,647919.8
SQGDP9-1,97000,Rocky Mountain,2016Q2,Millions of chained 2017 dollars,6,649391.2
SQGDP9-1,97000,Rocky Mountain,2016Q3,Millions of chained 2017 dollars,6,658922.3
SQGDP9-1,97000,Rocky Mountain,2016Q4,Millions of chained 2017 dollars,6,666457.0
SQGDP9-1,97000,Rocky Mountain,2017Q1,Millions of chained 2017 dollars,6,669132.0
SQGDP9-1,97000,Rocky Mountain,2017Q2,Millions of chained 2017 dollars,6,675760.5
SQGDP9-1,97000,Rocky Mountain,2017Q3,Millions of chained 2017 dollars,6,685286.8
SQGDP9-1,97000,Rocky Mountain,2017Q4,Millions of chained 2017 dollars,6,695061.2
SQGDP9-1,97000,Rocky Mountain,2018Q1,Millions of chained 2017 dollars,6,707847.0
SQGDP9-1,97000,Rocky Mountain,2018Q2,Millions of chained 2017 dollars,6,709921.9
SQGDP9-1,97000,Rocky Mountain,2018Q3,Millions of chained 2017 dollars,6,712867.5
SQGDP9-1,97000,Rocky Mountain,2018Q4,Millions of chained 2017 dollars,6,718852.1
SQGDP9-1,97000,Rocky Mountain,2019Q1,Millions of chained 2017 dollars,6,732245.6
SQGDP9-1,97000,Rocky Mountain,2019Q2,Millions of chained 2017 dollars,6,739394.3
SQGDP9-1,97000,Rocky Mountain,2019Q3,Millions of chained 2017 dollars,6,755813.9
SQGDP9-1,97000,Rocky Mountain,2019Q4,Millions of chained 2017 dollars,6,758261.3
SQGDP9-1,97000,Rocky Mountain,2020Q1,Millions of chained 2017 dollars,6,753739.4
SQGDP9-1,97000,Rocky Mountain,2020Q2,Millions of chained 2017 dollars,6,706241.8
SQGDP9-1,97000,Rocky Mountain,2020Q3,Millions of chained 2017 dollars,6,755244.8
SQGDP9-1,97000,Rocky Mountain,2020Q4,Millions of chained 2017 dollars,6,765323.0
SQGDP9-1,97000,Rocky Mountain,2021Q1,Millions of chained 2017 dollars,6,782043.4
SQGDP9-1,97000,Rocky Mountain,2021Q2,Millions of chained 2017 dollars,6,791916.3
SQGDP9-1,97000,Rocky Mountain,2021Q3,Millions of chained 2017 dollars,6,798845.0
SQGDP9-1,97000,Rocky Mountain,2021Q4,Millions of chained 2017 dollars,6,815683.3
SQGDP9-1,97000,Rocky Mountain,2022Q1,Millions of chained 2017 dollars,6,822070.1
SQGDP9-1,97000,Rocky Mountain,2022Q2,Millions of chained 2017 dollars,6,819310.7
SQGDP9-1,97000,Rocky Mountain,2022Q3,Millions of chained 2017 dollars,6,827983.5
SQGDP9-1,97000,Rocky Mountain,2022Q4,Millions of chained 2017 dollars,6,837438.5
SQGDP9-1,97000,Rocky Mountain,2023Q1,Millions of chained 2017 dollars,6,847380.8
SQGDP9-1,97000,Rocky Mountain,2023Q2,Millions of chained 2017 dollars,6,855151.5
SQGDP9-1,97000,Rocky Mountain,2023Q3,Millions of chained 2017 dollars,6,865984.9
SQGDP9-1,97000,Rocky Mountain,2023Q4,Millions of chained 2017 dollars,6,872720.3
SQGDP9-1,97000,Rocky Mountain,2024Q1,Millions of chained 2017 dollars,6,870401.3
SQGDP9-1,97000,Rocky Mountain,2024Q2,Millions of chained 2017 dollars,6,881228.9
SQGDP9-1,97000,Rocky Mountain,2024Q3,Millions of chained 2017 dollars,6,888039.0
SQGDP9-1,97000,Rocky Mountain,2024Q4,Millions of chained 2017 dollars,6,893207.9
SQGDP9-1,97000,Rocky Mountain,2025Q1,Millions of chained 2017 dollars,6,891375.0
SQGDP9-1,97000,Rocky Mountain,2025Q2,Millions of chained 2017 dollars,6,899047.5
SQGDP9-1,97000,Rocky Mountain,2025Q3,Millions of chained 2017 dollars,6,908661.2
SQGDP9-1,97000,Rocky Mountain,2025Q4,Millions of chained 2017 dollars,6,911170.5
SQGDP9-1,97000,Rocky Mountain,2026Q1,Millions of chained 2017 dollars,6,914790.2
SQGDP9-1,98000,Far West,2005Q1,Millions of chained 2017 dollars,6,2794447.1
SQGDP9-1,98000,Far West,2005Q2,Millions of chained 2017 dollars,6,2821001.7
SQGDP9-1,98000,Far West,2005Q3,Millions of chained 2017 dollars,6,2850668.8
SQGDP9-1,98000,Far West,2005Q4,Millions of chained 2017 dollars,6,2876982.2
SQGDP9-1,98000,Far West,2006Q1,Millions of chained 2017 dollars,6,2932042.4
SQGDP9-1,98000,Far West,2006Q2,Millions of chained 2017 dollars,6,2931821.8
SQGDP9-1,98000,Far West,2006Q3,Millions of chained 2017 dollars,6,2949643.5
SQGDP9-1,98000,Far West,2006Q4,Millions of chained 2017 dollars,6,2975298.2
SQGDP9-1,98000,Far West,2007Q1,Millions of chained 2017 dollars,6,2963214.9
SQGDP9-1,98000,Far West,2007Q2,Millions of chained 2017 dollars,6,3005506.5
SQGDP9-1,98000,Far West,2007Q3,Millions of chained 2017 dollars,6,3046043.8
SQGDP9-1,98000,Far West,2007Q4,Millions of chained 2017 dollars,6,3093087.0
SQGDP9-1,98000,Far West,2008Q1,Millions of chained 2017 dollars,6,3045952.1
SQGDP9-1,98000,Far West,2008Q2,Millions of chained 2017 dollars,6,3092325.6
SQGDP9-1,98000,Far West,2008Q3,Millions of chained 2017 dollars,6,3093351.0
SQGDP9-1,98000,Far West,2008Q4,Millions of chained 2017 dollars,6,2995020.5
SQGDP9-1,98000,Far West,2009Q1,Millions of chained 2017 dollars,6,2973466.9
SQGDP9-1,98000,Far West,2009Q2,Millions of chained 2017 dollars,6,2939271.5
SQGDP9-1,98000,Far West,2009Q3,Millions of chained 2017 dollars,6,2930983.4
SQGDP9-1,98000,Far West,2009Q4,Millions of chained 2017 dollars,6,2948598.8
SQGDP9-1,98000,Far West,2010Q1,Millions of chained 2017 dollars,6,2973889.4
SQGDP9-1,98000,Far West,2010Q2,Millions of chained 2017 dollars,6,2993726.8
SQGDP9-1,98000,Far West,2010Q3,Millions of chained 2017 dollars,6,3013565.2
SQGDP9-1,98000,Far West,2010Q4,Millions of chained 2017 dollars,6,3061001.6
SQGDP9-1,98000,Far West,2011Q1,Millions of chained 2017 dollars,6,3050582.1
SQGDP9-1,98000,Far West,2011Q2,Millions of chained 2017 dollars,6,3066622.9
SQGDP9-1,98000,Far West,2011Q3,Millions of chained 2017 dollars,6,3060097.0
SQGDP9-1,98000,Far West,2011Q4,Millions of chained 2017 dollars,6,3086802.0
SQGDP9-1,98000,Far West,2012Q1,Millions of chained 2017 dollars,6,3122266.1
SQGDP9-1,98000,Far West,2012Q2,Millions of chained 2017 dollars,6,3137655.8
SQGDP9-1,98000,Far West,2012Q3,Millions of chained 2017 dollars,6,3154159.3
SQGDP9-1,98000,Far West,2012Q4,Millions of chained 2017 dollars,6,3179639.7
SQGDP9-1,98000,Far West,2013Q1,Millions of chained 2017 dollars,6,3191396.8
SQGDP9-1,98000,Far West,2013Q2,Millions of chained 2017 dollars,6,3218105.8
SQGDP9-1,98000,Far West,2013Q3,Millions of chained 2017 dollars,6,3260987.5
SQGDP9-1,98000,Far West,2013Q4,Millions of chained 2017 dollars,6,3326540.2
SQGDP9-1,98000,Far West,2014Q1,Millions of chained 2017 dollars,6,3300331.6
SQGDP9-1,98000,Far West,2014Q2,Millions of chained 2017 dollars,6,3337231.8
SQGDP9-1,98000,Far West,2014Q3,Millions of chained 2017 dollars,6,3397293.7
SQGDP9-1,98000,Far West,2014Q4,Millions of chained 2017 dollars,6,3407268.7
SQGDP9-1,98000,Far West,2015Q1,Millions of chained 2017 dollars,6,3476933.7
SQGDP9-1,98000,Far West,2015Q2,Millions of chained 2017 dollars,6,3517795.9
SQGDP9-1,98000,Far West,2015Q3,Millions of chained 2017 dollars,6,3533987.8
SQGDP9-1,98000,Far West,2015Q4,Millions of chained 2017 dollars,6,3538356.2
SQGDP9-1,98000,Far West,2016Q1,Millions of chained 2017 dollars,6,3595612.4
SQGDP9-1,98000,Far West,2016Q2,Millions of chained 2017 dollars,6,3597026.2
SQGDP9-1,98000,Far West,2016Q3,Millions of chained 2017 dollars,6,3647049.7
SQGDP9-1,98000,Far West,2016Q4,Millions of chained 2017 dollars,6,3677512.7
SQGDP9-1,98000,Far West,2017Q1,Millions of chained 2017 dollars,6,3718731.0
SQGDP9-1,98000,Far West,2017Q2,Millions of chained 2017 dollars,6,3767232.5
SQGDP9-1,98000,Far West,2017Q3,Millions of chained 2017 dollars,6,3823609.1
SQGDP9-1,98000,Far West,2017Q4,Millions of chained 2017 dollars,6,3880189.4
SQGDP9-1,98000,Far West,2018Q1,Millions of chained 2017 dollars,6,3903687.9
SQGDP9-1,98000,Far West,2018Q2,Millions of chained 2017 dollars,6,3938776.3
SQGDP9-1,98000,Far West,2018Q3,Millions of chained 2017 dollars,6,3981719.1
SQGDP9-1,98000,Far West,2018Q4,Millions of chained 2017 dollars,6,4003609.0
SQGDP9-1,98000,Far West,2019Q1,Millions of chained 2017 dollars,6,4041689.0
SQGDP9-1,98000,Far West,2019Q2,Millions of chained 2017 dollars,6,4091015.9
SQGDP9-1,98000,Far West,2019Q3,Millions of chained 2017 dollars,6,4141175.5
SQGDP9-1,98000,Far West,2019Q4,Millions of chained 2017 dollars,6,4187345.4
SQGDP9-1,98000,Far West,2020Q1,Millions of chained 2017 dollars,6,4133004.9
SQGDP9-1,98000,Far West,2020Q2,Millions of chained 2017 dollars,6,3803721.2
SQGDP9-1,98000,Far West,2020Q3,Millions of chained 2017 dollars,6,4106889.0
SQGDP9-1,98000,Far West,2020Q4,Millions of chained 2017 dollars,6,4159076.9
SQGDP9-1,98000,Far West,2021Q1,Millions of chained 2017 dollars,6,4251966.3
SQGDP9-1,98000,Far West,2021Q2,Millions of chained 2017 dollars,6,4327451.2
SQGDP9-1,98000,Far West,2021Q3,Millions of chained 2017 dollars,6,4369710.3
SQGDP9-1,98000,Far West,2021Q4,Millions of chained 2017 dollars,6,4437456.4
SQGDP9-1,98000,Far West,2022Q1,Millions of chained 2017 dollars,6,4379930.0
SQGDP9-1,98000,Far West,2022Q2,Millions of chained 2017 dollars,6,4369115.7
SQGDP9-1,98000,Far West,2022Q3,Millions of chained 2017 dollars,6,4377727.9
SQGDP9-1,98000,Far West,2022Q4,Millions of chained 2017 dollars,6,4380296.9
SQGDP9-1,98000,Far West,2023Q1,Millions of chained 2017 dollars,6,4411316.0
SQGDP9-1,98000,Far West,2023Q2,Millions of chained 2017 dollars,6,4453643.5
SQGDP9-1,98000,Far West,2023Q3,Millions of chained 2017 dollars,6,4506178.6
SQGDP9-1,98000,Far West,2023Q4,Millions of chained 2017 dollars,6,4541655.7
SQGDP9-1,98000,Far West,2024Q1,Millions of chained 2017 dollars,6,4574901.3
SQGDP9-1,98000,Far West,2024Q2,Millions of chained 2017 dollars,6,4606652.1
SQGDP9-1,98000,Far West,2024Q3,Millions of chained 2017 dollars,6,4649588.3
SQGDP9-1,98000,Far West,2024Q4,Millions of chained 2017 dollars,6,4679775.7
SQGDP9-1,98000,Far West,2025Q1,Millions of chained 2017 dollars,6,4674104.5
SQGDP9-1,98000,Far West,2025Q2,Millions of chained 2017 dollars,6,4719587.8
SQGDP9-1,98000,Far West,2025Q3,Millions of chained 2017 dollars,6,4769215.0
SQGDP9-1,98000,Far West,2025Q4,Millions of chained 2017 dollars,6,4776526.7
SQGDP9-1,98000,Far West,2026Q1,Millions of chained 2017 dollars,6,4818406.2
